latitude,longitude,CHELSA_BIO_Annual_Mean_Temperature,CHELSA_BIO_Annual_Precipitation,CHELSA_BIO_Max_Temperature_of_Warmest_Month,CHELSA_BIO_Precipitation_Seasonality,SG_SOC_Content_005cm,SG_Soil_pH_H2O_005cm,SG_Depth_to_bedrock,isric-soil-proportion-of-sand,EarthEnvTopoMed_Elevation,EarthEnvTopoMed_Slope,MODIS_NPP,HumanModification,biomes,HyphalLength_m_cm3_final,log_hyphal_density,location_id
43.43,-80.66,72.49971771,968.5177002,251.4997253,10.69999981,32.31678009,67.48583984,200.0,901.0,367.0,1.420561314,5499.788086,0.628686368,4.0,0.457972973,0.37704709637761635,43.43_-80.66
43.43,-80.66,72.49971771,968.5177002,251.4997253,10.69999981,32.31678009,67.48583984,200.0,901.0,367.0,1.420561314,5499.788086,0.628686368,4.0,1.45722973,0.8990345893716707,43.43_-80.66
43.43,-80.66,72.49971771,968.5177002,251.4997253,10.69999981,32.31678009,67.48583984,200.0,901.0,367.0,1.420561314,5499.788086,0.628686368,4.0,2.521891892,1.2589983145432861,43.43_-80.66
43.43,-80.66,72.49971771,968.5177002,251.4997253,10.69999981,32.31678009,67.48583984,200.0,901.0,367.0,1.420561314,5499.788086,0.628686368,4.0,2.807364865,1.3369373133648164,43.43_-80.66
45.09,-73.37,72.5,1035.888672,254.5167236,21.59665489,63.60334778,59.78820419,200.0,615.0,47.0,0.603660703,5333.614258,0.718343318,4.0,0.130211268,0.12240457808073549,45.09_-73.37
45.09,-73.37,72.5,1035.888672,254.5167236,21.59665489,63.60334778,59.78820419,200.0,615.0,47.0,0.603660703,5333.614258,0.718343318,4.0,0.241760563,0.21653018151232745,45.09_-73.37
45.09,-73.37,72.5,1035.888672,254.5167236,21.59665489,63.60334778,59.78820419,200.0,615.0,47.0,0.603660703,5333.614258,0.718343318,4.0,0.316126761,0.2746931512126964,45.09_-73.37
45.09,-73.37,72.5,1035.888672,254.5167236,21.59665489,63.60334778,59.78820419,200.0,615.0,47.0,0.603660703,5333.614258,0.718343318,4.0,0.44943662,0.3711749430010295,45.09_-73.37
43.54,-80.22,74.5,896.0049438,255.516449,12.39999962,34.98797226,65.79603577,200.0,986.0,336.5,0.864003301,5921.867188,0.655762076,4.0,0.01589404,0.015769052378987677,43.54_-80.22
43.54,-80.22,74.5,896.0049438,255.516449,12.39999962,34.98797226,65.79603577,200.0,986.0,336.5,0.864003301,5921.867188,0.655762076,4.0,0.032450331,0.03193493912693351,43.54_-80.22
43.54,-80.22,74.5,896.0049438,255.516449,12.39999962,34.98797226,65.79603577,200.0,986.0,336.5,0.864003301,5921.867188,0.655762076,4.0,0.032450331,0.03193493912693351,43.54_-80.22
43.54,-80.22,74.5,896.0049438,255.516449,12.39999962,34.98797226,65.79603577,200.0,986.0,336.5,0.864003301,5921.867188,0.655762076,4.0,1.920529801,1.0717650385208106,43.54_-80.22
43.54,-80.22,74.5,896.0049438,255.516449,12.39999962,34.98797226,65.79603577,200.0,986.0,336.5,0.864003301,5921.867188,0.655762076,4.0,2.715231788,1.3124410686863817,43.54_-80.22
43.54,-80.22,74.5,896.0049438,255.516449,12.39999962,34.98797226,65.79603577,200.0,986.0,336.5,0.864003301,5921.867188,0.655762076,4.0,3.57615894,1.520859986865915,43.54_-80.22
45.42,-73.94,69.5,1042.751587,253.5,14.09832764,44.23469543,60.51485443,200.0,826.0,37.5,1.625760794,5840.713379,0.707428277,4.0,0.769784173,0.5708576029927279,45.42_-73.94
45.42,-73.94,69.5,1042.751587,253.5,14.09832764,44.23469543,60.51485443,200.0,826.0,37.5,1.625760794,5840.713379,0.707428277,4.0,0.863309353,0.6223541288275333,45.42_-73.94
45.42,-73.94,69.5,1042.751587,253.5,14.09832764,44.23469543,60.51485443,200.0,826.0,37.5,1.625760794,5840.713379,0.707428277,4.0,0.956834532,0.6713281329741291,45.42_-73.94
45.42,-73.94,69.5,1042.751587,253.5,14.09832764,44.23469543,60.51485443,200.0,826.0,37.5,1.625760794,5840.713379,0.707428277,4.0,0.978417266,0.682297164441334,45.42_-73.94
45.42,-73.94,69.5,1042.751587,253.5,14.09832764,44.23469543,60.51485443,200.0,826.0,37.5,1.625760794,5840.713379,0.707428277,4.0,1.014388489,0.7003156699349864,45.42_-73.94
45.42,-73.94,69.5,1042.751587,253.5,14.09832764,44.23469543,60.51485443,200.0,826.0,37.5,1.625760794,5840.713379,0.707428277,4.0,1.172661871,0.7759530844726548,45.42_-73.94
-36.94,-60.56,142.5,962.878418,276.5,37.20000076,26.99850464,75.64825439,200.0,707.0,178.0,0.110790431,5803.374023,0.687977791,8.0,4.015503876,1.612533890145411,-36.94_-60.56
-35.94,-60.56,154.5,1021.708252,284.5,41.79999924,32.72989273,72.30528259,200.0,1123.0,70.0,0.177699968,5433.983887,0.67647326,8.0,1.730496454,1.0044834439459795,-35.94_-60.56
-35.94,-60.56,154.5,1021.708252,284.5,41.79999924,32.72989273,72.30528259,200.0,1123.0,70.0,0.177699968,5433.983887,0.67647326,8.0,2.673758865,1.3012153518137473,-35.94_-60.56
-35.94,-60.56,154.5,1021.708252,284.5,41.79999924,32.72989273,72.30528259,200.0,1123.0,70.0,0.177699968,5433.983887,0.67647326,8.0,3.546099291,1.5142695665908636,-35.94_-60.56
46.99,7.46,99.43358612,1180.010986,232.4003754,16.99163437,40.83611298,62.03852463,200.0,924.0,510.5,4.402968884,7599.600098,0.794081271,4.0,4.560606061,1.7157071060989892,46.99_7.46
46.99,7.46,99.43358612,1180.010986,232.4003754,16.99163437,40.83611298,62.03852463,200.0,924.0,510.5,4.402968884,7599.600098,0.794081271,4.0,6.234848485,1.9789094179153017,46.99_7.46
46.99,7.46,99.43358612,1180.010986,232.4003754,16.99163437,40.83611298,62.03852463,200.0,924.0,510.5,4.402968884,7599.600098,0.794081271,4.0,8.916666667,2.2942168433571424,46.99_7.46
46.99,7.46,99.43358612,1180.010986,232.4003754,16.99163437,40.83611298,62.03852463,200.0,924.0,510.5,4.402968884,7599.600098,0.794081271,4.0,12.51515152,2.603811390912328,46.99_7.46
41.15,122.58,96.5,727.0050049,287.5,99.19831848,22.57215309,72.29553986,200.0,504.0,5.0,0.235609725,3502.724854,0.73091656,4.0,4.434525547,1.6927722209025018,41.15_122.58
41.15,122.58,96.5,727.0050049,287.5,99.19831848,22.57215309,72.29553986,200.0,504.0,5.0,0.235609725,3502.724854,0.73091656,4.0,4.727737226,1.7453205532568765,41.15_122.58
41.15,122.58,96.5,727.0050049,287.5,99.19831848,22.57215309,72.29553986,200.0,504.0,5.0,0.235609725,3502.724854,0.73091656,4.0,5.570656934,1.8826138174521947,41.15_122.58
48.92,119.03,-1.516528964,333.2203674,250.4834747,105.4999924,27.52669334,72.82192993,200.0,597.0,722.0,0.304494977,2469.686523,0.099233575,8.0,4.321450382,1.6717458943927284,48.92_119.03
48.92,119.03,-1.516528964,333.2203674,250.4834747,105.4999924,27.52669334,72.82192993,200.0,597.0,722.0,0.304494977,2469.686523,0.099233575,8.0,4.340610687,1.675340007294822,48.92_119.03
48.92,119.03,-1.516528964,333.2203674,250.4834747,105.4999924,27.52669334,72.82192993,200.0,597.0,722.0,0.304494977,2469.686523,0.099233575,8.0,4.75259542,1.7496511303604332,48.92_119.03
40.21,116.34,128.4832764,523.7921143,311.4832764,114.3000183,9.949845314,78.7615509,200.0,889.0,59.5,0.730894268,2743.980469,0.845466077,4.0,2.02962963,1.1084403777266219,40.21_116.34
40.21,116.34,128.4832764,523.7921143,311.4832764,114.3000183,9.949845314,78.7615509,200.0,889.0,59.5,0.730894268,2743.980469,0.845466077,4.0,2.97037037,1.378859382539089,40.21_116.34
40.21,116.34,128.4832764,523.7921143,311.4832764,114.3000183,9.949845314,78.7615509,200.0,889.0,59.5,0.730894268,2743.980469,0.845466077,4.0,3.0,1.3862943611198906,40.21_116.34
40.21,116.34,128.4832764,523.7921143,311.4832764,114.3000183,9.949845314,78.7615509,200.0,889.0,59.5,0.730894268,2743.980469,0.845466077,4.0,3.622222222,1.5308755898829214,40.21_116.34
40.21,116.34,128.4832764,523.7921143,311.4832764,114.3000183,9.949845314,78.7615509,200.0,889.0,59.5,0.730894268,2743.980469,0.845466077,4.0,4.237037037,1.6557558874510712,40.21_116.34
40.21,116.34,128.4832764,523.7921143,311.4832764,114.3000183,9.949845314,78.7615509,200.0,889.0,59.5,0.730894268,2743.980469,0.845466077,4.0,5.125925926,1.8125299165973536,40.21_116.34
29.97,113.68,175.5,1555.455078,320.5,48.00332642,21.30543518,67.82218933,200.0,332.0,27.0,0.432751656,4439.888184,0.282050669,4.0,0.743801653,0.5560675879409368,29.97_113.68
29.97,113.68,175.5,1555.455078,320.5,48.00332642,21.30543518,67.82218933,200.0,332.0,27.0,0.432751656,4439.888184,0.282050669,4.0,1.140495868,0.7610375162109048,29.97_113.68
29.97,113.68,175.5,1555.455078,320.5,48.00332642,21.30543518,67.82218933,200.0,332.0,27.0,0.432751656,4439.888184,0.282050669,4.0,1.32231405,0.8425641239149406,29.97_113.68
29.97,113.68,175.5,1555.455078,320.5,48.00332642,21.30543518,67.82218933,200.0,332.0,27.0,0.432751656,4439.888184,0.282050669,4.0,1.694214876,0.9911068357576966,29.97_113.68
29.97,113.68,175.5,1555.455078,320.5,48.00332642,21.30543518,67.82218933,200.0,332.0,27.0,0.432751656,4439.888184,0.282050669,4.0,2.520661157,1.2586488006655872,29.97_113.68
29.97,113.68,175.5,1555.455078,320.5,48.00332642,21.30543518,67.82218933,200.0,332.0,27.0,0.432751656,4439.888184,0.282050669,4.0,3.380165289,1.4770864608909358,29.97_113.68
33.38,-116.62,132.3988037,455.0480652,307.3990784,77.49331665,19.63282013,66.41147614,139.0813293,1318.0,1456.0,6.781199455,4194.76416,0.068524912,12.0,6.64890625,2.034562663760499,33.38_-116.62
33.38,-116.62,132.3988037,455.0480652,307.3990784,77.49331665,19.63282013,66.41147614,139.0813293,1318.0,1456.0,6.781199455,4194.76416,0.068524912,12.0,6.687265625,2.0395651448629954,33.38_-116.62
33.38,-116.62,132.3988037,455.0480652,307.3990784,77.49331665,19.63282013,66.41147614,139.0813293,1318.0,1456.0,6.781199455,4194.76416,0.068524912,12.0,7.97875,2.194860674406874,33.38_-116.62
33.38,-116.62,132.3988037,455.0480652,307.3990784,77.49331665,19.63282013,66.41147614,139.0813293,1318.0,1456.0,6.781199455,4194.76416,0.068524912,12.0,14.83226563,2.762049986203982,33.38_-116.62
-35.67,174.27,148.3162079,1467.285522,223.332901,19.20000076,86.71156311,51.63254166,194.0265198,1008.0,159.0,9.785198212,17167.82227,0.455742836,4.0,5.95,1.9387416595767009,-35.67_174.27
-35.67,174.27,148.3162079,1467.285522,223.332901,19.20000076,86.71156311,51.63254166,194.0265198,1008.0,159.0,9.785198212,17167.82227,0.455742836,4.0,6.014489796,1.9479779804746553,-35.67_174.27
-35.67,174.27,148.3162079,1467.285522,223.332901,19.20000076,86.71156311,51.63254166,194.0265198,1008.0,159.0,9.785198212,17167.82227,0.455742836,4.0,7.482959184,2.1380593493086586,-35.67_174.27
-35.67,174.27,148.3162079,1467.285522,223.332901,19.20000076,86.71156311,51.63254166,194.0265198,1008.0,159.0,9.785198212,17167.82227,0.455742836,4.0,7.581734694,2.149636071852373,-35.67_174.27
-35.67,174.27,148.3162079,1467.285522,223.332901,19.20000076,86.71156311,51.63254166,194.0265198,1008.0,159.0,9.785198212,17167.82227,0.455742836,4.0,8.417142857,2.242531736530733,-35.67_174.27
-35.67,174.27,148.3162079,1467.285522,223.332901,19.20000076,86.71156311,51.63254166,194.0265198,1008.0,159.0,9.785198212,17167.82227,0.455742836,4.0,8.469489796,2.248075029928259,-35.67_174.27
-35.67,174.27,148.3162079,1467.285522,223.332901,19.20000076,86.71156311,51.63254166,194.0265198,1008.0,159.0,9.785198212,17167.82227,0.455742836,4.0,8.728571429,2.2750670641442063,-35.67_174.27
-35.67,174.27,148.3162079,1467.285522,223.332901,19.20000076,86.71156311,51.63254166,194.0265198,1008.0,159.0,9.785198212,17167.82227,0.455742836,4.0,8.739795918,2.276220164457514,-35.67_174.27
-35.67,174.27,148.3162079,1467.285522,223.332901,19.20000076,86.71156311,51.63254166,194.0265198,1008.0,159.0,9.785198212,17167.82227,0.455742836,4.0,11.74663265,2.545267130839982,-35.67_174.27
-35.67,174.27,148.3162079,1467.285522,223.332901,19.20000076,86.71156311,51.63254166,194.0265198,1008.0,159.0,9.785198212,17167.82227,0.455742836,4.0,11.76673469,2.5468429357027293,-35.67_174.27
-35.67,174.27,148.3162079,1467.285522,223.332901,19.20000076,86.71156311,51.63254166,194.0265198,1008.0,159.0,9.785198212,17167.82227,0.455742836,4.0,13.55234694,2.677752282327991,-35.67_174.27
-35.67,174.27,148.3162079,1467.285522,223.332901,19.20000076,86.71156311,51.63254166,194.0265198,1008.0,159.0,9.785198212,17167.82227,0.455742836,4.0,13.56714286,2.6787685035169573,-35.67_174.27
-35.67,174.27,148.3162079,1467.285522,223.332901,19.20000076,86.71156311,51.63254166,194.0265198,1008.0,159.0,9.785198212,17167.82227,0.455742836,4.0,13.83806122,2.6971955836518,-35.67_174.27
-35.67,174.27,148.3162079,1467.285522,223.332901,19.20000076,86.71156311,51.63254166,194.0265198,1008.0,159.0,9.785198212,17167.82227,0.455742836,4.0,13.87846939,2.6999151605388567,-35.67_174.27
-35.67,174.27,148.3162079,1467.285522,223.332901,19.20000076,86.71156311,51.63254166,194.0265198,1008.0,159.0,9.785198212,17167.82227,0.455742836,4.0,14.11469388,2.715667375297255,-35.67_174.27
-35.67,174.27,148.3162079,1467.285522,223.332901,19.20000076,86.71156311,51.63254166,194.0265198,1008.0,159.0,9.785198212,17167.82227,0.455742836,4.0,14.14204082,2.7174750354904518,-35.67_174.27
-35.67,174.27,148.3162079,1467.285522,223.332901,19.20000076,86.71156311,51.63254166,194.0265198,1008.0,159.0,9.785198212,17167.82227,0.455742836,4.0,14.42938776,2.7362739870395725,-35.67_174.27
-35.67,174.27,148.3162079,1467.285522,223.332901,19.20000076,86.71156311,51.63254166,194.0265198,1008.0,159.0,9.785198212,17167.82227,0.455742836,4.0,14.48081633,2.7396016012672906,-35.67_174.27
-35.67,174.27,148.3162079,1467.285522,223.332901,19.20000076,86.71156311,51.63254166,194.0265198,1008.0,159.0,9.785198212,17167.82227,0.455742836,4.0,15.62714286,2.8110364720704077,-35.67_174.27
-35.67,174.27,148.3162079,1467.285522,223.332901,19.20000076,86.71156311,51.63254166,194.0265198,1008.0,159.0,9.785198212,17167.82227,0.455742836,4.0,15.62714286,2.8110364720704077,-35.67_174.27
-35.67,174.27,148.3162079,1467.285522,223.332901,19.20000076,86.71156311,51.63254166,194.0265198,1008.0,159.0,9.785198212,17167.82227,0.455742836,4.0,15.64153061,2.811901414936853,-35.67_174.27
-35.67,174.27,148.3162079,1467.285522,223.332901,19.20000076,86.71156311,51.63254166,194.0265198,1008.0,159.0,9.785198212,17167.82227,0.455742836,4.0,15.65040816,2.812434730240101,-35.67_174.27
-35.67,174.27,148.3162079,1467.285522,223.332901,19.20000076,86.71156311,51.63254166,194.0265198,1008.0,159.0,9.785198212,17167.82227,0.455742836,4.0,17.68704082,2.927830279344004,-35.67_174.27
-35.67,174.27,148.3162079,1467.285522,223.332901,19.20000076,86.71156311,51.63254166,194.0265198,1008.0,159.0,9.785198212,17167.82227,0.455742836,4.0,17.68704082,2.927830279344004,-35.67_174.27
-35.67,174.27,148.3162079,1467.285522,223.332901,19.20000076,86.71156311,51.63254166,194.0265198,1008.0,159.0,9.785198212,17167.82227,0.455742836,4.0,17.69479592,2.9282451920817163,-35.67_174.27
-35.67,174.27,148.3162079,1467.285522,223.332901,19.20000076,86.71156311,51.63254166,194.0265198,1008.0,159.0,9.785198212,17167.82227,0.455742836,4.0,17.72530612,2.9298758774672495,-35.67_174.27
-35.67,174.27,148.3162079,1467.285522,223.332901,19.20000076,86.71156311,51.63254166,194.0265198,1008.0,159.0,9.785198212,17167.82227,0.455742836,4.0,19.20734694,3.0060462481817365,-35.67_174.27
-35.67,174.27,148.3162079,1467.285522,223.332901,19.20000076,86.71156311,51.63254166,194.0265198,1008.0,159.0,9.785198212,17167.82227,0.455742836,4.0,19.24408163,3.00786248564957,-35.67_174.27
-35.67,174.27,148.3162079,1467.285522,223.332901,19.20000076,86.71156311,51.63254166,194.0265198,1008.0,159.0,9.785198212,17167.82227,0.455742836,4.0,20.04928571,3.0468666265360254,-35.67_174.27
-35.67,174.27,148.3162079,1467.285522,223.332901,19.20000076,86.71156311,51.63254166,194.0265198,1008.0,159.0,9.785198212,17167.82227,0.455742836,4.0,20.08244898,3.04844089244713,-35.67_174.27
-35.67,174.27,148.3162079,1467.285522,223.332901,19.20000076,86.71156311,51.63254166,194.0265198,1008.0,159.0,9.785198212,17167.82227,0.455742836,4.0,21.29071429,3.1041701921961367,-35.67_174.27
-35.67,174.27,148.3162079,1467.285522,223.332901,19.20000076,86.71156311,51.63254166,194.0265198,1008.0,159.0,9.785198212,17167.82227,0.455742836,4.0,21.32795918,3.1058396680345712,-35.67_174.27
-35.67,174.27,148.3162079,1467.285522,223.332901,19.20000076,86.71156311,51.63254166,194.0265198,1008.0,159.0,9.785198212,17167.82227,0.455742836,4.0,21.55030612,3.1157486410228428,-35.67_174.27
-35.67,174.27,148.3162079,1467.285522,223.332901,19.20000076,86.71156311,51.63254166,194.0265198,1008.0,159.0,9.785198212,17167.82227,0.455742836,4.0,21.61540816,3.1186314509650384,-35.67_174.27
-35.67,174.27,148.3162079,1467.285522,223.332901,19.20000076,86.71156311,51.63254166,194.0265198,1008.0,159.0,9.785198212,17167.82227,0.455742836,4.0,22.17061224,3.142884761919092,-35.67_174.27
-35.67,174.27,148.3162079,1467.285522,223.332901,19.20000076,86.71156311,51.63254166,194.0265198,1008.0,159.0,9.785198212,17167.82227,0.455742836,4.0,22.21428571,3.1447678525298635,-35.67_174.27
30.63,110.3,118.532486,1760.333374,255.532486,55.89664078,36.56242371,57.26813126,200.0,575.0,1287.5,5.333442688,6672.945801,0.496198356,1.0,0.985862069,0.6860531115494711,30.63_110.3
30.63,110.3,118.532486,1760.333374,255.532486,55.89664078,36.56242371,57.26813126,200.0,575.0,1287.5,5.333442688,6672.945801,0.496198356,1.0,1.908706897,1.0677086171317907,30.63_110.3
30.63,110.3,118.532486,1760.333374,255.532486,55.89664078,36.56242371,57.26813126,200.0,575.0,1287.5,5.333442688,6672.945801,0.496198356,1.0,5.663189655,1.8965982970804587,30.63_110.3
30.63,110.3,118.532486,1760.333374,255.532486,55.89664078,36.56242371,57.26813126,200.0,575.0,1287.5,5.333442688,6672.945801,0.496198356,1.0,6.544137931,2.0207708287006,30.63_110.3
-21.0,-68.55,43.53314209,337.5125427,142.5167236,114.698349,17.35449791,78.47238159,155.7927551,1110.0,4128.0,1.719842672,1222.740967,0.103742525,10.0,0.335461538,0.28927695345267246,-21.0_-68.55
-21.0,-68.55,43.53314209,337.5125427,142.5167236,114.698349,17.35449791,78.47238159,155.7927551,1110.0,4128.0,1.719842672,1222.740967,0.103742525,10.0,2.927846154,1.3680912232282472,-21.0_-68.55
-21.0,-68.55,43.53314209,337.5125427,142.5167236,114.698349,17.35449791,78.47238159,155.7927551,1110.0,4128.0,1.719842672,1222.740967,0.103742525,10.0,3.039615385,1.396149485708413,-21.0_-68.55
-21.0,-68.55,43.53314209,337.5125427,142.5167236,114.698349,17.35449791,78.47238159,155.7927551,1110.0,4128.0,1.719842672,1222.740967,0.103742525,10.0,3.598769231,1.525788709216633,-21.0_-68.55
-21.0,-68.55,43.53314209,337.5125427,142.5167236,114.698349,17.35449791,78.47238159,155.7927551,1110.0,4128.0,1.719842672,1222.740967,0.103742525,10.0,15.38461538,2.796342807966198,-21.0_-68.55
-20.42,-69.73,191.5167236,3.200000048,295.5167236,100.8000031,9.005178452,86.24222565,173.1620483,1112.0,1001.0,0.131052047,2035.311279,0.071943276,13.0,12.33572464,2.590446497364897,-20.42_-69.73
-20.26,-68.87,64.48358154,250.3705902,144.5000153,119.0950394,18.10565376,78.8086319,143.9564209,1132.0,3794.0,0.742452323,1780.400024,0.064727403,10.0,0.12488189,0.11767804347823094,-20.26_-68.87
-20.26,-68.87,64.48358154,250.3705902,144.5000153,119.0950394,18.10565376,78.8086319,143.9564209,1132.0,3794.0,0.742452323,1780.400024,0.064727403,10.0,0.374645669,0.3181960026366752,-20.26_-68.87
-20.26,-68.87,64.48358154,250.3705902,144.5000153,119.0950394,18.10565376,78.8086319,143.9564209,1132.0,3794.0,0.742452323,1780.400024,0.064727403,10.0,0.457874016,0.3769792210738633,-20.26_-68.87
-20.26,-68.87,64.48358154,250.3705902,144.5000153,119.0950394,18.10565376,78.8086319,143.9564209,1132.0,3794.0,0.742452323,1780.400024,0.064727403,10.0,0.790866142,0.582699381033643,-20.26_-68.87
-20.26,-68.87,64.48358154,250.3705902,144.5000153,119.0950394,18.10565376,78.8086319,143.9564209,1132.0,3794.0,0.742452323,1780.400024,0.064727403,10.0,0.978188976,0.6821817675651779,-20.26_-68.87
-20.26,-68.87,64.48358154,250.3705902,144.5000153,119.0950394,18.10565376,78.8086319,143.9564209,1132.0,3794.0,0.742452323,1780.400024,0.064727403,10.0,1.082204724,0.7334272958101441,-20.26_-68.87
-20.26,-68.87,64.48358154,250.3705902,144.5000153,119.0950394,18.10565376,78.8086319,143.9564209,1132.0,3794.0,0.742452323,1780.400024,0.064727403,10.0,1.373622047,0.8644170783739871,-20.26_-68.87
-20.26,-68.87,64.48358154,250.3705902,144.5000153,119.0950394,18.10565376,78.8086319,143.9564209,1132.0,3794.0,0.742452323,1780.400024,0.064727403,10.0,1.560944882,0.9403762849240906,-20.26_-68.87
-20.26,-68.87,64.48358154,250.3705902,144.5000153,119.0950394,18.10565376,78.8086319,143.9564209,1132.0,3794.0,0.742452323,1780.400024,0.064727403,10.0,1.602519685,0.9564800853592648,-20.26_-68.87
-20.26,-68.87,64.48358154,250.3705902,144.5000153,119.0950394,18.10565376,78.8086319,143.9564209,1132.0,3794.0,0.742452323,1780.400024,0.064727403,10.0,2.705590551,1.3098426390287945,-20.26_-68.87
-20.26,-68.87,64.48358154,250.3705902,144.5000153,119.0950394,18.10565376,78.8086319,143.9564209,1132.0,3794.0,0.742452323,1780.400024,0.064727403,10.0,4.589133858,1.7208243302601964,-20.26_-68.87
-19.84,-68.85,51.44958115,405.3075256,136.4665833,120.3983002,13.86270428,76.52088928,158.096283,1194.0,4111.5,1.706099033,1692.897217,0.067226082,10.0,0.67664,0.5167917907444946,-19.84_-68.85
-19.84,-68.85,51.44958115,405.3075256,136.4665833,120.3983002,13.86270428,76.52088928,158.096283,1194.0,4111.5,1.706099033,1692.897217,0.067226082,10.0,0.82464,0.6013827073021154,-19.84_-68.85
-19.84,-68.85,51.44958115,405.3075256,136.4665833,120.3983002,13.86270428,76.52088928,158.096283,1194.0,4111.5,1.706099033,1692.897217,0.067226082,10.0,3.14008,1.4207151113220209,-19.84_-68.85
-19.74,-69.87,189.5167236,5.403342247,270.5167236,99.27014923,5.861284733,84.30016327,200.0,1042.0,1143.0,0.087503679,1520.199951,0.013484095,13.0,42.55833333,3.77410103585435,-19.74_-69.87
40.05,-3.52,160.4667969,368.0585022,334.4832764,43.20331955,13.29169273,77.88432312,200.0,835.0,502.0,0.41354081,4566.067871,0.584102094,12.0,0.416805556,0.348404728992067,40.05_-3.52
40.05,-3.52,160.4667969,368.0585022,334.4832764,43.20331955,13.29169273,77.88432312,200.0,835.0,502.0,0.41354081,4566.067871,0.584102094,12.0,0.571944444,0.452313352415587,40.05_-3.52
40.05,-3.52,160.4667969,368.0585022,334.4832764,43.20331955,13.29169273,77.88432312,200.0,835.0,502.0,0.41354081,4566.067871,0.584102094,12.0,0.584166667,0.4600585069227531,40.05_-3.52
40.05,-3.52,160.4667969,368.0585022,334.4832764,43.20331955,13.29169273,77.88432312,200.0,835.0,502.0,0.41354081,4566.067871,0.584102094,12.0,0.945208333,0.6653690834165823,40.05_-3.52
40.05,-3.52,160.4667969,368.0585022,334.4832764,43.20331955,13.29169273,77.88432312,200.0,835.0,502.0,0.41354081,4566.067871,0.584102094,12.0,0.9525,0.669110602731704,40.05_-3.52
40.05,-3.52,160.4667969,368.0585022,334.4832764,43.20331955,13.29169273,77.88432312,200.0,835.0,502.0,0.41354081,4566.067871,0.584102094,12.0,1.283194444,0.8255755343107047,40.05_-3.52
42.03,116.28,37.51673126,377.6148987,248.4999237,104.7000275,26.39584923,80.686409,200.0,1120.0,1343.0,0.904352129,2077.007568,0.39812845,8.0,0.801094891,0.5883947527569959,42.03_116.28
42.03,116.28,37.51673126,377.6148987,248.4999237,104.7000275,26.39584923,80.686409,200.0,1120.0,1343.0,0.904352129,2077.007568,0.39812845,8.0,0.811386861,0.5940927734268284,42.03_116.28
42.03,116.28,37.51673126,377.6148987,248.4999237,104.7000275,26.39584923,80.686409,200.0,1120.0,1343.0,0.904352129,2077.007568,0.39812845,8.0,0.841240876,0.6104397334531653,42.03_116.28
42.03,116.28,37.51673126,377.6148987,248.4999237,104.7000275,26.39584923,80.686409,200.0,1120.0,1343.0,0.904352129,2077.007568,0.39812845,8.0,0.851751825,0.6161321234649814,42.03_116.28
45.75,126.92,43.4834671,558.604248,266.4999084,103.8000031,34.33571243,63.79076004,200.0,485.0,164.5,1.076332092,3494.409424,0.769722939,4.0,1.305309735,0.8352150426922135,45.75_126.92
45.75,126.92,43.4834671,558.604248,266.4999084,103.8000031,34.33571243,63.79076004,200.0,485.0,164.5,1.076332092,3494.409424,0.769722939,4.0,1.651946903,0.9752940506299707,45.75_126.92
45.75,126.92,43.4834671,558.604248,266.4999084,103.8000031,34.33571243,63.79076004,200.0,485.0,164.5,1.076332092,3494.409424,0.769722939,4.0,1.769911504,1.018815371674458,45.75_126.92
45.75,126.92,43.4834671,558.604248,266.4999084,103.8000031,34.33571243,63.79076004,200.0,485.0,164.5,1.076332092,3494.409424,0.769722939,4.0,1.98380531,1.0931994355749208,45.75_126.92
45.75,126.92,43.4834671,558.604248,266.4999084,103.8000031,34.33571243,63.79076004,200.0,485.0,164.5,1.076332092,3494.409424,0.769722939,4.0,2.330353982,1.203078599243713,45.75_126.92
45.75,126.92,43.4834671,558.604248,266.4999084,103.8000031,34.33571243,63.79076004,200.0,485.0,164.5,1.076332092,3494.409424,0.769722939,4.0,2.595840708,1.2797778186315698,45.75_126.92
45.75,126.92,43.4834671,558.604248,266.4999084,103.8000031,34.33571243,63.79076004,200.0,485.0,164.5,1.076332092,3494.409424,0.769722939,4.0,2.743362832,1.3199843603717625,45.75_126.92
45.75,126.92,43.4834671,558.604248,266.4999084,103.8000031,34.33571243,63.79076004,200.0,485.0,164.5,1.076332092,3494.409424,0.769722939,4.0,3.399734513,1.4815442011492623,45.75_126.92
43.86,87.0,70.58350372,310.9242859,278.6005249,49.58656693,32.06658173,81.22851563,198.5882416,599.0,985.5,5.397688866,1092.571777,0.222410902,10.0,1.6522,0.9753894842613615,43.86_87.0
43.86,87.0,70.58350372,310.9242859,278.6005249,49.58656693,32.06658173,81.22851563,198.5882416,599.0,985.5,5.397688866,1092.571777,0.222410902,10.0,1.7391,1.007629399289543,43.86_87.0
43.86,87.0,70.58350372,310.9242859,278.6005249,49.58656693,32.06658173,81.22851563,198.5882416,599.0,985.5,5.397688866,1092.571777,0.222410902,10.0,2.029,1.1082325320451,43.86_87.0
43.86,87.0,70.58350372,310.9242859,278.6005249,49.58656693,32.06658173,81.22851563,198.5882416,599.0,985.5,5.397688866,1092.571777,0.222410902,10.0,2.4058,1.2254798606103672,43.86_87.0
43.86,87.0,70.58350372,310.9242859,278.6005249,49.58656693,32.06658173,81.22851563,198.5882416,599.0,985.5,5.397688866,1092.571777,0.222410902,10.0,2.4638,1.2423662523128058,43.86_87.0
43.86,87.0,70.58350372,310.9242859,278.6005249,49.58656693,32.06658173,81.22851563,198.5882416,599.0,985.5,5.397688866,1092.571777,0.222410902,10.0,2.5507,1.267144767147884,43.86_87.0
43.86,87.0,70.58350372,310.9242859,278.6005249,49.58656693,32.06658173,81.22851563,198.5882416,599.0,985.5,5.397688866,1092.571777,0.222410902,10.0,2.7246,1.3149594635152684,43.86_87.0
43.86,87.0,70.58350372,310.9242859,278.6005249,49.58656693,32.06658173,81.22851563,198.5882416,599.0,985.5,5.397688866,1092.571777,0.222410902,10.0,2.8406,1.3456286043938757,43.86_87.0
43.86,87.0,70.58350372,310.9242859,278.6005249,49.58656693,32.06658173,81.22851563,198.5882416,599.0,985.5,5.397688866,1092.571777,0.222410902,10.0,3.0435,1.3971106535537396,43.86_87.0
43.86,87.0,70.58350372,310.9242859,278.6005249,49.58656693,32.06658173,81.22851563,198.5882416,599.0,985.5,5.397688866,1092.571777,0.222410902,10.0,3.1014,1.4113283788395323,43.86_87.0
43.86,87.0,70.58350372,310.9242859,278.6005249,49.58656693,32.06658173,81.22851563,198.5882416,599.0,985.5,5.397688866,1092.571777,0.222410902,10.0,3.2174,1.4392188244277777,43.86_87.0
43.86,87.0,70.58350372,310.9242859,278.6005249,49.58656693,32.06658173,81.22851563,198.5882416,599.0,985.5,5.397688866,1092.571777,0.222410902,10.0,3.2174,1.4392188244277777,43.86_87.0
43.86,87.0,70.58350372,310.9242859,278.6005249,49.58656693,32.06658173,81.22851563,198.5882416,599.0,985.5,5.397688866,1092.571777,0.222410902,10.0,3.3623,1.4729994412054126,43.86_87.0
43.86,87.0,70.58350372,310.9242859,278.6005249,49.58656693,32.06658173,81.22851563,198.5882416,599.0,985.5,5.397688866,1092.571777,0.222410902,10.0,3.4203,1.4862075670894859,43.86_87.0
43.86,87.0,70.58350372,310.9242859,278.6005249,49.58656693,32.06658173,81.22851563,198.5882416,599.0,985.5,5.397688866,1092.571777,0.222410902,10.0,3.4783,1.4992435101263888,43.86_87.0
43.86,87.0,70.58350372,310.9242859,278.6005249,49.58656693,32.06658173,81.22851563,198.5882416,599.0,985.5,5.397688866,1092.571777,0.222410902,10.0,3.4783,1.4992435101263888,43.86_87.0
43.86,87.0,70.58350372,310.9242859,278.6005249,49.58656693,32.06658173,81.22851563,198.5882416,599.0,985.5,5.397688866,1092.571777,0.222410902,10.0,3.6232,1.5310871060214313,43.86_87.0
43.86,87.0,70.58350372,310.9242859,278.6005249,49.58656693,32.06658173,81.22851563,198.5882416,599.0,985.5,5.397688866,1092.571777,0.222410902,10.0,3.6522,1.5373402259936702,43.86_87.0
43.86,87.0,70.58350372,310.9242859,278.6005249,49.58656693,32.06658173,81.22851563,198.5882416,599.0,985.5,5.397688866,1092.571777,0.222410902,10.0,3.7971,1.5680115686649543,43.86_87.0
43.86,87.0,70.58350372,310.9242859,278.6005249,49.58656693,32.06658173,81.22851563,198.5882416,599.0,985.5,5.397688866,1092.571777,0.222410902,10.0,3.8551,1.5800296988535145,43.86_87.0
43.86,87.0,70.58350372,310.9242859,278.6005249,49.58656693,32.06658173,81.22851563,198.5882416,599.0,985.5,5.397688866,1092.571777,0.222410902,10.0,3.8551,1.5800296988535145,43.86_87.0
43.86,87.0,70.58350372,310.9242859,278.6005249,49.58656693,32.06658173,81.22851563,198.5882416,599.0,985.5,5.397688866,1092.571777,0.222410902,10.0,4.1159,1.632353337004841,43.86_87.0
43.86,87.0,70.58350372,310.9242859,278.6005249,49.58656693,32.06658173,81.22851563,198.5882416,599.0,985.5,5.397688866,1092.571777,0.222410902,10.0,4.2319,1.654774500822392,43.86_87.0
43.86,87.0,70.58350372,310.9242859,278.6005249,49.58656693,32.06658173,81.22851563,198.5882416,599.0,985.5,5.397688866,1092.571777,0.222410902,10.0,4.3188,1.6712477140004138,43.86_87.0
43.86,87.0,70.58350372,310.9242859,278.6005249,49.58656693,32.06658173,81.22851563,198.5882416,599.0,985.5,5.397688866,1092.571777,0.222410902,10.0,4.4348,1.6928227213680316,43.86_87.0
43.86,87.0,70.58350372,310.9242859,278.6005249,49.58656693,32.06658173,81.22851563,198.5882416,599.0,985.5,5.397688866,1092.571777,0.222410902,10.0,4.5797,1.7191350115070536,43.86_87.0
43.86,87.0,70.58350372,310.9242859,278.6005249,49.58656693,32.06658173,81.22851563,198.5882416,599.0,985.5,5.397688866,1092.571777,0.222410902,10.0,4.6957,1.7397115041833127,43.86_87.0
43.86,87.0,70.58350372,310.9242859,278.6005249,49.58656693,32.06658173,81.22851563,198.5882416,599.0,985.5,5.397688866,1092.571777,0.222410902,10.0,4.7246,1.7447726780037183,43.86_87.0
43.86,87.0,70.58350372,310.9242859,278.6005249,49.58656693,32.06658173,81.22851563,198.5882416,599.0,985.5,5.397688866,1092.571777,0.222410902,10.0,4.8406,1.764833531288799,43.86_87.0
43.86,87.0,70.58350372,310.9242859,278.6005249,49.58656693,32.06658173,81.22851563,198.5882416,599.0,985.5,5.397688866,1092.571777,0.222410902,10.0,4.9565,1.7844830602572788,43.86_87.0
43.86,87.0,70.58350372,310.9242859,278.6005249,49.58656693,32.06658173,81.22851563,198.5882416,599.0,985.5,5.397688866,1092.571777,0.222410902,10.0,5.3913,1.8549376905772463,43.86_87.0
43.86,87.0,70.58350372,310.9242859,278.6005249,49.58656693,32.06658173,81.22851563,198.5882416,599.0,985.5,5.397688866,1092.571777,0.222410902,10.0,6.087,1.958262119828119,43.86_87.0
43.86,87.0,70.58350372,310.9242859,278.6005249,49.58656693,32.06658173,81.22851563,198.5882416,599.0,985.5,5.397688866,1092.571777,0.222410902,10.0,6.087,1.958262119828119,43.86_87.0
43.86,87.0,70.58350372,310.9242859,278.6005249,49.58656693,32.06658173,81.22851563,198.5882416,599.0,985.5,5.397688866,1092.571777,0.222410902,10.0,7.1014,2.0920368862495393,43.86_87.0
43.86,87.0,70.58350372,310.9242859,278.6005249,49.58656693,32.06658173,81.22851563,198.5882416,599.0,985.5,5.397688866,1092.571777,0.222410902,10.0,7.7971,2.1744221217175794,43.86_87.0
43.86,87.0,70.58350372,310.9242859,278.6005249,49.58656693,32.06658173,81.22851563,198.5882416,599.0,985.5,5.397688866,1092.571777,0.222410902,10.0,7.8551,2.180993564225802,43.86_87.0
43.86,87.0,70.58350372,310.9242859,278.6005249,49.58656693,32.06658173,81.22851563,198.5882416,599.0,985.5,5.397688866,1092.571777,0.222410902,10.0,8.1739,2.216362495744958,43.86_87.0
43.86,87.0,70.58350372,310.9242859,278.6005249,49.58656693,32.06658173,81.22851563,198.5882416,599.0,985.5,5.397688866,1092.571777,0.222410902,10.0,8.3478,2.2351410214969447,43.86_87.0
43.86,87.0,70.58350372,310.9242859,278.6005249,49.58656693,32.06658173,81.22851563,198.5882416,599.0,985.5,5.397688866,1092.571777,0.222410902,10.0,11.5652,2.5309310880992797,43.86_87.0
39.6,116.3,133.4997253,510.7167358,317.5,114.5033264,9.359196663,81.41415405,200.0,892.0,33.0,0.110790431,3344.243408,0.832556725,4.0,1.050218978,0.7179466059822085,39.6_116.3
39.6,116.3,133.4997253,510.7167358,317.5,114.5033264,9.359196663,81.41415405,200.0,892.0,33.0,0.110790431,3344.243408,0.832556725,4.0,1.646861314,0.9733745282191765,39.6_116.3
39.6,116.3,133.4997253,510.7167358,317.5,114.5033264,9.359196663,81.41415405,200.0,892.0,33.0,0.110790431,3344.243408,0.832556725,4.0,1.849270073,1.0470628467407368,39.6_116.3
39.6,116.3,133.4997253,510.7167358,317.5,114.5033264,9.359196663,81.41415405,200.0,892.0,33.0,0.110790431,3344.243408,0.832556725,4.0,3.119270073,1.4156759809179802,39.6_116.3
44.51,-110.81,13.49925613,886.3998413,216.4994965,19.49830246,54.32332611,53.95941162,199.875,1057.0,2404.0,4.672935486,2548.361084,0.000526898,5.0,5.413214286,1.8583605939231533,44.51_-110.81
44.51,-110.81,13.49925613,886.3998413,216.4994965,19.49830246,54.32332611,53.95941162,199.875,1057.0,2404.0,4.672935486,2548.361084,0.000526898,5.0,5.532053571,1.8767213763911832,44.51_-110.81
44.51,-110.81,13.49925613,886.3998413,216.4994965,19.49830246,54.32332611,53.95941162,199.875,1057.0,2404.0,4.672935486,2548.361084,0.000526898,5.0,5.533214286,1.8768990558717356,44.51_-110.81
44.51,-110.81,13.49925613,886.3998413,216.4994965,19.49830246,54.32332611,53.95941162,199.875,1057.0,2404.0,4.672935486,2548.361084,0.000526898,5.0,5.576785714,1.8835461326724274,44.51_-110.81
44.51,-110.81,13.49925613,886.3998413,216.4994965,19.49830246,54.32332611,53.95941162,199.875,1057.0,2404.0,4.672935486,2548.361084,0.000526898,5.0,5.653214286,1.895100089169357,44.51_-110.81
44.51,-110.81,13.49925613,886.3998413,216.4994965,19.49830246,54.32332611,53.95941162,199.875,1057.0,2404.0,4.672935486,2548.361084,0.000526898,5.0,6.773660714,2.050741187793543,44.51_-110.81
44.51,-110.81,13.49925613,886.3998413,216.4994965,19.49830246,54.32332611,53.95941162,199.875,1057.0,2404.0,4.672935486,2548.361084,0.000526898,5.0,7.193125,2.1032953879699368,44.51_-110.81
44.51,-110.81,13.49925613,886.3998413,216.4994965,19.49830246,54.32332611,53.95941162,199.875,1057.0,2404.0,4.672935486,2548.361084,0.000526898,5.0,7.231964286,2.108024660086963,44.51_-110.81
44.51,-110.81,13.49925613,886.3998413,216.4994965,19.49830246,54.32332611,53.95941162,199.875,1057.0,2404.0,4.672935486,2548.361084,0.000526898,5.0,8.978125,2.3003951969210097,44.51_-110.81
44.51,-110.81,13.49925613,886.3998413,216.4994965,19.49830246,54.32332611,53.95941162,199.875,1057.0,2404.0,4.672935486,2548.361084,0.000526898,5.0,9.625,2.3632097148104805,44.51_-110.81
44.51,-110.81,13.49925613,886.3998413,216.4994965,19.49830246,54.32332611,53.95941162,199.875,1057.0,2404.0,4.672935486,2548.361084,0.000526898,5.0,10.99098214,2.4841548789457657,44.51_-110.81
44.51,-110.81,13.49925613,886.3998413,216.4994965,19.49830246,54.32332611,53.95941162,199.875,1057.0,2404.0,4.672935486,2548.361084,0.000526898,5.0,11.41848214,2.5191858580868853,44.51_-110.81
31.2,110.12,134.8018646,1618.67334,264.818573,60.8999939,25.97861862,61.63753128,198.0250854,619.0,1084.5,15.2294178,6558.822266,0.542373478,4.0,0.053870968,0.05247002137270552,31.2_110.12
31.2,110.12,134.8018646,1618.67334,264.818573,60.8999939,25.97861862,61.63753128,198.0250854,619.0,1084.5,15.2294178,6558.822266,0.542373478,4.0,0.088548387,0.08484505362132151,31.2_110.12
31.2,110.12,134.8018646,1618.67334,264.818573,60.8999939,25.97861862,61.63753128,198.0250854,619.0,1084.5,15.2294178,6558.822266,0.542373478,4.0,0.108064516,0.10261481406676377,31.2_110.12
31.2,110.12,134.8018646,1618.67334,264.818573,60.8999939,25.97861862,61.63753128,198.0250854,619.0,1084.5,15.2294178,6558.822266,0.542373478,4.0,0.116209677,0.10993872892787829,31.2_110.12
31.2,110.12,134.8018646,1618.67334,264.818573,60.8999939,25.97861862,61.63753128,198.0250854,619.0,1084.5,15.2294178,6558.822266,0.542373478,4.0,0.120241935,0.11354467537232668,31.2_110.12
-35.0,-58.83,162.5331421,1089.898438,290.5,31.69832802,29.06978989,63.11203384,200.0,387.0,32.0,0.097832069,7500.540039,0.751164258,8.0,15.43,2.799108932049177,-35.0_-58.83
-35.0,-58.83,162.5331421,1089.898438,290.5,31.69832802,29.06978989,63.11203384,200.0,387.0,32.0,0.097832069,7500.540039,0.751164258,8.0,16.02,2.834389123145228,-35.0_-58.83
47.46,7.52,80.75075531,1180.796875,210.8338776,13.80334663,78.51257324,56.63703918,197.3590393,428.0,772.0,16.16730118,8621.65625,0.521887541,4.0,3.383823529,1.4779212954139909,47.46_7.52
47.46,7.52,80.75075531,1180.796875,210.8338776,13.80334663,78.51257324,56.63703918,197.3590393,428.0,772.0,16.16730118,8621.65625,0.521887541,4.0,3.416176471,1.485274269906418,47.46_7.52
47.46,7.52,80.75075531,1180.796875,210.8338776,13.80334663,78.51257324,56.63703918,197.3590393,428.0,772.0,16.16730118,8621.65625,0.521887541,4.0,3.567254902,1.5189123465275236,47.46_7.52
47.46,7.52,80.75075531,1180.796875,210.8338776,13.80334663,78.51257324,56.63703918,197.3590393,428.0,772.0,16.16730118,8621.65625,0.521887541,4.0,3.569117647,1.519320111210021,47.46_7.52
47.46,7.52,80.75075531,1180.796875,210.8338776,13.80334663,78.51257324,56.63703918,197.3590393,428.0,772.0,16.16730118,8621.65625,0.521887541,4.0,4.436666667,1.693166128026125,47.46_7.52
47.46,7.52,80.75075531,1180.796875,210.8338776,13.80334663,78.51257324,56.63703918,197.3590393,428.0,772.0,16.16730118,8621.65625,0.521887541,4.0,4.445686275,1.694823786092066,47.46_7.52
47.46,7.52,80.75075531,1180.796875,210.8338776,13.80334663,78.51257324,56.63703918,197.3590393,428.0,772.0,16.16730118,8621.65625,0.521887541,4.0,4.612254902,1.7249525820925378,47.46_7.52
47.46,7.52,80.75075531,1180.796875,210.8338776,13.80334663,78.51257324,56.63703918,197.3590393,428.0,772.0,16.16730118,8621.65625,0.521887541,4.0,4.617058824,1.7258081859896734,47.46_7.52
47.46,7.52,80.75075531,1180.796875,210.8338776,13.80334663,78.51257324,56.63703918,197.3590393,428.0,772.0,16.16730118,8621.65625,0.521887541,4.0,4.659901961,1.733406570686983,47.46_7.52
47.46,7.52,80.75075531,1180.796875,210.8338776,13.80334663,78.51257324,56.63703918,197.3590393,428.0,772.0,16.16730118,8621.65625,0.521887541,4.0,4.960392157,1.7851362770670172,47.46_7.52
47.46,7.52,80.75075531,1180.796875,210.8338776,13.80334663,78.51257324,56.63703918,197.3590393,428.0,772.0,16.16730118,8621.65625,0.521887541,4.0,4.96254902,1.785498077564312,47.46_7.52
47.46,7.52,80.75075531,1180.796875,210.8338776,13.80334663,78.51257324,56.63703918,197.3590393,428.0,772.0,16.16730118,8621.65625,0.521887541,4.0,4.963137255,1.785596727652351,47.46_7.52
47.46,7.52,80.75075531,1180.796875,210.8338776,13.80334663,78.51257324,56.63703918,197.3590393,428.0,772.0,16.16730118,8621.65625,0.521887541,4.0,4.982058824,1.7887647936599094,47.46_7.52
47.46,7.52,80.75075531,1180.796875,210.8338776,13.80334663,78.51257324,56.63703918,197.3590393,428.0,772.0,16.16730118,8621.65625,0.521887541,4.0,5.074803922,1.804149712491732,47.46_7.52
47.46,7.52,80.75075531,1180.796875,210.8338776,13.80334663,78.51257324,56.63703918,197.3590393,428.0,772.0,16.16730118,8621.65625,0.521887541,4.0,5.088823529,1.8064548822718165,47.46_7.52
47.46,7.52,80.75075531,1180.796875,210.8338776,13.80334663,78.51257324,56.63703918,197.3590393,428.0,772.0,16.16730118,8621.65625,0.521887541,4.0,5.234901961,1.8301628550308306,47.46_7.52
47.46,7.52,80.75075531,1180.796875,210.8338776,13.80334663,78.51257324,56.63703918,197.3590393,428.0,772.0,16.16730118,8621.65625,0.521887541,4.0,5.265294118,1.835025533455191,47.46_7.52
47.46,7.52,80.75075531,1180.796875,210.8338776,13.80334663,78.51257324,56.63703918,197.3590393,428.0,772.0,16.16730118,8621.65625,0.521887541,4.0,5.584509804,1.8847198911183543,47.46_7.52
47.46,7.52,80.75075531,1180.796875,210.8338776,13.80334663,78.51257324,56.63703918,197.3590393,428.0,772.0,16.16730118,8621.65625,0.521887541,4.0,5.618333333,1.8898435758647398,47.46_7.52
47.46,7.52,80.75075531,1180.796875,210.8338776,13.80334663,78.51257324,56.63703918,197.3590393,428.0,772.0,16.16730118,8621.65625,0.521887541,4.0,5.731960784,1.9068664509996494,47.46_7.52
47.46,7.52,80.75075531,1180.796875,210.8338776,13.80334663,78.51257324,56.63703918,197.3590393,428.0,772.0,16.16730118,8621.65625,0.521887541,4.0,5.827058824,1.920893954775176,47.46_7.52
47.46,7.52,80.75075531,1180.796875,210.8338776,13.80334663,78.51257324,56.63703918,197.3590393,428.0,772.0,16.16730118,8621.65625,0.521887541,4.0,5.937058824,1.9368778841134995,47.46_7.52
47.46,7.52,80.75075531,1180.796875,210.8338776,13.80334663,78.51257324,56.63703918,197.3590393,428.0,772.0,16.16730118,8621.65625,0.521887541,4.0,5.98245098,1.9433999984043884,47.46_7.52
47.46,7.52,80.75075531,1180.796875,210.8338776,13.80334663,78.51257324,56.63703918,197.3590393,428.0,772.0,16.16730118,8621.65625,0.521887541,4.0,6.024313725,1.9493775200563332,47.46_7.52
47.46,7.52,80.75075531,1180.796875,210.8338776,13.80334663,78.51257324,56.63703918,197.3590393,428.0,772.0,16.16730118,8621.65625,0.521887541,4.0,6.044313725,1.9522207275467764,47.46_7.52
47.46,7.52,80.75075531,1180.796875,210.8338776,13.80334663,78.51257324,56.63703918,197.3590393,428.0,772.0,16.16730118,8621.65625,0.521887541,4.0,6.055392157,1.9537921694438625,47.46_7.52
47.46,7.52,80.75075531,1180.796875,210.8338776,13.80334663,78.51257324,56.63703918,197.3590393,428.0,772.0,16.16730118,8621.65625,0.521887541,4.0,6.082254902,1.9575923459818292,47.46_7.52
47.46,7.52,80.75075531,1180.796875,210.8338776,13.80334663,78.51257324,56.63703918,197.3590393,428.0,772.0,16.16730118,8621.65625,0.521887541,4.0,6.178823529,1.9711355157348946,47.46_7.52
47.46,7.52,80.75075531,1180.796875,210.8338776,13.80334663,78.51257324,56.63703918,197.3590393,428.0,772.0,16.16730118,8621.65625,0.521887541,4.0,6.22627451,1.977723621209523,47.46_7.52
47.46,7.52,80.75075531,1180.796875,210.8338776,13.80334663,78.51257324,56.63703918,197.3590393,428.0,772.0,16.16730118,8621.65625,0.521887541,4.0,6.356764706,1.9956202581089277,47.46_7.52
47.46,7.52,80.75075531,1180.796875,210.8338776,13.80334663,78.51257324,56.63703918,197.3590393,428.0,772.0,16.16730118,8621.65625,0.521887541,4.0,6.399607843,2.0014270046166933,47.46_7.52
47.46,7.52,80.75075531,1180.796875,210.8338776,13.80334663,78.51257324,56.63703918,197.3590393,428.0,772.0,16.16730118,8621.65625,0.521887541,4.0,6.422647059,2.004535740056345,47.46_7.52
47.46,7.52,80.75075531,1180.796875,210.8338776,13.80334663,78.51257324,56.63703918,197.3590393,428.0,772.0,16.16730118,8621.65625,0.521887541,4.0,6.478627451,2.012049279293347,47.46_7.52
47.46,7.52,80.75075531,1180.796875,210.8338776,13.80334663,78.51257324,56.63703918,197.3590393,428.0,772.0,16.16730118,8621.65625,0.521887541,4.0,6.827745098,2.0576744861523455,47.46_7.52
47.46,7.52,80.75075531,1180.796875,210.8338776,13.80334663,78.51257324,56.63703918,197.3590393,428.0,772.0,16.16730118,8621.65625,0.521887541,4.0,6.869019608,2.0629334813530207,47.46_7.52
47.46,7.52,80.75075531,1180.796875,210.8338776,13.80334663,78.51257324,56.63703918,197.3590393,428.0,772.0,16.16730118,8621.65625,0.521887541,4.0,6.982745098,2.077282349551339,47.46_7.52
47.46,7.52,80.75075531,1180.796875,210.8338776,13.80334663,78.51257324,56.63703918,197.3590393,428.0,772.0,16.16730118,8621.65625,0.521887541,4.0,6.999705882,2.079404776253996,47.46_7.52
47.46,7.52,80.75075531,1180.796875,210.8338776,13.80334663,78.51257324,56.63703918,197.3590393,428.0,772.0,16.16730118,8621.65625,0.521887541,4.0,7.071470588,2.0883356946764535,47.46_7.52
47.46,7.52,80.75075531,1180.796875,210.8338776,13.80334663,78.51257324,56.63703918,197.3590393,428.0,772.0,16.16730118,8621.65625,0.521887541,4.0,7.140686275,2.0968744854287067,47.46_7.52
47.46,7.52,80.75075531,1180.796875,210.8338776,13.80334663,78.51257324,56.63703918,197.3590393,428.0,772.0,16.16730118,8621.65625,0.521887541,4.0,7.159509804,2.0991840941323425,47.46_7.52
47.46,7.52,80.75075531,1180.796875,210.8338776,13.80334663,78.51257324,56.63703918,197.3590393,428.0,772.0,16.16730118,8621.65625,0.521887541,4.0,7.161666667,2.0994483965270123,47.46_7.52
47.46,7.52,80.75075531,1180.796875,210.8338776,13.80334663,78.51257324,56.63703918,197.3590393,428.0,772.0,16.16730118,8621.65625,0.521887541,4.0,7.184019608,2.1021834245408835,47.46_7.52
47.46,7.52,80.75075531,1180.796875,210.8338776,13.80334663,78.51257324,56.63703918,197.3590393,428.0,772.0,16.16730118,8621.65625,0.521887541,4.0,7.222254902,2.1068444904276196,47.46_7.52
47.46,7.52,80.75075531,1180.796875,210.8338776,13.80334663,78.51257324,56.63703918,197.3590393,428.0,772.0,16.16730118,8621.65625,0.521887541,4.0,7.252058824,2.110462723637306,47.46_7.52
47.46,7.52,80.75075531,1180.796875,210.8338776,13.80334663,78.51257324,56.63703918,197.3590393,428.0,772.0,16.16730118,8621.65625,0.521887541,4.0,7.37627451,2.125403246431391,47.46_7.52
47.46,7.52,80.75075531,1180.796875,210.8338776,13.80334663,78.51257324,56.63703918,197.3590393,428.0,772.0,16.16730118,8621.65625,0.521887541,4.0,7.489117647,2.138785066418192,47.46_7.52
47.46,7.52,80.75075531,1180.796875,210.8338776,13.80334663,78.51257324,56.63703918,197.3590393,428.0,772.0,16.16730118,8621.65625,0.521887541,4.0,7.491078431,2.1390160159313436,47.46_7.52
47.46,7.52,80.75075531,1180.796875,210.8338776,13.80334663,78.51257324,56.63703918,197.3590393,428.0,772.0,16.16730118,8621.65625,0.521887541,4.0,7.791372549,2.1737708484263383,47.46_7.52
47.46,7.52,80.75075531,1180.796875,210.8338776,13.80334663,78.51257324,56.63703918,197.3590393,428.0,772.0,16.16730118,8621.65625,0.521887541,4.0,7.804117647,2.175219526478158,47.46_7.52
47.46,7.52,80.75075531,1180.796875,210.8338776,13.80334663,78.51257324,56.63703918,197.3590393,428.0,772.0,16.16730118,8621.65625,0.521887541,4.0,8.246862745,2.2242843312929534,47.46_7.52
47.46,7.52,80.75075531,1180.796875,210.8338776,13.80334663,78.51257324,56.63703918,197.3590393,428.0,772.0,16.16730118,8621.65625,0.521887541,4.0,8.295882353,2.229571544371124,47.46_7.52
47.46,7.52,80.75075531,1180.796875,210.8338776,13.80334663,78.51257324,56.63703918,197.3590393,428.0,772.0,16.16730118,8621.65625,0.521887541,4.0,8.312843137,2.231394429953021,47.46_7.52
47.46,7.52,80.75075531,1180.796875,210.8338776,13.80334663,78.51257324,56.63703918,197.3590393,428.0,772.0,16.16730118,8621.65625,0.521887541,4.0,8.327352941,2.2329512598136003,47.46_7.52
47.46,7.52,80.75075531,1180.796875,210.8338776,13.80334663,78.51257324,56.63703918,197.3590393,428.0,772.0,16.16730118,8621.65625,0.521887541,4.0,8.870294118,2.289529652190866,47.46_7.52
47.46,7.52,80.75075531,1180.796875,210.8338776,13.80334663,78.51257324,56.63703918,197.3590393,428.0,772.0,16.16730118,8621.65625,0.521887541,4.0,8.904901961,2.293029782171191,47.46_7.52
47.46,7.52,80.75075531,1180.796875,210.8338776,13.80334663,78.51257324,56.63703918,197.3590393,428.0,772.0,16.16730118,8621.65625,0.521887541,4.0,9.295686275,2.3317249992584927,47.46_7.52
47.46,7.52,80.75075531,1180.796875,210.8338776,13.80334663,78.51257324,56.63703918,197.3590393,428.0,772.0,16.16730118,8621.65625,0.521887541,4.0,9.319607843,2.334045759622107,47.46_7.52
47.46,7.52,80.75075531,1180.796875,210.8338776,13.80334663,78.51257324,56.63703918,197.3590393,428.0,772.0,16.16730118,8621.65625,0.521887541,4.0,9.371470588,2.339058823951804,47.46_7.52
47.46,7.52,80.75075531,1180.796875,210.8338776,13.80334663,78.51257324,56.63703918,197.3590393,428.0,772.0,16.16730118,8621.65625,0.521887541,4.0,9.386568627,2.3405134932975926,47.46_7.52
47.46,7.52,80.75075531,1180.796875,210.8338776,13.80334663,78.51257324,56.63703918,197.3590393,428.0,772.0,16.16730118,8621.65625,0.521887541,4.0,9.506078431,2.3519539878570357,47.46_7.52
47.46,7.52,80.75075531,1180.796875,210.8338776,13.80334663,78.51257324,56.63703918,197.3590393,428.0,772.0,16.16730118,8621.65625,0.521887541,4.0,9.567058824,2.357741504207855,47.46_7.52
47.46,7.52,80.75075531,1180.796875,210.8338776,13.80334663,78.51257324,56.63703918,197.3590393,428.0,772.0,16.16730118,8621.65625,0.521887541,4.0,10.35911765,2.4300207386214767,47.46_7.52
47.46,7.52,80.75075531,1180.796875,210.8338776,13.80334663,78.51257324,56.63703918,197.3590393,428.0,772.0,16.16730118,8621.65625,0.521887541,4.0,10.39509804,2.43318326643422,47.46_7.52
47.46,7.52,80.75075531,1180.796875,210.8338776,13.80334663,78.51257324,56.63703918,197.3590393,428.0,772.0,16.16730118,8621.65625,0.521887541,4.0,10.48264706,2.4408369444512785,47.46_7.52
47.46,7.52,80.75075531,1180.796875,210.8338776,13.80334663,78.51257324,56.63703918,197.3590393,428.0,772.0,16.16730118,8621.65625,0.521887541,4.0,10.48921569,2.4414088293045455,47.46_7.52
47.46,7.52,80.75075531,1180.796875,210.8338776,13.80334663,78.51257324,56.63703918,197.3590393,428.0,772.0,16.16730118,8621.65625,0.521887541,4.0,10.81137255,2.469062842762004,47.46_7.52
47.46,7.52,80.75075531,1180.796875,210.8338776,13.80334663,78.51257324,56.63703918,197.3590393,428.0,772.0,16.16730118,8621.65625,0.521887541,4.0,10.82529412,2.4702408067959483,47.46_7.52
47.46,7.52,80.75075531,1180.796875,210.8338776,13.80334663,78.51257324,56.63703918,197.3590393,428.0,772.0,16.16730118,8621.65625,0.521887541,4.0,10.83215686,2.4708209825890464,47.46_7.52
47.46,7.52,80.75075531,1180.796875,210.8338776,13.80334663,78.51257324,56.63703918,197.3590393,428.0,772.0,16.16730118,8621.65625,0.521887541,4.0,10.84313725,2.471748564796582,47.46_7.52
47.46,7.52,80.75075531,1180.796875,210.8338776,13.80334663,78.51257324,56.63703918,197.3590393,428.0,772.0,16.16730118,8621.65625,0.521887541,4.0,11.39696078,2.517451344182376,47.46_7.52
47.46,7.52,80.75075531,1180.796875,210.8338776,13.80334663,78.51257324,56.63703918,197.3590393,428.0,772.0,16.16730118,8621.65625,0.521887541,4.0,11.44598039,2.5213977105391643,47.46_7.52
47.46,7.52,80.75075531,1180.796875,210.8338776,13.80334663,78.51257324,56.63703918,197.3590393,428.0,772.0,16.16730118,8621.65625,0.521887541,4.0,12.13098039,2.5749743534632175,47.46_7.52
47.46,7.52,80.75075531,1180.796875,210.8338776,13.80334663,78.51257324,56.63703918,197.3590393,428.0,772.0,16.16730118,8621.65625,0.521887541,4.0,12.15823529,2.577047820400872,47.46_7.52
47.46,7.52,80.75075531,1180.796875,210.8338776,13.80334663,78.51257324,56.63703918,197.3590393,428.0,772.0,16.16730118,8621.65625,0.521887541,4.0,12.16176471,2.5773160134115978,47.46_7.52
47.46,7.52,80.75075531,1180.796875,210.8338776,13.80334663,78.51257324,56.63703918,197.3590393,428.0,772.0,16.16730118,8621.65625,0.521887541,4.0,12.16813725,2.5778000668755348,47.46_7.52
-32.58,134.71,173.5,322.6134338,312.5,48.79664993,10.36403942,77.84381866,200.0,1250.0,96.0,0.294757962,3667.055908,0.424757749,12.0,0.708661417,0.5357102668929281,-32.58_134.71
-32.58,134.71,173.5,322.6134338,312.5,48.79664993,10.36403942,77.84381866,200.0,1250.0,96.0,0.294757962,3667.055908,0.424757749,12.0,0.787401575,0.5807629311329435,-32.58_134.71
-32.58,134.71,173.5,322.6134338,312.5,48.79664993,10.36403942,77.84381866,200.0,1250.0,96.0,0.294757962,3667.055908,0.424757749,12.0,0.787401575,0.5807629311329435,-32.58_134.71
-32.58,134.71,173.5,322.6134338,312.5,48.79664993,10.36403942,77.84381866,200.0,1250.0,96.0,0.294757962,3667.055908,0.424757749,12.0,0.787401575,0.5807629311329435,-32.58_134.71
-32.58,134.71,173.5,322.6134338,312.5,48.79664993,10.36403942,77.84381866,200.0,1250.0,96.0,0.294757962,3667.055908,0.424757749,12.0,0.787401575,0.5807629311329435,-32.58_134.71
-32.58,134.71,173.5,322.6134338,312.5,48.79664993,10.36403942,77.84381866,200.0,1250.0,96.0,0.294757962,3667.055908,0.424757749,12.0,0.787401575,0.5807629311329435,-32.58_134.71
-32.58,134.71,173.5,322.6134338,312.5,48.79664993,10.36403942,77.84381866,200.0,1250.0,96.0,0.294757962,3667.055908,0.424757749,12.0,0.866141732,0.6238730545246411,-32.58_134.71
-32.58,134.71,173.5,322.6134338,312.5,48.79664993,10.36403942,77.84381866,200.0,1250.0,96.0,0.294757962,3667.055908,0.424757749,12.0,0.94488189,0.6652012502908434,-32.58_134.71
-32.58,134.71,173.5,322.6134338,312.5,48.79664993,10.36403942,77.84381866,200.0,1250.0,96.0,0.294757962,3667.055908,0.424757749,12.0,1.102362205,0.7430615720727444,-32.58_134.71
-32.58,134.71,173.5,322.6134338,312.5,48.79664993,10.36403942,77.84381866,200.0,1250.0,96.0,0.294757962,3667.055908,0.424757749,12.0,1.181102362,0.7798304196348844,-32.58_134.71
-39.1,-72.69,116.5331268,2101.199951,233.5002747,62.71166992,85.4421463,56.81641769,200.0,505.0,100.5,4.160836697,14755.36035,0.568828344,12.0,2.251505376,1.1791180817164453,-39.1_-72.69
-39.1,-72.69,116.5331268,2101.199951,233.5002747,62.71166992,85.4421463,56.81641769,200.0,505.0,100.5,4.160836697,14755.36035,0.568828344,12.0,3.642795699,1.5353167061312691,-39.1_-72.69
44.54,87.28,84.51673126,148.8832397,335.5,32.30329514,36.43401718,85.82924652,200.0,909.0,420.0,0.110790431,734.1900635,0.191532448,13.0,1.557823129,0.939156556512754,44.54_87.28
44.54,87.28,84.51673126,148.8832397,335.5,32.30329514,36.43401718,85.82924652,200.0,909.0,420.0,0.110790431,734.1900635,0.191532448,13.0,2.19047619,1.1601701815182894,44.54_87.28
44.54,87.28,84.51673126,148.8832397,335.5,32.30329514,36.43401718,85.82924652,200.0,909.0,420.0,0.110790431,734.1900635,0.191532448,13.0,2.387755102,1.2201674902338684,44.54_87.28
44.54,87.28,84.51673126,148.8832397,335.5,32.30329514,36.43401718,85.82924652,200.0,909.0,420.0,0.110790431,734.1900635,0.191532448,13.0,2.931972789,1.3691412818642295,44.54_87.28
44.54,87.28,84.51673126,148.8832397,335.5,32.30329514,36.43401718,85.82924652,200.0,909.0,420.0,0.110790431,734.1900635,0.191532448,13.0,3.102040816,1.4114846098688472,44.54_87.28
44.54,87.28,84.51673126,148.8832397,335.5,32.30329514,36.43401718,85.82924652,200.0,909.0,420.0,0.110790431,734.1900635,0.191532448,13.0,3.523809524,1.509354453919223,44.54_87.28
44.54,87.28,84.51673126,148.8832397,335.5,32.30329514,36.43401718,85.82924652,200.0,909.0,420.0,0.110790431,734.1900635,0.191532448,13.0,3.87755102,1.584643253737202,44.54_87.28
44.54,87.28,84.51673126,148.8832397,335.5,32.30329514,36.43401718,85.82924652,200.0,909.0,420.0,0.110790431,734.1900635,0.191532448,13.0,4.163265306,1.6415691905931782,44.54_87.28
44.54,87.28,84.51673126,148.8832397,335.5,32.30329514,36.43401718,85.82924652,200.0,909.0,420.0,0.110790431,734.1900635,0.191532448,13.0,4.238095238,1.6559579280508112,44.54_87.28
44.54,87.28,84.51673126,148.8832397,335.5,32.30329514,36.43401718,85.82924652,200.0,909.0,420.0,0.110790431,734.1900635,0.191532448,13.0,5.884353741,1.9292512629965402,44.54_87.28
46.21,12.97,125.4169006,1334.987427,263.4004517,25.49835205,54.72890854,62.88697052,200.0,702.0,139.5,1.505786419,5686.362793,0.568340182,4.0,2.27,1.184789984909162,46.21_12.97
46.21,12.97,125.4169006,1334.987427,263.4004517,25.49835205,54.72890854,62.88697052,200.0,702.0,139.5,1.505786419,5686.362793,0.568340182,4.0,3.97,1.6034198401085373,46.21_12.97
46.21,12.97,125.4169006,1334.987427,263.4004517,25.49835205,54.72890854,62.88697052,200.0,702.0,139.5,1.505786419,5686.362793,0.568340182,4.0,6.64,2.033397603178429,46.21_12.97
46.21,12.97,125.4169006,1334.987427,263.4004517,25.49835205,54.72890854,62.88697052,200.0,702.0,139.5,1.505786419,5686.362793,0.568340182,4.0,9.49,2.3504224224082058,46.21_12.97
28.9,119.18,180.3840942,1999.468384,331.3678589,48.29665375,20.01242256,56.87573242,200.0,456.0,143.0,2.327557325,5662.158691,0.524833322,1.0,0.397435897,0.3346390552276253,28.9_119.18
28.9,119.18,180.3840942,1999.468384,331.3678589,48.29665375,20.01242256,56.87573242,200.0,456.0,143.0,2.327557325,5662.158691,0.524833322,1.0,1.583760684,0.9492459670802795,28.9_119.18
28.9,119.18,180.3840942,1999.468384,331.3678589,48.29665375,20.01242256,56.87573242,200.0,456.0,143.0,2.327557325,5662.158691,0.524833322,1.0,1.64957265,0.9743983628427262,28.9_119.18
28.9,119.18,180.3840942,1999.468384,331.3678589,48.29665375,20.01242256,56.87573242,200.0,456.0,143.0,2.327557325,5662.158691,0.524833322,1.0,1.894871795,1.0629408250702568,28.9_119.18
28.9,119.18,180.3840942,1999.468384,331.3678589,48.29665375,20.01242256,56.87573242,200.0,456.0,143.0,2.327557325,5662.158691,0.524833322,1.0,2.12991453,1.1410056974699618,28.9_119.18
28.9,119.18,180.3840942,1999.468384,331.3678589,48.29665375,20.01242256,56.87573242,200.0,456.0,143.0,2.327557325,5662.158691,0.524833322,1.0,2.205982906,1.1650187222954174,28.9_119.18
28.9,119.18,180.3840942,1999.468384,331.3678589,48.29665375,20.01242256,56.87573242,200.0,456.0,143.0,2.327557325,5662.158691,0.524833322,1.0,2.841880342,1.3459619191450645,28.9_119.18
36.85,109.3,95.61696625,496.6958008,279.5837097,90.90000153,20.08198929,79.15114594,200.0,813.0,1215.0,10.22694206,2997.03125,0.474622607,4.0,1.236771654,0.8050336004091022,36.85_109.3
36.85,109.3,95.61696625,496.6958008,279.5837097,90.90000153,20.08198929,79.15114594,200.0,813.0,1215.0,10.22694206,2997.03125,0.474622607,4.0,1.238503937,0.8058077574643681,36.85_109.3
36.85,109.3,95.61696625,496.6958008,279.5837097,90.90000153,20.08198929,79.15114594,200.0,813.0,1215.0,10.22694206,2997.03125,0.474622607,4.0,1.343070866,0.8514624049069308,36.85_109.3
36.85,109.3,95.61696625,496.6958008,279.5837097,90.90000153,20.08198929,79.15114594,200.0,813.0,1215.0,10.22694206,2997.03125,0.474622607,4.0,1.343700787,0.8517312129694656,36.85_109.3
36.85,109.3,95.61696625,496.6958008,279.5837097,90.90000153,20.08198929,79.15114594,200.0,813.0,1215.0,10.22694206,2997.03125,0.474622607,4.0,1.630472441,0.9671634654183904,36.85_109.3
36.85,109.3,95.61696625,496.6958008,279.5837097,90.90000153,20.08198929,79.15114594,200.0,813.0,1215.0,10.22694206,2997.03125,0.474622607,4.0,1.632204724,0.9678217931129274,36.85_109.3
36.85,109.3,95.61696625,496.6958008,279.5837097,90.90000153,20.08198929,79.15114594,200.0,813.0,1215.0,10.22694206,2997.03125,0.474622607,4.0,1.677322835,0.9848173530833367,36.85_109.3
36.85,109.3,95.61696625,496.6958008,279.5837097,90.90000153,20.08198929,79.15114594,200.0,813.0,1215.0,10.22694206,2997.03125,0.474622607,4.0,1.681811024,0.9864923215268926,36.85_109.3
9.16,-79.75,256.499176,3068.778564,293.5323181,58.0000267,125.4191055,53.36486435,200.0,668.0,134.5,5.59438324,9534.110352,0.301279545,1.0,0.422018349,0.35207723495461907,9.16_-79.75
9.16,-79.75,256.499176,3068.778564,293.5323181,58.0000267,125.4191055,53.36486435,200.0,668.0,134.5,5.59438324,9534.110352,0.301279545,1.0,0.495412844,0.4024023185530788,9.16_-79.75
9.16,-79.75,256.499176,3068.778564,293.5323181,58.0000267,125.4191055,53.36486435,200.0,668.0,134.5,5.59438324,9534.110352,0.301279545,1.0,1.211009174,0.7934490511204324,9.16_-79.75
9.16,-79.75,256.499176,3068.778564,293.5323181,58.0000267,125.4191055,53.36486435,200.0,668.0,134.5,5.59438324,9534.110352,0.301279545,1.0,1.348623853,0.853829562160575,9.16_-79.75
-38.819644,-73.3665729,119.4997177,1493.380127,169.5167389,61.2983284,58.01568604,57.74546814,200.0,735.0,15.0,3.105100155,13331.47949,0.486593962,4.0,3.5,1.5040773967762742,-38.819644_-73.3665729
-38.819644,-73.3665729,119.4997177,1493.380127,169.5167389,61.2983284,58.01568604,57.74546814,200.0,735.0,15.0,3.105100155,13331.47949,0.486593962,4.0,6.0,1.9459101490553132,-38.819644_-73.3665729
-38.819644,-73.3665729,119.4997177,1493.380127,169.5167389,61.2983284,58.01568604,57.74546814,200.0,735.0,15.0,3.105100155,13331.47949,0.486593962,4.0,8.6,2.2617630984737906,-38.819644_-73.3665729
-38.819644,-73.3665729,119.4997177,1493.380127,169.5167389,61.2983284,58.01568604,57.74546814,200.0,735.0,15.0,3.105100155,13331.47949,0.486593962,4.0,10.6,2.451005098112319,-38.819644_-73.3665729
37.4,-122.24,139.5,845.4324951,238.5498352,90.70500946,44.66155243,64.2635498,200.0,551.0,118.5,1.985613585,11333.27344,0.475088,12.0,8.521126761,2.253513199047507,37.4_-122.24
37.4,-122.24,139.5,845.4324951,238.5498352,90.70500946,44.66155243,64.2635498,200.0,551.0,118.5,1.985613585,11333.27344,0.475088,12.0,12.11267606,2.573579400515021,37.4_-122.24
44.57,-123.29,115.4670944,1667.018188,279.483551,71.09833527,37.34430695,57.15184784,200.0,291.0,82.5,1.002367735,7558.831543,0.803551018,8.0,2.2,1.1631508098056809,44.57_-123.29
44.57,-123.29,115.4670944,1667.018188,279.483551,71.09833527,37.34430695,57.15184784,200.0,291.0,82.5,1.002367735,7558.831543,0.803551018,8.0,2.8,1.33500106673234,44.57_-123.29
44.57,-123.29,115.4670944,1667.018188,279.483551,71.09833527,37.34430695,57.15184784,200.0,291.0,82.5,1.002367735,7558.831543,0.803551018,8.0,3.7,1.547562508716013,44.57_-123.29
44.57,-123.29,115.4670944,1667.018188,279.483551,71.09833527,37.34430695,57.15184784,200.0,291.0,82.5,1.002367735,7558.831543,0.803551018,8.0,15.7,2.8154087194227095,44.57_-123.29
44.57,-123.29,115.4670944,1667.018188,279.483551,71.09833527,37.34430695,57.15184784,200.0,291.0,82.5,1.002367735,7558.831543,0.803551018,8.0,15.7,2.8154087194227095,44.57_-123.29
44.57,-123.29,115.4670944,1667.018188,279.483551,71.09833527,37.34430695,57.15184784,200.0,291.0,82.5,1.002367735,7558.831543,0.803551018,8.0,19.0,2.995732273553991,44.57_-123.29
44.57,-123.29,115.4670944,1667.018188,279.483551,71.09833527,37.34430695,57.15184784,200.0,291.0,82.5,1.002367735,7558.831543,0.803551018,8.0,19.6,3.0252910757955354,44.57_-123.29
44.57,-123.29,115.4670944,1667.018188,279.483551,71.09833527,37.34430695,57.15184784,200.0,291.0,82.5,1.002367735,7558.831543,0.803551018,8.0,21.8,3.126760535960395,44.57_-123.29
44.57,-123.29,115.4670944,1667.018188,279.483551,71.09833527,37.34430695,57.15184784,200.0,291.0,82.5,1.002367735,7558.831543,0.803551018,8.0,25.0,3.258096538021482,44.57_-123.29
33.38,-116.62,132.3988037,455.0480652,307.3990784,77.49331665,19.63282013,66.41147614,139.0813293,1318.0,1456.0,6.781199455,4194.76416,0.068524912,12.0,1.643984375,0.9722870123653216,33.38_-116.62
33.38,-116.62,132.3988037,455.0480652,307.3990784,77.49331665,19.63282013,66.41147614,139.0813293,1318.0,1456.0,6.781199455,4194.76416,0.068524912,12.0,3.84078125,1.5770761229917505,33.38_-116.62
33.38,-116.62,132.3988037,455.0480652,307.3990784,77.49331665,19.63282013,66.41147614,139.0813293,1318.0,1456.0,6.781199455,4194.76416,0.068524912,12.0,1.09109375,0.7376872544486113,33.38_-116.62
33.38,-116.62,132.3988037,455.0480652,307.3990784,77.49331665,19.63282013,66.41147614,139.0813293,1318.0,1456.0,6.781199455,4194.76416,0.068524912,12.0,0.261875,0.2325987100849649,33.38_-116.62
42.47,119.45,83.5,350.5663147,295.483551,107.0033188,13.03361511,84.69848633,200.0,969.0,491.0,0.52773416,2378.500488,0.67752564,4.0,8.074074074,2.2054213445322346,42.47_119.45
30.36,112.14,173.5,1248.676514,314.5,50.90164566,17.3977356,67.48907471,200.0,728.0,33.5,0.483243763,4335.936523,0.744120359,4.0,0.010661765,0.010605329166217625,30.36_112.14
30.36,112.14,173.5,1248.676514,314.5,50.90164566,17.3977356,67.48907471,200.0,728.0,33.5,0.483243763,4335.936523,0.744120359,4.0,0.015294118,0.015178341946690373,30.36_112.14
30.36,112.14,173.5,1248.676514,314.5,50.90164566,17.3977356,67.48907471,200.0,728.0,33.5,0.483243763,4335.936523,0.744120359,4.0,0.015514706,0.015395583469634959,30.36_112.14
30.36,112.14,173.5,1248.676514,314.5,50.90164566,17.3977356,67.48907471,200.0,728.0,33.5,0.483243763,4335.936523,0.744120359,4.0,0.015661765,0.015540385265398728,30.36_112.14
30.36,112.14,173.5,1248.676514,314.5,50.90164566,17.3977356,67.48907471,200.0,728.0,33.5,0.483243763,4335.936523,0.744120359,4.0,0.019852941,0.019658441411698566,30.36_112.14
30.36,112.14,173.5,1248.676514,314.5,50.90164566,17.3977356,67.48907471,200.0,728.0,33.5,0.483243763,4335.936523,0.744120359,4.0,0.023088235,0.022825734471963042,30.36_112.14
44.3,86.37,83.5,213.5715485,325.5167236,35.49832153,21.50014496,84.46639252,200.0,505.0,449.0,0.223090529,1995.967163,0.679553509,13.0,0.711619718,0.5374401257091711,44.3_86.37
44.3,86.37,83.5,213.5715485,325.5167236,35.49832153,21.50014496,84.46639252,200.0,505.0,449.0,0.223090529,1995.967163,0.679553509,13.0,0.741267606,0.5546133571878251,44.3_86.37
44.3,86.37,83.5,213.5715485,325.5167236,35.49832153,21.50014496,84.46639252,200.0,505.0,449.0,0.223090529,1995.967163,0.679553509,13.0,0.748732394,0.558891179184186,44.3_86.37
44.3,86.37,83.5,213.5715485,325.5167236,35.49832153,21.50014496,84.46639252,200.0,505.0,449.0,0.223090529,1995.967163,0.679553509,13.0,0.756830986,0.5635116099279865,44.3_86.37
44.3,86.37,83.5,213.5715485,325.5167236,35.49832153,21.50014496,84.46639252,200.0,505.0,449.0,0.223090529,1995.967163,0.679553509,13.0,0.817887324,0.5976750158367719,44.3_86.37
44.3,86.37,83.5,213.5715485,325.5167236,35.49832153,21.50014496,84.46639252,200.0,505.0,449.0,0.223090529,1995.967163,0.679553509,13.0,0.837676056,0.6085017603042182,44.3_86.37
44.3,86.37,83.5,213.5715485,325.5167236,35.49832153,21.50014496,84.46639252,200.0,505.0,449.0,0.223090529,1995.967163,0.679553509,13.0,0.904366197,0.6441492482332044,44.3_86.37
44.3,86.37,83.5,213.5715485,325.5167236,35.49832153,21.50014496,84.46639252,200.0,505.0,449.0,0.223090529,1995.967163,0.679553509,13.0,0.960492958,0.6731959508029668,44.3_86.37
44.3,86.37,83.5,213.5715485,325.5167236,35.49832153,21.50014496,84.46639252,200.0,505.0,449.0,0.223090529,1995.967163,0.679553509,13.0,0.963661972,0.6748110831030081,44.3_86.37
44.3,86.37,83.5,213.5715485,325.5167236,35.49832153,21.50014496,84.46639252,200.0,505.0,449.0,0.223090529,1995.967163,0.679553509,13.0,1.030422535,0.7082439167146614,44.3_86.37
44.3,86.37,83.5,213.5715485,325.5167236,35.49832153,21.50014496,84.46639252,200.0,505.0,449.0,0.223090529,1995.967163,0.679553509,13.0,1.037816901,0.7118790882718148,44.3_86.37
44.3,86.37,83.5,213.5715485,325.5167236,35.49832153,21.50014496,84.46639252,200.0,505.0,449.0,0.223090529,1995.967163,0.679553509,13.0,1.074859155,0.7298932742704727,44.3_86.37
44.3,86.37,83.5,213.5715485,325.5167236,35.49832153,21.50014496,84.46639252,200.0,505.0,449.0,0.223090529,1995.967163,0.679553509,13.0,1.08971831,0.737029276988786,44.3_86.37
44.3,86.37,83.5,213.5715485,325.5167236,35.49832153,21.50014496,84.46639252,200.0,505.0,449.0,0.223090529,1995.967163,0.679553509,13.0,1.111901408,0.7475886829362033,44.3_86.37
44.3,86.37,83.5,213.5715485,325.5167236,35.49832153,21.50014496,84.46639252,200.0,505.0,449.0,0.223090529,1995.967163,0.679553509,13.0,1.126760563,0.754599959594801,44.3_86.37
44.3,86.37,83.5,213.5715485,325.5167236,35.49832153,21.50014496,84.46639252,200.0,505.0,449.0,0.223090529,1995.967163,0.679553509,13.0,1.133521127,0.7577737261045048,44.3_86.37
44.3,86.37,83.5,213.5715485,325.5167236,35.49832153,21.50014496,84.46639252,200.0,505.0,449.0,0.223090529,1995.967163,0.679553509,13.0,1.141619718,0.7615624203164728,44.3_86.37
44.3,86.37,83.5,213.5715485,325.5167236,35.49832153,21.50014496,84.46639252,200.0,505.0,449.0,0.223090529,1995.967163,0.679553509,13.0,1.156408451,0.7684440836194167,44.3_86.37
44.3,86.37,83.5,213.5715485,325.5167236,35.49832153,21.50014496,84.46639252,200.0,505.0,449.0,0.223090529,1995.967163,0.679553509,13.0,1.215704225,0.79557028750387,44.3_86.37
44.3,86.37,83.5,213.5715485,325.5167236,35.49832153,21.50014496,84.46639252,200.0,505.0,449.0,0.223090529,1995.967163,0.679553509,13.0,1.23056338,0.8022541903360326,44.3_86.37
44.3,86.37,83.5,213.5715485,325.5167236,35.49832153,21.50014496,84.46639252,200.0,505.0,449.0,0.223090529,1995.967163,0.679553509,13.0,1.235352113,0.8043987606230701,44.3_86.37
44.3,86.37,83.5,213.5715485,325.5167236,35.49832153,21.50014496,84.46639252,200.0,505.0,449.0,0.223090529,1995.967163,0.679553509,13.0,1.276056338,0.8224442690333034,44.3_86.37
44.3,86.37,83.5,213.5715485,325.5167236,35.49832153,21.50014496,84.46639252,200.0,505.0,449.0,0.223090529,1995.967163,0.679553509,13.0,1.297253521,0.8317142880998265,44.3_86.37
44.3,86.37,83.5,213.5715485,325.5167236,35.49832153,21.50014496,84.46639252,200.0,505.0,449.0,0.223090529,1995.967163,0.679553509,13.0,1.312112676,0.8381616849167228,44.3_86.37
44.3,86.37,83.5,213.5715485,325.5167236,35.49832153,21.50014496,84.46639252,200.0,505.0,449.0,0.223090529,1995.967163,0.679553509,13.0,1.337183099,0.8489464003695858,44.3_86.37
44.3,86.37,83.5,213.5715485,325.5167236,35.49832153,21.50014496,84.46639252,200.0,505.0,449.0,0.223090529,1995.967163,0.679553509,13.0,1.337183099,0.8489464003695858,44.3_86.37
44.3,86.37,83.5,213.5715485,325.5167236,35.49832153,21.50014496,84.46639252,200.0,505.0,449.0,0.223090529,1995.967163,0.679553509,13.0,1.341760563,0.8509030238260852,44.3_86.37
44.3,86.37,83.5,213.5715485,325.5167236,35.49832153,21.50014496,84.46639252,200.0,505.0,449.0,0.223090529,1995.967163,0.679553509,13.0,1.347394366,0.8533059325787655,44.3_86.37
44.3,86.37,83.5,213.5715485,325.5167236,35.49832153,21.50014496,84.46639252,200.0,505.0,449.0,0.223090529,1995.967163,0.679553509,13.0,1.34915493,0.8540556592276334,44.3_86.37
44.3,86.37,83.5,213.5715485,325.5167236,35.49832153,21.50014496,84.46639252,200.0,505.0,449.0,0.223090529,1995.967163,0.679553509,13.0,1.34915493,0.8540556592276334,44.3_86.37
44.3,86.37,83.5,213.5715485,325.5167236,35.49832153,21.50014496,84.46639252,200.0,505.0,449.0,0.223090529,1995.967163,0.679553509,13.0,1.34915493,0.8540556592276334,44.3_86.37
44.3,86.37,83.5,213.5715485,325.5167236,35.49832153,21.50014496,84.46639252,200.0,505.0,449.0,0.223090529,1995.967163,0.679553509,13.0,1.393591549,0.8727949781266813,44.3_86.37
44.3,86.37,83.5,213.5715485,325.5167236,35.49832153,21.50014496,84.46639252,200.0,505.0,449.0,0.223090529,1995.967163,0.679553509,13.0,1.408450704,0.8789836793677772,44.3_86.37
44.3,86.37,83.5,213.5715485,325.5167236,35.49832153,21.50014496,84.46639252,200.0,505.0,449.0,0.223090529,1995.967163,0.679553509,13.0,1.41584507,0.8820491513607375,44.3_86.37
44.3,86.37,83.5,213.5715485,325.5167236,35.49832153,21.50014496,84.46639252,200.0,505.0,449.0,0.223090529,1995.967163,0.679553509,13.0,1.452957746,0.8972945396897538,44.3_86.37
44.3,86.37,83.5,213.5715485,325.5167236,35.49832153,21.50014496,84.46639252,200.0,505.0,449.0,0.223090529,1995.967163,0.679553509,13.0,1.459366197,0.899903673252549,44.3_86.37
44.3,86.37,83.5,213.5715485,325.5167236,35.49832153,21.50014496,84.46639252,200.0,505.0,449.0,0.223090529,1995.967163,0.679553509,13.0,1.467746479,0.9033053775090477,44.3_86.37
44.3,86.37,83.5,213.5715485,325.5167236,35.49832153,21.50014496,84.46639252,200.0,505.0,449.0,0.223090529,1995.967163,0.679553509,13.0,1.469507042,0.9040185525838673,44.3_86.37
44.3,86.37,83.5,213.5715485,325.5167236,35.49832153,21.50014496,84.46639252,200.0,505.0,449.0,0.223090529,1995.967163,0.679553509,13.0,1.47971831,0.9081449690482435,44.3_86.37
44.3,86.37,83.5,213.5715485,325.5167236,35.49832153,21.50014496,84.46639252,200.0,505.0,449.0,0.223090529,1995.967163,0.679553509,13.0,1.482605634,0.9093086674921245,44.3_86.37
44.3,86.37,83.5,213.5715485,325.5167236,35.49832153,21.50014496,84.46639252,200.0,505.0,449.0,0.223090529,1995.967163,0.679553509,13.0,1.497394366,0.915247934750179,44.3_86.37
44.3,86.37,83.5,213.5715485,325.5167236,35.49832153,21.50014496,84.46639252,200.0,505.0,449.0,0.223090529,1995.967163,0.679553509,13.0,1.497394366,0.915247934750179,44.3_86.37
44.3,86.37,83.5,213.5715485,325.5167236,35.49832153,21.50014496,84.46639252,200.0,505.0,449.0,0.223090529,1995.967163,0.679553509,13.0,1.497394366,0.915247934750179,44.3_86.37
44.3,86.37,83.5,213.5715485,325.5167236,35.49832153,21.50014496,84.46639252,200.0,505.0,449.0,0.223090529,1995.967163,0.679553509,13.0,1.527042254,0.9270495492793216,44.3_86.37
44.3,86.37,83.5,213.5715485,325.5167236,35.49832153,21.50014496,84.46639252,200.0,505.0,449.0,0.223090529,1995.967163,0.679553509,13.0,1.530633803,0.9284697863855438,44.3_86.37
44.3,86.37,83.5,213.5715485,325.5167236,35.49832153,21.50014496,84.46639252,200.0,505.0,449.0,0.223090529,1995.967163,0.679553509,13.0,1.56415493,0.9416289623499045,44.3_86.37
44.3,86.37,83.5,213.5715485,325.5167236,35.49832153,21.50014496,84.46639252,200.0,505.0,449.0,0.223090529,1995.967163,0.679553509,13.0,1.612112676,0.9601593483091966,44.3_86.37
44.3,86.37,83.5,213.5715485,325.5167236,35.49832153,21.50014496,84.46639252,200.0,505.0,449.0,0.223090529,1995.967163,0.679553509,13.0,1.617183099,0.962098586327916,44.3_86.37
44.3,86.37,83.5,213.5715485,325.5167236,35.49832153,21.50014496,84.46639252,200.0,505.0,449.0,0.223090529,1995.967163,0.679553509,13.0,1.623450704,0.964490513802283,44.3_86.37
44.3,86.37,83.5,213.5715485,325.5167236,35.49832153,21.50014496,84.46639252,200.0,505.0,449.0,0.223090529,1995.967163,0.679553509,13.0,1.623450704,0.964490513802283,44.3_86.37
44.3,86.37,83.5,213.5715485,325.5167236,35.49832153,21.50014496,84.46639252,200.0,505.0,449.0,0.223090529,1995.967163,0.679553509,13.0,1.63084507,0.9673051139692881,44.3_86.37
44.3,86.37,83.5,213.5715485,325.5167236,35.49832153,21.50014496,84.46639252,200.0,505.0,449.0,0.223090529,1995.967163,0.679553509,13.0,1.63084507,0.9673051139692881,44.3_86.37
44.3,86.37,83.5,213.5715485,325.5167236,35.49832153,21.50014496,84.46639252,200.0,505.0,449.0,0.223090529,1995.967163,0.679553509,13.0,1.632464789,0.9679205894379652,44.3_86.37
44.3,86.37,83.5,213.5715485,325.5167236,35.49832153,21.50014496,84.46639252,200.0,505.0,449.0,0.223090529,1995.967163,0.679553509,13.0,1.652816901,0.975622056942766,44.3_86.37
44.3,86.37,83.5,213.5715485,325.5167236,35.49832153,21.50014496,84.46639252,200.0,505.0,449.0,0.223090529,1995.967163,0.679553509,13.0,1.662957746,0.9794374396386945,44.3_86.37
44.3,86.37,83.5,213.5715485,325.5167236,35.49832153,21.50014496,84.46639252,200.0,505.0,449.0,0.223090529,1995.967163,0.679553509,13.0,1.662957746,0.9794374396386945,44.3_86.37
44.3,86.37,83.5,213.5715485,325.5167236,35.49832153,21.50014496,84.46639252,200.0,505.0,449.0,0.223090529,1995.967163,0.679553509,13.0,1.667887324,0.981286894777757,44.3_86.37
44.3,86.37,83.5,213.5715485,325.5167236,35.49832153,21.50014496,84.46639252,200.0,505.0,449.0,0.223090529,1995.967163,0.679553509,13.0,1.668098592,0.981366080893851,44.3_86.37
44.3,86.37,83.5,213.5715485,325.5167236,35.49832153,21.50014496,84.46639252,200.0,505.0,449.0,0.223090529,1995.967163,0.679553509,13.0,1.690140845,0.9895935509791365,44.3_86.37
44.3,86.37,83.5,213.5715485,325.5167236,35.49832153,21.50014496,84.46639252,200.0,505.0,449.0,0.223090529,1995.967163,0.679553509,13.0,1.705,0.9951019122984448,44.3_86.37
44.3,86.37,83.5,213.5715485,325.5167236,35.49832153,21.50014496,84.46639252,200.0,505.0,449.0,0.223090529,1995.967163,0.679553509,13.0,1.719788732,1.0005542052324519,44.3_86.37
44.3,86.37,83.5,213.5715485,325.5167236,35.49832153,21.50014496,84.46639252,200.0,505.0,449.0,0.223090529,1995.967163,0.679553509,13.0,1.724084507,1.002132410933812,44.3_86.37
44.3,86.37,83.5,213.5715485,325.5167236,35.49832153,21.50014496,84.46639252,200.0,505.0,449.0,0.223090529,1995.967163,0.679553509,13.0,1.734647887,1.0060026842585716,44.3_86.37
44.3,86.37,83.5,213.5715485,325.5167236,35.49832153,21.50014496,84.46639252,200.0,505.0,449.0,0.223090529,1995.967163,0.679553509,13.0,1.74443662,1.0095758152815022,44.3_86.37
44.3,86.37,83.5,213.5715485,325.5167236,35.49832153,21.50014496,84.46639252,200.0,505.0,449.0,0.223090529,1995.967163,0.679553509,13.0,1.74443662,1.0095758152815022,44.3_86.37
44.3,86.37,83.5,213.5715485,325.5167236,35.49832153,21.50014496,84.46639252,200.0,505.0,449.0,0.223090529,1995.967163,0.679553509,13.0,1.764788732,1.016964224098461,44.3_86.37
44.3,86.37,83.5,213.5715485,325.5167236,35.49832153,21.50014496,84.46639252,200.0,505.0,449.0,0.223090529,1995.967163,0.679553509,13.0,1.775,1.0206507471983979,44.3_86.37
44.3,86.37,83.5,213.5715485,325.5167236,35.49832153,21.50014496,84.46639252,200.0,505.0,449.0,0.223090529,1995.967163,0.679553509,13.0,1.793943662,1.027454096708784,44.3_86.37
44.3,86.37,83.5,213.5715485,325.5167236,35.49832153,21.50014496,84.46639252,200.0,505.0,449.0,0.223090529,1995.967163,0.679553509,13.0,1.793943662,1.027454096708784,44.3_86.37
44.3,86.37,83.5,213.5715485,325.5167236,35.49832153,21.50014496,84.46639252,200.0,505.0,449.0,0.223090529,1995.967163,0.679553509,13.0,1.808732394,1.0327332762289534,44.3_86.37
44.3,86.37,83.5,213.5715485,325.5167236,35.49832153,21.50014496,84.46639252,200.0,505.0,449.0,0.223090529,1995.967163,0.679553509,13.0,1.816126761,1.0353624518423303,44.3_86.37
44.3,86.37,83.5,213.5715485,325.5167236,35.49832153,21.50014496,84.46639252,200.0,505.0,449.0,0.223090529,1995.967163,0.679553509,13.0,1.825915493,1.0388323804181927,44.3_86.37
44.3,86.37,83.5,213.5715485,325.5167236,35.49832153,21.50014496,84.46639252,200.0,505.0,449.0,0.223090529,1995.967163,0.679553509,13.0,1.838380282,1.0432335662375167,44.3_86.37
44.3,86.37,83.5,213.5715485,325.5167236,35.49832153,21.50014496,84.46639252,200.0,505.0,449.0,0.223090529,1995.967163,0.679553509,13.0,1.882887324,1.0587923349927515,44.3_86.37
44.3,86.37,83.5,213.5715485,325.5167236,35.49832153,21.50014496,84.46639252,200.0,505.0,449.0,0.223090529,1995.967163,0.679553509,13.0,1.882887324,1.0587923349927515,44.3_86.37
44.3,86.37,83.5,213.5715485,325.5167236,35.49832153,21.50014496,84.46639252,200.0,505.0,449.0,0.223090529,1995.967163,0.679553509,13.0,1.882887324,1.0587923349927515,44.3_86.37
44.3,86.37,83.5,213.5715485,325.5167236,35.49832153,21.50014496,84.46639252,200.0,505.0,449.0,0.223090529,1995.967163,0.679553509,13.0,1.886971831,1.0602081434458046,44.3_86.37
44.3,86.37,83.5,213.5715485,325.5167236,35.49832153,21.50014496,84.46639252,200.0,505.0,449.0,0.223090529,1995.967163,0.679553509,13.0,1.897183099,1.063738919758578,44.3_86.37
44.3,86.37,83.5,213.5715485,325.5167236,35.49832153,21.50014496,84.46639252,200.0,505.0,449.0,0.223090529,1995.967163,0.679553509,13.0,1.907323944,1.0672330512127397,44.3_86.37
44.3,86.37,83.5,213.5715485,325.5167236,35.49832153,21.50014496,84.46639252,200.0,505.0,449.0,0.223090529,1995.967163,0.679553509,13.0,1.907323944,1.0672330512127397,44.3_86.37
44.3,86.37,83.5,213.5715485,325.5167236,35.49832153,21.50014496,84.46639252,200.0,505.0,449.0,0.223090529,1995.967163,0.679553509,13.0,1.927323944,1.0740886759964474,44.3_86.37
44.3,86.37,83.5,213.5715485,325.5167236,35.49832153,21.50014496,84.46639252,200.0,505.0,449.0,0.223090529,1995.967163,0.679553509,13.0,1.949577465,1.081661927889627,44.3_86.37
44.3,86.37,83.5,213.5715485,325.5167236,35.49832153,21.50014496,84.46639252,200.0,505.0,449.0,0.223090529,1995.967163,0.679553509,13.0,1.971830986,1.0891782564631871,44.3_86.37
44.3,86.37,83.5,213.5715485,325.5167236,35.49832153,21.50014496,84.46639252,200.0,505.0,449.0,0.223090529,1995.967163,0.679553509,13.0,1.986690141,1.0941657979976633,44.3_86.37
44.3,86.37,83.5,213.5715485,325.5167236,35.49832153,21.50014496,84.46639252,200.0,505.0,449.0,0.223090529,1995.967163,0.679553509,13.0,1.994084507,1.0966385110500079,44.3_86.37
44.3,86.37,83.5,213.5715485,325.5167236,35.49832153,21.50014496,84.46639252,200.0,505.0,449.0,0.223090529,1995.967163,0.679553509,13.0,2.001478873,1.0991051248710617,44.3_86.37
44.3,86.37,83.5,213.5715485,325.5167236,35.49832153,21.50014496,84.46639252,200.0,505.0,449.0,0.223090529,1995.967163,0.679553509,13.0,2.00915493,1.1016592851891351,44.3_86.37
44.3,86.37,83.5,213.5715485,325.5167236,35.49832153,21.50014496,84.46639252,200.0,505.0,449.0,0.223090529,1995.967163,0.679553509,13.0,2.023732394,1.1064919603538383,44.3_86.37
44.3,86.37,83.5,213.5715485,325.5167236,35.49832153,21.50014496,84.46639252,200.0,505.0,449.0,0.223090529,1995.967163,0.679553509,13.0,2.031126761,1.1089344187122236,44.3_86.37
44.3,86.37,83.5,213.5715485,325.5167236,35.49832153,21.50014496,84.46639252,200.0,505.0,449.0,0.223090529,1995.967163,0.679553509,13.0,2.031126761,1.1089344187122236,44.3_86.37
44.3,86.37,83.5,213.5715485,325.5167236,35.49832153,21.50014496,84.46639252,200.0,505.0,449.0,0.223090529,1995.967163,0.679553509,13.0,2.060774648,1.118668036867667,44.3_86.37
44.3,86.37,83.5,213.5715485,325.5167236,35.49832153,21.50014496,84.46639252,200.0,505.0,449.0,0.223090529,1995.967163,0.679553509,13.0,2.060774648,1.118668036867667,44.3_86.37
44.3,86.37,83.5,213.5715485,325.5167236,35.49832153,21.50014496,84.46639252,200.0,505.0,449.0,0.223090529,1995.967163,0.679553509,13.0,2.075633803,1.1235109948164927,44.3_86.37
44.3,86.37,83.5,213.5715485,325.5167236,35.49832153,21.50014496,84.46639252,200.0,505.0,449.0,0.223090529,1995.967163,0.679553509,13.0,2.112676056,1.13548282436784,44.3_86.37
44.3,86.37,83.5,213.5715485,325.5167236,35.49832153,21.50014496,84.46639252,200.0,505.0,449.0,0.223090529,1995.967163,0.679553509,13.0,2.134929577,1.1426067103557023,44.3_86.37
44.3,86.37,83.5,213.5715485,325.5167236,35.49832153,21.50014496,84.46639252,200.0,505.0,449.0,0.223090529,1995.967163,0.679553509,13.0,2.14971831,1.147313023442027,44.3_86.37
44.3,86.37,83.5,213.5715485,325.5167236,35.49832153,21.50014496,84.46639252,200.0,505.0,449.0,0.223090529,1995.967163,0.679553509,13.0,2.14971831,1.147313023442027,44.3_86.37
44.3,86.37,83.5,213.5715485,325.5167236,35.49832153,21.50014496,84.46639252,200.0,505.0,449.0,0.223090529,1995.967163,0.679553509,13.0,2.151690141,1.1479388616430237,44.3_86.37
44.3,86.37,83.5,213.5715485,325.5167236,35.49832153,21.50014496,84.46639252,200.0,505.0,449.0,0.223090529,1995.967163,0.679553509,13.0,2.164577465,1.1520195443142367,44.3_86.37
44.3,86.37,83.5,213.5715485,325.5167236,35.49832153,21.50014496,84.46639252,200.0,505.0,449.0,0.223090529,1995.967163,0.679553509,13.0,2.164577465,1.1520195443142367,44.3_86.37
44.3,86.37,83.5,213.5715485,325.5167236,35.49832153,21.50014496,84.46639252,200.0,505.0,449.0,0.223090529,1995.967163,0.679553509,13.0,2.171971831,1.1543534232161456,44.3_86.37
44.3,86.37,83.5,213.5715485,325.5167236,35.49832153,21.50014496,84.46639252,200.0,505.0,449.0,0.223090529,1995.967163,0.679553509,13.0,2.222957746,1.1702994926015353,44.3_86.37
44.3,86.37,83.5,213.5715485,325.5167236,35.49832153,21.50014496,84.46639252,200.0,505.0,449.0,0.223090529,1995.967163,0.679553509,13.0,2.223873239,1.1705835059433722,44.3_86.37
44.3,86.37,83.5,213.5715485,325.5167236,35.49832153,21.50014496,84.46639252,200.0,505.0,449.0,0.223090529,1995.967163,0.679553509,13.0,2.238661972,1.1751602729030424,44.3_86.37
44.3,86.37,83.5,213.5715485,325.5167236,35.49832153,21.50014496,84.46639252,200.0,505.0,449.0,0.223090529,1995.967163,0.679553509,13.0,2.238661972,1.1751602729030424,44.3_86.37
44.3,86.37,83.5,213.5715485,325.5167236,35.49832153,21.50014496,84.46639252,200.0,505.0,449.0,0.223090529,1995.967163,0.679553509,13.0,2.253521127,1.1797378335540711,44.3_86.37
44.3,86.37,83.5,213.5715485,325.5167236,35.49832153,21.50014496,84.46639252,200.0,505.0,449.0,0.223090529,1995.967163,0.679553509,13.0,2.263732394,1.182871446608379,44.3_86.37
44.3,86.37,83.5,213.5715485,325.5167236,35.49832153,21.50014496,84.46639252,200.0,505.0,449.0,0.223090529,1995.967163,0.679553509,13.0,2.268380282,1.18429453558891,44.3_86.37
44.3,86.37,83.5,213.5715485,325.5167236,35.49832153,21.50014496,84.46639252,200.0,505.0,449.0,0.223090529,1995.967163,0.679553509,13.0,2.268380282,1.18429453558891,44.3_86.37
44.3,86.37,83.5,213.5715485,325.5167236,35.49832153,21.50014496,84.46639252,200.0,505.0,449.0,0.223090529,1995.967163,0.679553509,13.0,2.29056338,1.191058790238945,44.3_86.37
44.3,86.37,83.5,213.5715485,325.5167236,35.49832153,21.50014496,84.46639252,200.0,505.0,449.0,0.223090529,1995.967163,0.679553509,13.0,2.29056338,1.191058790238945,44.3_86.37
44.3,86.37,83.5,213.5715485,325.5167236,35.49832153,21.50014496,84.46639252,200.0,505.0,449.0,0.223090529,1995.967163,0.679553509,13.0,2.298028169,1.1933247653380445,44.3_86.37
44.3,86.37,83.5,213.5715485,325.5167236,35.49832153,21.50014496,84.46639252,200.0,505.0,449.0,0.223090529,1995.967163,0.679553509,13.0,2.30443662,1.1952659958382452,44.3_86.37
44.3,86.37,83.5,213.5715485,325.5167236,35.49832153,21.50014496,84.46639252,200.0,505.0,449.0,0.223090529,1995.967163,0.679553509,13.0,2.327676056,1.2022741792789122,44.3_86.37
44.3,86.37,83.5,213.5715485,325.5167236,35.49832153,21.50014496,84.46639252,200.0,505.0,449.0,0.223090529,1995.967163,0.679553509,13.0,2.327676056,1.2022741792789122,44.3_86.37
44.3,86.37,83.5,213.5715485,325.5167236,35.49832153,21.50014496,84.46639252,200.0,505.0,449.0,0.223090529,1995.967163,0.679553509,13.0,2.335,1.204472679367587,44.3_86.37
44.3,86.37,83.5,213.5715485,325.5167236,35.49832153,21.50014496,84.46639252,200.0,505.0,449.0,0.223090529,1995.967163,0.679553509,13.0,2.335,1.204472679367587,44.3_86.37
44.3,86.37,83.5,213.5715485,325.5167236,35.49832153,21.50014496,84.46639252,200.0,505.0,449.0,0.223090529,1995.967163,0.679553509,13.0,2.355352113,1.2105567166304592,44.3_86.37
44.3,86.37,83.5,213.5715485,325.5167236,35.49832153,21.50014496,84.46639252,200.0,505.0,449.0,0.223090529,1995.967163,0.679553509,13.0,2.355352113,1.2105567166304592,44.3_86.37
44.3,86.37,83.5,213.5715485,325.5167236,35.49832153,21.50014496,84.46639252,200.0,505.0,449.0,0.223090529,1995.967163,0.679553509,13.0,2.355352113,1.2105567166304592,44.3_86.37
44.3,86.37,83.5,213.5715485,325.5167236,35.49832153,21.50014496,84.46639252,200.0,505.0,449.0,0.223090529,1995.967163,0.679553509,13.0,2.36471831,1.2133442478541836,44.3_86.37
44.3,86.37,83.5,213.5715485,325.5167236,35.49832153,21.50014496,84.46639252,200.0,505.0,449.0,0.223090529,1995.967163,0.679553509,13.0,2.372112676,1.2155394547652014,44.3_86.37
44.3,86.37,83.5,213.5715485,325.5167236,35.49832153,21.50014496,84.46639252,200.0,505.0,449.0,0.223090529,1995.967163,0.679553509,13.0,2.386971831,1.2199362570015222,44.3_86.37
44.3,86.37,83.5,213.5715485,325.5167236,35.49832153,21.50014496,84.46639252,200.0,505.0,449.0,0.223090529,1995.967163,0.679553509,13.0,2.396056338,1.2226148578285754,44.3_86.37
44.3,86.37,83.5,213.5715485,325.5167236,35.49832153,21.50014496,84.46639252,200.0,505.0,449.0,0.223090529,1995.967163,0.679553509,13.0,2.396056338,1.2226148578285754,44.3_86.37
44.3,86.37,83.5,213.5715485,325.5167236,35.49832153,21.50014496,84.46639252,200.0,505.0,449.0,0.223090529,1995.967163,0.679553509,13.0,2.401760563,1.2242931102504682,44.3_86.37
44.3,86.37,83.5,213.5715485,325.5167236,35.49832153,21.50014496,84.46639252,200.0,505.0,449.0,0.223090529,1995.967163,0.679553509,13.0,2.406267606,1.2256171481500042,44.3_86.37
44.3,86.37,83.5,213.5715485,325.5167236,35.49832153,21.50014496,84.46639252,200.0,505.0,449.0,0.223090529,1995.967163,0.679553509,13.0,2.436760563,1.2345293309079874,44.3_86.37
44.3,86.37,83.5,213.5715485,325.5167236,35.49832153,21.50014496,84.46639252,200.0,505.0,449.0,0.223090529,1995.967163,0.679553509,13.0,2.446267606,1.2372917920842055,44.3_86.37
44.3,86.37,83.5,213.5715485,325.5167236,35.49832153,21.50014496,84.46639252,200.0,505.0,449.0,0.223090529,1995.967163,0.679553509,13.0,2.446971831,1.2374961154676847,44.3_86.37
44.3,86.37,83.5,213.5715485,325.5167236,35.49832153,21.50014496,84.46639252,200.0,505.0,449.0,0.223090529,1995.967163,0.679553509,13.0,2.461056338,1.2415738424750713,44.3_86.37
44.3,86.37,83.5,213.5715485,325.5167236,35.49832153,21.50014496,84.46639252,200.0,505.0,449.0,0.223090529,1995.967163,0.679553509,13.0,2.468521127,1.2437283149303335,44.3_86.37
44.3,86.37,83.5,213.5715485,325.5167236,35.49832153,21.50014496,84.46639252,200.0,505.0,449.0,0.223090529,1995.967163,0.679553509,13.0,2.477535211,1.2463237701416259,44.3_86.37
44.3,86.37,83.5,213.5715485,325.5167236,35.49832153,21.50014496,84.46639252,200.0,505.0,449.0,0.223090529,1995.967163,0.679553509,13.0,2.538591549,1.2637287804612791,44.3_86.37
44.3,86.37,83.5,213.5715485,325.5167236,35.49832153,21.50014496,84.46639252,200.0,505.0,449.0,0.223090529,1995.967163,0.679553509,13.0,2.538591549,1.2637287804612791,44.3_86.37
44.3,86.37,83.5,213.5715485,325.5167236,35.49832153,21.50014496,84.46639252,200.0,505.0,449.0,0.223090529,1995.967163,0.679553509,13.0,2.574225352,1.2737484679111928,44.3_86.37
44.3,86.37,83.5,213.5715485,325.5167236,35.49832153,21.50014496,84.46639252,200.0,505.0,449.0,0.223090529,1995.967163,0.679553509,13.0,2.59971831,1.2808555951783684,44.3_86.37
44.3,86.37,83.5,213.5715485,325.5167236,35.49832153,21.50014496,84.46639252,200.0,505.0,449.0,0.223090529,1995.967163,0.679553509,13.0,2.62415493,1.2876211383706833,44.3_86.37
44.3,86.37,83.5,213.5715485,325.5167236,35.49832153,21.50014496,84.46639252,200.0,505.0,449.0,0.223090529,1995.967163,0.679553509,13.0,2.630211268,1.2892908471341373,44.3_86.37
44.3,86.37,83.5,213.5715485,325.5167236,35.49832153,21.50014496,84.46639252,200.0,505.0,449.0,0.223090529,1995.967163,0.679553509,13.0,2.639014085,1.2917127891913698,44.3_86.37
44.3,86.37,83.5,213.5715485,325.5167236,35.49832153,21.50014496,84.46639252,200.0,505.0,449.0,0.223090529,1995.967163,0.679553509,13.0,2.639014085,1.2917127891913698,44.3_86.37
44.3,86.37,83.5,213.5715485,325.5167236,35.49832153,21.50014496,84.46639252,200.0,505.0,449.0,0.223090529,1995.967163,0.679553509,13.0,2.640422535,1.2920997559557224,44.3_86.37
44.3,86.37,83.5,213.5715485,325.5167236,35.49832153,21.50014496,84.46639252,200.0,505.0,449.0,0.223090529,1995.967163,0.679553509,13.0,2.646408451,1.2937426971349428,44.3_86.37
44.3,86.37,83.5,213.5715485,325.5167236,35.49832153,21.50014496,84.46639252,200.0,505.0,449.0,0.223090529,1995.967163,0.679553509,13.0,2.661197183,1.2977901931083289,44.3_86.37
44.3,86.37,83.5,213.5715485,325.5167236,35.49832153,21.50014496,84.46639252,200.0,505.0,449.0,0.223090529,1995.967163,0.679553509,13.0,2.683450704,1.3038500041273295,44.3_86.37
44.3,86.37,83.5,213.5715485,325.5167236,35.49832153,21.50014496,84.46639252,200.0,505.0,449.0,0.223090529,1995.967163,0.679553509,13.0,2.698309859,1.3078759204227568,44.3_86.37
44.3,86.37,83.5,213.5715485,325.5167236,35.49832153,21.50014496,84.46639252,200.0,505.0,449.0,0.223090529,1995.967163,0.679553509,13.0,2.713098592,1.3118667280339027,44.3_86.37
44.3,86.37,83.5,213.5715485,325.5167236,35.49832153,21.50014496,84.46639252,200.0,505.0,449.0,0.223090529,1995.967163,0.679553509,13.0,2.721901408,1.3142346688848026,44.3_86.37
44.3,86.37,83.5,213.5715485,325.5167236,35.49832153,21.50014496,84.46639252,200.0,505.0,449.0,0.223090529,1995.967163,0.679553509,13.0,2.803309859,1.3358717031447591,44.3_86.37
44.3,86.37,83.5,213.5715485,325.5167236,35.49832153,21.50014496,84.46639252,200.0,505.0,449.0,0.223090529,1995.967163,0.679553509,13.0,2.803309859,1.3358717031447591,44.3_86.37
44.3,86.37,83.5,213.5715485,325.5167236,35.49832153,21.50014496,84.46639252,200.0,505.0,449.0,0.223090529,1995.967163,0.679553509,13.0,2.854225352,1.3491700405193772,44.3_86.37
44.3,86.37,83.5,213.5715485,325.5167236,35.49832153,21.50014496,84.46639252,200.0,505.0,449.0,0.223090529,1995.967163,0.679553509,13.0,2.868802817,1.3529451095708258,44.3_86.37
44.3,86.37,83.5,213.5715485,325.5167236,35.49832153,21.50014496,84.46639252,200.0,505.0,449.0,0.223090529,1995.967163,0.679553509,13.0,2.874577465,1.3544366155695542,44.3_86.37
44.3,86.37,83.5,213.5715485,325.5167236,35.49832153,21.50014496,84.46639252,200.0,505.0,449.0,0.223090529,1995.967163,0.679553509,13.0,2.898450704,1.3605792188241617,44.3_86.37
44.3,86.37,83.5,213.5715485,325.5167236,35.49832153,21.50014496,84.46639252,200.0,505.0,449.0,0.223090529,1995.967163,0.679553509,13.0,2.913239437,1.3643655314916814,44.3_86.37
44.3,86.37,83.5,213.5715485,325.5167236,35.49832153,21.50014496,84.46639252,200.0,505.0,449.0,0.223090529,1995.967163,0.679553509,13.0,2.950352113,1.3738047174717167,44.3_86.37
44.3,86.37,83.5,213.5715485,325.5167236,35.49832153,21.50014496,84.46639252,200.0,505.0,449.0,0.223090529,1995.967163,0.679553509,13.0,2.994788732,1.3849906947159976,44.3_86.37
44.3,86.37,83.5,213.5715485,325.5167236,35.49832153,21.50014496,84.46639252,200.0,505.0,449.0,0.223090529,1995.967163,0.679553509,13.0,2.994788732,1.3849906947159976,44.3_86.37
44.3,86.37,83.5,213.5715485,325.5167236,35.49832153,21.50014496,84.46639252,200.0,505.0,449.0,0.223090529,1995.967163,0.679553509,13.0,3.017112676,1.3905634047721565,44.3_86.37
44.3,86.37,83.5,213.5715485,325.5167236,35.49832153,21.50014496,84.46639252,200.0,505.0,449.0,0.223090529,1995.967163,0.679553509,13.0,3.022253521,1.391842322929319,44.3_86.37
44.3,86.37,83.5,213.5715485,325.5167236,35.49832153,21.50014496,84.46639252,200.0,505.0,449.0,0.223090529,1995.967163,0.679553509,13.0,3.032394366,1.3943603350138543,44.3_86.37
44.3,86.37,83.5,213.5715485,325.5167236,35.49832153,21.50014496,84.46639252,200.0,505.0,449.0,0.223090529,1995.967163,0.679553509,13.0,3.042605634,1.3968894429873364,44.3_86.37
44.3,86.37,83.5,213.5715485,325.5167236,35.49832153,21.50014496,84.46639252,200.0,505.0,449.0,0.223090529,1995.967163,0.679553509,13.0,3.068028169,1.403158402695279,44.3_86.37
44.3,86.37,83.5,213.5715485,325.5167236,35.49832153,21.50014496,84.46639252,200.0,505.0,449.0,0.223090529,1995.967163,0.679553509,13.0,3.068028169,1.403158402695279,44.3_86.37
44.3,86.37,83.5,213.5715485,325.5167236,35.49832153,21.50014496,84.46639252,200.0,505.0,449.0,0.223090529,1995.967163,0.679553509,13.0,3.068028169,1.403158402695279,44.3_86.37
44.3,86.37,83.5,213.5715485,325.5167236,35.49832153,21.50014496,84.46639252,200.0,505.0,449.0,0.223090529,1995.967163,0.679553509,13.0,3.098591549,1.4106433900580122,44.3_86.37
44.3,86.37,83.5,213.5715485,325.5167236,35.49832153,21.50014496,84.46639252,200.0,505.0,449.0,0.223090529,1995.967163,0.679553509,13.0,3.190211268,1.4327511546199427,44.3_86.37
44.3,86.37,83.5,213.5715485,325.5167236,35.49832153,21.50014496,84.46639252,200.0,505.0,449.0,0.223090529,1995.967163,0.679553509,13.0,3.209788732,1.4374124640123072,44.3_86.37
44.3,86.37,83.5,213.5715485,325.5167236,35.49832153,21.50014496,84.46639252,200.0,505.0,449.0,0.223090529,1995.967163,0.679553509,13.0,3.302253521,1.4591389600715203,44.3_86.37
44.3,86.37,83.5,213.5715485,325.5167236,35.49832153,21.50014496,84.46639252,200.0,505.0,449.0,0.223090529,1995.967163,0.679553509,13.0,3.332746479,1.4662016316991608,44.3_86.37
44.3,86.37,83.5,213.5715485,325.5167236,35.49832153,21.50014496,84.46639252,200.0,505.0,449.0,0.223090529,1995.967163,0.679553509,13.0,3.332746479,1.4662016316991608,44.3_86.37
44.3,86.37,83.5,213.5715485,325.5167236,35.49832153,21.50014496,84.46639252,200.0,505.0,449.0,0.223090529,1995.967163,0.679553509,13.0,3.383661972,1.4778844417459693,44.3_86.37
44.3,86.37,83.5,213.5715485,325.5167236,35.49832153,21.50014496,84.46639252,200.0,505.0,449.0,0.223090529,1995.967163,0.679553509,13.0,3.404014085,1.482516417084202,44.3_86.37
44.3,86.37,83.5,213.5715485,325.5167236,35.49832153,21.50014496,84.46639252,200.0,505.0,449.0,0.223090529,1995.967163,0.679553509,13.0,3.404014085,1.482516417084202,44.3_86.37
44.3,86.37,83.5,213.5715485,325.5167236,35.49832153,21.50014496,84.46639252,200.0,505.0,449.0,0.223090529,1995.967163,0.679553509,13.0,3.454929577,1.4940112531659564,44.3_86.37
44.3,86.37,83.5,213.5715485,325.5167236,35.49832153,21.50014496,84.46639252,200.0,505.0,449.0,0.223090529,1995.967163,0.679553509,13.0,3.526197183,1.509882112987929,44.3_86.37
44.3,86.37,83.5,213.5715485,325.5167236,35.49832153,21.50014496,84.46639252,200.0,505.0,449.0,0.223090529,1995.967163,0.679553509,13.0,3.541478873,1.5132527019620818,44.3_86.37
44.3,86.37,83.5,213.5715485,325.5167236,35.49832153,21.50014496,84.46639252,200.0,505.0,449.0,0.223090529,1995.967163,0.679553509,13.0,3.597464789,1.5255050187394414,44.3_86.37
44.3,86.37,83.5,213.5715485,325.5167236,35.49832153,21.50014496,84.46639252,200.0,505.0,449.0,0.223090529,1995.967163,0.679553509,13.0,3.750211268,1.5581890945311405,44.3_86.37
44.3,86.37,83.5,213.5715485,325.5167236,35.49832153,21.50014496,84.46639252,200.0,505.0,449.0,0.223090529,1995.967163,0.679553509,13.0,3.760422535,1.5603364321608384,44.3_86.37
44.3,86.37,83.5,213.5715485,325.5167236,35.49832153,21.50014496,84.46639252,200.0,505.0,449.0,0.223090529,1995.967163,0.679553509,13.0,3.790915493,1.5667215190478636,44.3_86.37
44.3,86.37,83.5,213.5715485,325.5167236,35.49832153,21.50014496,84.46639252,200.0,505.0,449.0,0.223090529,1995.967163,0.679553509,13.0,3.801126761,1.5688506322412823,44.3_86.37
44.3,86.37,83.5,213.5715485,325.5167236,35.49832153,21.50014496,84.46639252,200.0,505.0,449.0,0.223090529,1995.967163,0.679553509,13.0,3.852042254,1.5793996996176682,44.3_86.37
44.3,86.37,83.5,213.5715485,325.5167236,35.49832153,21.50014496,84.46639252,200.0,505.0,449.0,0.223090529,1995.967163,0.679553509,13.0,3.882605634,1.5856790187625134,44.3_86.37
44.3,86.37,83.5,213.5715485,325.5167236,35.49832153,21.50014496,84.46639252,200.0,505.0,449.0,0.223090529,1995.967163,0.679553509,13.0,3.913098592,1.5919048205609794,44.3_86.37
44.3,86.37,83.5,213.5715485,325.5167236,35.49832153,21.50014496,84.46639252,200.0,505.0,449.0,0.223090529,1995.967163,0.679553509,13.0,3.913098592,1.5919048205609794,44.3_86.37
44.3,86.37,83.5,213.5715485,325.5167236,35.49832153,21.50014496,84.46639252,200.0,505.0,449.0,0.223090529,1995.967163,0.679553509,13.0,3.923309859,1.5939810398881857,44.3_86.37
44.3,86.37,83.5,213.5715485,325.5167236,35.49832153,21.50014496,84.46639252,200.0,505.0,449.0,0.223090529,1995.967163,0.679553509,13.0,4.025140845,1.6144534824080599,44.3_86.37
44.3,86.37,83.5,213.5715485,325.5167236,35.49832153,21.50014496,84.46639252,200.0,505.0,449.0,0.223090529,1995.967163,0.679553509,13.0,4.025140845,1.6144534824080599,44.3_86.37
44.3,86.37,83.5,213.5715485,325.5167236,35.49832153,21.50014496,84.46639252,200.0,505.0,449.0,0.223090529,1995.967163,0.679553509,13.0,4.076056338,1.624534648687318,44.3_86.37
44.3,86.37,83.5,213.5715485,325.5167236,35.49832153,21.50014496,84.46639252,200.0,505.0,449.0,0.223090529,1995.967163,0.679553509,13.0,4.096408451,1.6285360663530524,44.3_86.37
44.3,86.37,83.5,213.5715485,325.5167236,35.49832153,21.50014496,84.46639252,200.0,505.0,449.0,0.223090529,1995.967163,0.679553509,13.0,4.106549296,1.6305238915681932,44.3_86.37
44.3,86.37,83.5,213.5715485,325.5167236,35.49832153,21.50014496,84.46639252,200.0,505.0,449.0,0.223090529,1995.967163,0.679553509,13.0,4.147323944,1.6384769571008035,44.3_86.37
44.3,86.37,83.5,213.5715485,325.5167236,35.49832153,21.50014496,84.46639252,200.0,505.0,449.0,0.223090529,1995.967163,0.679553509,13.0,4.381478873,1.6829632198574065,44.3_86.37
44.3,86.37,83.5,213.5715485,325.5167236,35.49832153,21.50014496,84.46639252,200.0,505.0,449.0,0.223090529,1995.967163,0.679553509,13.0,4.432394366,1.6923799881365689,44.3_86.37
44.3,86.37,83.5,213.5715485,325.5167236,35.49832153,21.50014496,84.46639252,200.0,505.0,449.0,0.223090529,1995.967163,0.679553509,13.0,4.59528169,1.7219236872346932,44.3_86.37
44.3,86.37,83.5,213.5715485,325.5167236,35.49832153,21.50014496,84.46639252,200.0,505.0,449.0,0.223090529,1995.967163,0.679553509,13.0,4.635985915,1.729172094920465,44.3_86.37
43.86,87.0,70.58350372,310.9242859,278.6005249,49.58656693,32.06658173,81.22851563,198.5882416,599.0,985.5,5.397688866,1092.571777,0.222410902,10.0,3.3643,1.473457809879356,43.86_87.0
43.86,87.0,70.58350372,310.9242859,278.6005249,49.58656693,32.06658173,81.22851563,198.5882416,599.0,985.5,5.397688866,1092.571777,0.222410902,10.0,3.6857,1.5445153175496493,43.86_87.0
43.86,87.0,70.58350372,310.9242859,278.6005249,49.58656693,32.06658173,81.22851563,198.5882416,599.0,985.5,5.397688866,1092.571777,0.222410902,10.0,4.1395,1.6369557984708396,43.86_87.0
43.86,87.0,70.58350372,310.9242859,278.6005249,49.58656693,32.06658173,81.22851563,198.5882416,599.0,985.5,5.397688866,1092.571777,0.222410902,10.0,4.3071,1.669045546705728,43.86_87.0
43.86,87.0,70.58350372,310.9242859,278.6005249,49.58656693,32.06658173,81.22851563,198.5882416,599.0,985.5,5.397688866,1092.571777,0.222410902,10.0,4.3971,1.6858617722771525,43.86_87.0
43.86,87.0,70.58350372,310.9242859,278.6005249,49.58656693,32.06658173,81.22851563,198.5882416,599.0,985.5,5.397688866,1092.571777,0.222410902,10.0,4.5116,1.706854962137611,43.86_87.0
43.86,87.0,70.58350372,310.9242859,278.6005249,49.58656693,32.06658173,81.22851563,198.5882416,599.0,985.5,5.397688866,1092.571777,0.222410902,10.0,4.5116,1.706854962137611,43.86_87.0
43.86,87.0,70.58350372,310.9242859,278.6005249,49.58656693,32.06658173,81.22851563,198.5882416,599.0,985.5,5.397688866,1092.571777,0.222410902,10.0,4.6787,1.7367223332981465,43.86_87.0
43.86,87.0,70.58350372,310.9242859,278.6005249,49.58656693,32.06658173,81.22851563,198.5882416,599.0,985.5,5.397688866,1092.571777,0.222410902,10.0,4.7176,1.743549136923632,43.86_87.0
43.86,87.0,70.58350372,310.9242859,278.6005249,49.58656693,32.06658173,81.22851563,198.5882416,599.0,985.5,5.397688866,1092.571777,0.222410902,10.0,4.8,1.7578579175523736,43.86_87.0
43.86,87.0,70.58350372,310.9242859,278.6005249,49.58656693,32.06658173,81.22851563,198.5882416,599.0,985.5,5.397688866,1092.571777,0.222410902,10.0,4.8605,1.768234924181098,43.86_87.0
43.86,87.0,70.58350372,310.9242859,278.6005249,49.58656693,32.06658173,81.22851563,198.5882416,599.0,985.5,5.397688866,1092.571777,0.222410902,10.0,4.9176,1.7779309612915208,43.86_87.0
43.86,87.0,70.58350372,310.9242859,278.6005249,49.58656693,32.06658173,81.22851563,198.5882416,599.0,985.5,5.397688866,1092.571777,0.222410902,10.0,4.9647,1.7858587609070864,43.86_87.0
43.86,87.0,70.58350372,310.9242859,278.6005249,49.58656693,32.06658173,81.22851563,198.5882416,599.0,985.5,5.397688866,1092.571777,0.222410902,10.0,5.1412,1.815020162802607,43.86_87.0
43.86,87.0,70.58350372,310.9242859,278.6005249,49.58656693,32.06658173,81.22851563,198.5882416,599.0,985.5,5.397688866,1092.571777,0.222410902,10.0,5.1986,1.8243234601013176,43.86_87.0
43.86,87.0,70.58350372,310.9242859,278.6005249,49.58656693,32.06658173,81.22851563,198.5882416,599.0,985.5,5.397688866,1092.571777,0.222410902,10.0,5.6751,1.8983841854475032,43.86_87.0
43.86,87.0,70.58350372,310.9242859,278.6005249,49.58656693,32.06658173,81.22851563,198.5882416,599.0,985.5,5.397688866,1092.571777,0.222410902,10.0,6.358,1.9957881566825826,43.86_87.0
43.86,87.0,70.58350372,310.9242859,278.6005249,49.58656693,32.06658173,81.22851563,198.5882416,599.0,985.5,5.397688866,1092.571777,0.222410902,10.0,6.3764,1.998285714718827,43.86_87.0
43.86,87.0,70.58350372,310.9242859,278.6005249,49.58656693,32.06658173,81.22851563,198.5882416,599.0,985.5,5.397688866,1092.571777,0.222410902,10.0,6.5535,2.0220110320016427,43.86_87.0
43.86,87.0,70.58350372,310.9242859,278.6005249,49.58656693,32.06658173,81.22851563,198.5882416,599.0,985.5,5.397688866,1092.571777,0.222410902,10.0,6.575,2.024853351395433,43.86_87.0
43.86,87.0,70.58350372,310.9242859,278.6005249,49.58656693,32.06658173,81.22851563,198.5882416,599.0,985.5,5.397688866,1092.571777,0.222410902,10.0,7.4647,2.1359045749098318,43.86_87.0
43.86,87.0,70.58350372,310.9242859,278.6005249,49.58656693,32.06658173,81.22851563,198.5882416,599.0,985.5,5.397688866,1092.571777,0.222410902,10.0,7.5298,2.1435659145698596,43.86_87.0
43.86,87.0,70.58350372,310.9242859,278.6005249,49.58656693,32.06658173,81.22851563,198.5882416,599.0,985.5,5.397688866,1092.571777,0.222410902,10.0,7.5387,2.1446087713887483,43.86_87.0
43.86,87.0,70.58350372,310.9242859,278.6005249,49.58656693,32.06658173,81.22851563,198.5882416,599.0,985.5,5.397688866,1092.571777,0.222410902,10.0,9.1882,2.321230187862885,43.86_87.0
45.76,126.91,43.48355103,564.2006836,267.4832764,103.8983459,27.94033623,63.76317978,200.0,451.0,150.5,1.467966557,3406.262207,0.797415793,4.0,0.623982301,0.48488134328108345,45.76_126.91
45.76,126.91,43.48355103,564.2006836,267.4832764,103.8983459,27.94033623,63.76317978,200.0,451.0,150.5,1.467966557,3406.262207,0.797415793,4.0,0.702212389,0.5319288102624128,45.76_126.91
45.76,126.91,43.48355103,564.2006836,267.4832764,103.8983459,27.94033623,63.76317978,200.0,451.0,150.5,1.467966557,3406.262207,0.797415793,4.0,0.860973451,0.6210997115723246,45.76_126.91
45.76,126.91,43.48355103,564.2006836,267.4832764,103.8983459,27.94033623,63.76317978,200.0,451.0,150.5,1.467966557,3406.262207,0.797415793,4.0,0.891150442,0.6371853433600707,45.76_126.91
45.43,-73.93,69.5,1044.871826,253.5,13.99997234,49.93118668,62.12562561,200.0,826.0,35.0,0.306004524,5403.929199,0.70979768,4.0,0.231884058,0.2085447519165865,45.43_-73.93
45.43,-73.93,69.5,1044.871826,253.5,13.99997234,49.93118668,62.12562561,200.0,826.0,35.0,0.306004524,5403.929199,0.70979768,4.0,0.275362319,0.2432303100059471,45.43_-73.93
45.43,-73.93,69.5,1044.871826,253.5,13.99997234,49.93118668,62.12562561,200.0,826.0,35.0,0.306004524,5403.929199,0.70979768,4.0,0.362318841,0.30918827798125514,45.43_-73.93
45.43,-73.93,69.5,1044.871826,253.5,13.99997234,49.93118668,62.12562561,200.0,826.0,35.0,0.306004524,5403.929199,0.70979768,4.0,0.420289855,0.3508609740222921,45.43_-73.93
45.43,-73.93,69.5,1044.871826,253.5,13.99997234,49.93118668,62.12562561,200.0,826.0,35.0,0.306004524,5403.929199,0.70979768,4.0,0.471014493,0.3859522940520703,45.43_-73.93
45.43,-73.93,69.5,1044.871826,253.5,13.99997234,49.93118668,62.12562561,200.0,826.0,35.0,0.306004524,5403.929199,0.70979768,4.0,0.492753623,0.4006224835061628,45.43_-73.93
45.43,-73.93,69.5,1044.871826,253.5,13.99997234,49.93118668,62.12562561,200.0,826.0,35.0,0.306004524,5403.929199,0.70979768,4.0,0.492753623,0.4006224835061628,45.43_-73.93
45.43,-73.93,69.5,1044.871826,253.5,13.99997234,49.93118668,62.12562561,200.0,826.0,35.0,0.306004524,5403.929199,0.70979768,4.0,0.615942029,0.47991808631188265,45.43_-73.93
45.43,-73.93,69.5,1044.871826,253.5,13.99997234,49.93118668,62.12562561,200.0,826.0,35.0,0.306004524,5403.929199,0.70979768,4.0,0.630434783,0.4888467172872154,45.43_-73.93
45.43,-73.93,69.5,1044.871826,253.5,13.99997234,49.93118668,62.12562561,200.0,826.0,35.0,0.306004524,5403.929199,0.70979768,4.0,0.782608696,0.5780778509702801,45.43_-73.93
45.43,-73.93,69.5,1044.871826,253.5,13.99997234,49.93118668,62.12562561,200.0,826.0,35.0,0.306004524,5403.929199,0.70979768,4.0,0.811594203,0.5942072327610417,45.43_-73.93
45.43,-73.93,69.5,1044.871826,253.5,13.99997234,49.93118668,62.12562561,200.0,826.0,35.0,0.306004524,5403.929199,0.70979768,4.0,0.826086957,0.6021754026161233,45.43_-73.93
45.43,-73.93,69.5,1044.871826,253.5,13.99997234,49.93118668,62.12562561,200.0,826.0,35.0,0.306004524,5403.929199,0.70979768,4.0,0.833333333,0.6061358033884974,45.43_-73.93
45.43,-73.93,69.5,1044.871826,253.5,13.99997234,49.93118668,62.12562561,200.0,826.0,35.0,0.306004524,5403.929199,0.70979768,4.0,0.876811594,0.629574376434225,45.43_-73.93
45.43,-73.93,69.5,1044.871826,253.5,13.99997234,49.93118668,62.12562561,200.0,826.0,35.0,0.306004524,5403.929199,0.70979768,4.0,1.0,0.6931471805599453,45.43_-73.93
45.43,-73.93,69.5,1044.871826,253.5,13.99997234,49.93118668,62.12562561,200.0,826.0,35.0,0.306004524,5403.929199,0.70979768,4.0,1.014492754,0.7003674287204827,45.43_-73.93
45.43,-73.93,69.5,1044.871826,253.5,13.99997234,49.93118668,62.12562561,200.0,826.0,35.0,0.306004524,5403.929199,0.70979768,4.0,1.050724638,0.7181932126415099,45.43_-73.93
45.43,-73.93,69.5,1044.871826,253.5,13.99997234,49.93118668,62.12562561,200.0,826.0,35.0,0.306004524,5403.929199,0.70979768,4.0,1.065217391,0.7252354949640775,45.43_-73.93
45.43,-73.93,69.5,1044.871826,253.5,13.99997234,49.93118668,62.12562561,200.0,826.0,35.0,0.306004524,5403.929199,0.70979768,4.0,1.413043478,0.8808888047151311,45.43_-73.93
45.43,-73.93,69.5,1044.871826,253.5,13.99997234,49.93118668,62.12562561,200.0,826.0,35.0,0.306004524,5403.929199,0.70979768,4.0,1.52173913,0.9249487944448559,45.43_-73.93
29.71,92.18,-19.33350563,502.1460876,128.6331787,107.010025,59.84063721,65.12519836,199.1875,1092.0,4542.0,24.99576187,2051.032227,0.188144103,10.0,5.855855856,1.9251031565703767,29.71_92.18
29.71,92.18,-19.33350563,502.1460876,128.6331787,107.010025,59.84063721,65.12519836,199.1875,1092.0,4542.0,24.99576187,2051.032227,0.188144103,10.0,10.0,2.3978952727983707,29.71_92.18
29.71,92.18,-19.33350563,502.1460876,128.6331787,107.010025,59.84063721,65.12519836,199.1875,1092.0,4542.0,24.99576187,2051.032227,0.188144103,10.0,11.17117117,2.4990701365516395,29.71_92.18
29.71,92.18,-19.33350563,502.1460876,128.6331787,107.010025,59.84063721,65.12519836,199.1875,1092.0,4542.0,24.99576187,2051.032227,0.188144103,10.0,12.34234234,2.590942612779908,29.71_92.18
29.71,92.18,-19.33350563,502.1460876,128.6331787,107.010025,59.84063721,65.12519836,199.1875,1092.0,4542.0,24.99576187,2051.032227,0.188144103,10.0,12.61261261,2.6109967607684794,29.71_92.18
29.71,92.18,-19.33350563,502.1460876,128.6331787,107.010025,59.84063721,65.12519836,199.1875,1092.0,4542.0,24.99576187,2051.032227,0.188144103,10.0,14.05405405,2.7116473270137598,29.71_92.18
29.89,92.3,-69.3992157,934.8821411,92.60043335,105.9949875,48.78803635,65.77760315,177.509613,1138.0,5373.0,15.6096487,441.5585938,0.047448106,10.0,13.18181818,2.6519607343229614,29.89_92.3
29.89,92.3,-69.3992157,934.8821411,92.60043335,105.9949875,48.78803635,65.77760315,177.509613,1138.0,5373.0,15.6096487,441.5585938,0.047448106,10.0,15.27272727,2.7894905328747868,29.89_92.3
29.97,92.76,-62.46422958,950.4581299,104.5352097,100.2983322,58.36110306,64.85705566,164.4876404,1070.0,5133.5,21.14539909,840.2928467,0.047448106,10.0,8.198198198,2.2190076168307837,29.97_92.76
29.97,92.76,-62.46422958,950.4581299,104.5352097,100.2983322,58.36110306,64.85705566,164.4876404,1070.0,5133.5,21.14539909,840.2928467,0.047448106,10.0,11.89189189,2.556598578097366,29.97_92.76
41.84,-88.26,98.5,984.340271,282.483551,30.60164452,26.05564499,64.58952332,200.0,211.0,228.5,0.386273086,5718.0,0.956236362,8.0,16.9,2.884800712846709,41.84_-88.26
41.84,-88.26,98.5,984.340271,282.483551,30.60164452,26.05564499,64.58952332,200.0,211.0,228.5,0.386273086,5718.0,0.956236362,8.0,26.9,3.32862668882732,41.84_-88.26
41.84,-88.26,98.5,984.340271,282.483551,30.60164452,26.05564499,64.58952332,200.0,211.0,228.5,0.386273086,5718.0,0.956236362,8.0,39.4,3.6988297849671046,41.84_-88.26
41.84,-88.26,98.5,984.340271,282.483551,30.60164452,26.05564499,64.58952332,200.0,211.0,228.5,0.386273086,5718.0,0.956236362,8.0,45.0,3.828641396489095,41.84_-88.26
41.84,-88.26,98.5,984.340271,282.483551,30.60164452,26.05564499,64.58952332,200.0,211.0,228.5,0.386273086,5718.0,0.956236362,8.0,45.4,3.8372994592322094,41.84_-88.26
-35.0,-58.83,162.5331421,1089.898438,290.5,31.69832802,29.06978989,63.11203384,200.0,387.0,32.0,0.097832069,7500.540039,0.751164258,8.0,4.149659864,1.6389306666692804,-35.0_-58.83
-35.0,-58.83,162.5331421,1089.898438,290.5,31.69832802,29.06978989,63.11203384,200.0,387.0,32.0,0.097832069,7500.540039,0.751164258,8.0,5.306122449,1.841520978790355,-35.0_-58.83
-35.0,-58.83,162.5331421,1089.898438,290.5,31.69832802,29.06978989,63.11203384,200.0,387.0,32.0,0.097832069,7500.540039,0.751164258,8.0,7.074829932,2.0887518078343015,-35.0_-58.83
-35.0,-58.83,162.5331421,1089.898438,290.5,31.69832802,29.06978989,63.11203384,200.0,387.0,32.0,0.097832069,7500.540039,0.751164258,8.0,7.551020408,2.1460506217924182,-35.0_-58.83
46.0,-111.83,49.33371353,349.2390442,271.3504028,57.30331802,30.60810852,66.86112976,200.0,987.0,1647.5,6.416553497,2279.338867,0.062272552,8.0,0.304558824,0.2658649177171148,46.0_-111.83
46.0,-111.83,49.33371353,349.2390442,271.3504028,57.30331802,30.60810852,66.86112976,200.0,987.0,1647.5,6.416553497,2279.338867,0.062272552,8.0,0.440441176,0.3649494388877458,46.0_-111.83
46.0,-111.83,49.33371353,349.2390442,271.3504028,57.30331802,30.60810852,66.86112976,200.0,987.0,1647.5,6.416553497,2279.338867,0.062272552,8.0,0.934632353,0.6599173099801408,46.0_-111.83
43.68,-80.23,69.5,941.0048828,250.5167236,12.30331707,35.5967598,67.54997253,200.0,778.0,392.5,0.924935818,5395.710938,0.58306843,4.0,6.067207792,1.9554654644178147,43.68_-80.23
43.68,-80.23,69.5,941.0048828,250.5167236,12.30331707,35.5967598,67.54997253,200.0,778.0,392.5,0.924935818,5395.710938,0.58306843,4.0,9.146428571,2.3171217786427,43.68_-80.23
43.68,-80.23,69.5,941.0048828,250.5167236,12.30331707,35.5967598,67.54997253,200.0,778.0,392.5,0.924935818,5395.710938,0.58306843,4.0,9.971103896,2.3952648978479374,43.68_-80.23
43.68,-80.23,69.5,941.0048828,250.5167236,12.30331707,35.5967598,67.54997253,200.0,778.0,392.5,0.924935818,5395.710938,0.58306843,4.0,12.11766234,2.5739595923359597,43.68_-80.23
43.68,-80.23,69.5,941.0048828,250.5167236,12.30331707,35.5967598,67.54997253,200.0,778.0,392.5,0.924935818,5395.710938,0.58306843,4.0,14.33006494,2.729815929013041,43.68_-80.23
43.68,-80.23,69.5,941.0048828,250.5167236,12.30331707,35.5967598,67.54997253,200.0,778.0,392.5,0.924935818,5395.710938,0.58306843,4.0,14.38279221,2.733249495714068,43.68_-80.23
43.68,-80.23,69.5,941.0048828,250.5167236,12.30331707,35.5967598,67.54997253,200.0,778.0,392.5,0.924935818,5395.710938,0.58306843,4.0,16.66727273,2.871713929767291,43.68_-80.23
43.68,-80.23,69.5,941.0048828,250.5167236,12.30331707,35.5967598,67.54997253,200.0,778.0,392.5,0.924935818,5395.710938,0.58306843,4.0,18.875,2.9894626605403958,43.68_-80.23
43.68,-80.23,69.5,941.0048828,250.5167236,12.30331707,35.5967598,67.54997253,200.0,778.0,392.5,0.924935818,5395.710938,0.58306843,4.0,19.58376623,3.0245027180358237,43.68_-80.23
43.68,-80.23,69.5,941.0048828,250.5167236,12.30331707,35.5967598,67.54997253,200.0,778.0,392.5,0.924935818,5395.710938,0.58306843,4.0,22.38655844,3.1521614316770146,43.68_-80.23
43.68,-80.23,69.5,941.0048828,250.5167236,12.30331707,35.5967598,67.54997253,200.0,778.0,392.5,0.924935818,5395.710938,0.58306843,4.0,22.70922078,3.1658640349231737,43.68_-80.23
43.68,-80.23,69.5,941.0048828,250.5167236,12.30331707,35.5967598,67.54997253,200.0,778.0,392.5,0.924935818,5395.710938,0.58306843,4.0,22.97831169,3.1771497422000583,43.68_-80.23
43.68,-80.23,69.5,941.0048828,250.5167236,12.30331707,35.5967598,67.54997253,200.0,778.0,392.5,0.924935818,5395.710938,0.58306843,4.0,24.34811688,3.2327044424653155,43.68_-80.23
43.68,-80.23,69.5,941.0048828,250.5167236,12.30331707,35.5967598,67.54997253,200.0,778.0,392.5,0.924935818,5395.710938,0.58306843,4.0,24.52948052,3.2398338832202858,43.68_-80.23
43.68,-80.23,69.5,941.0048828,250.5167236,12.30331707,35.5967598,67.54997253,200.0,778.0,392.5,0.924935818,5395.710938,0.58306843,4.0,24.75675325,3.2486968548609654,43.68_-80.23
43.68,-80.23,69.5,941.0048828,250.5167236,12.30331707,35.5967598,67.54997253,200.0,778.0,392.5,0.924935818,5395.710938,0.58306843,4.0,24.89948052,3.254222911361488,43.68_-80.23
43.68,-80.23,69.5,941.0048828,250.5167236,12.30331707,35.5967598,67.54997253,200.0,778.0,392.5,0.924935818,5395.710938,0.58306843,4.0,25.1237013,3.2628429980445572,43.68_-80.23
43.68,-80.23,69.5,941.0048828,250.5167236,12.30331707,35.5967598,67.54997253,200.0,778.0,392.5,0.924935818,5395.710938,0.58306843,4.0,26.92831169,3.329640930224559,43.68_-80.23
43.68,-80.23,69.5,941.0048828,250.5167236,12.30331707,35.5967598,67.54997253,200.0,778.0,392.5,0.924935818,5395.710938,0.58306843,4.0,27.88227273,3.3632280065654054,43.68_-80.23
43.68,-80.23,69.5,941.0048828,250.5167236,12.30331707,35.5967598,67.54997253,200.0,778.0,392.5,0.924935818,5395.710938,0.58306843,4.0,28.7,3.391147045808654,43.68_-80.23
43.68,-80.23,69.5,941.0048828,250.5167236,12.30331707,35.5967598,67.54997253,200.0,778.0,392.5,0.924935818,5395.710938,0.58306843,4.0,30.86220779,3.4614205986911726,43.68_-80.23
43.68,-80.23,69.5,941.0048828,250.5167236,12.30331707,35.5967598,67.54997253,200.0,778.0,392.5,0.924935818,5395.710938,0.58306843,4.0,33.91941558,3.553042994863427,43.68_-80.23
43.68,-80.23,69.5,941.0048828,250.5167236,12.30331707,35.5967598,67.54997253,200.0,778.0,392.5,0.924935818,5395.710938,0.58306843,4.0,38.84811688,3.6850751489126354,43.68_-80.23
26.69,115.06,192.5002747,1942.378174,333.5005493,49.60168076,31.83623314,53.4744339,200.0,653.0,169.5,1.974794745,5257.975098,0.348712206,1.0,0.34352,0.295293035453116,26.69_115.06
26.69,115.06,192.5002747,1942.378174,333.5005493,49.60168076,31.83623314,53.4744339,200.0,653.0,169.5,1.974794745,5257.975098,0.348712206,1.0,0.34352,0.295293035453116,26.69_115.06
26.69,115.06,192.5002747,1942.378174,333.5005493,49.60168076,31.83623314,53.4744339,200.0,653.0,169.5,1.974794745,5257.975098,0.348712206,1.0,0.37136,0.3158029481684356,26.69_115.06
26.69,115.06,192.5002747,1942.378174,333.5005493,49.60168076,31.83623314,53.4744339,200.0,653.0,169.5,1.974794745,5257.975098,0.348712206,1.0,0.41832,0.349473072607988,26.69_115.06
26.69,115.06,192.5002747,1942.378174,333.5005493,49.60168076,31.83623314,53.4744339,200.0,653.0,169.5,1.974794745,5257.975098,0.348712206,1.0,0.57248,0.45265399091062253,26.69_115.06
26.69,115.06,192.5002747,1942.378174,333.5005493,49.60168076,31.83623314,53.4744339,200.0,653.0,169.5,1.974794745,5257.975098,0.348712206,1.0,0.60768,0.4747921459775327,26.69_115.06
42.03,116.28,37.51673126,377.6148987,248.4999237,104.7000275,26.39584923,80.686409,200.0,1120.0,1343.0,0.904352129,2077.007568,0.39812845,8.0,0.634744526,0.49148653892940275,42.03_116.28
42.03,116.28,37.51673126,377.6148987,248.4999237,104.7000275,26.39584923,80.686409,200.0,1120.0,1343.0,0.904352129,2077.007568,0.39812845,8.0,0.660072993,0.5068615730884726,42.03_116.28
42.03,116.28,37.51673126,377.6148987,248.4999237,104.7000275,26.39584923,80.686409,200.0,1120.0,1343.0,0.904352129,2077.007568,0.39812845,8.0,0.750583942,0.5599494134191085,42.03_116.28
42.03,116.28,37.51673126,377.6148987,248.4999237,104.7000275,26.39584923,80.686409,200.0,1120.0,1343.0,0.904352129,2077.007568,0.39812845,8.0,0.793430657,0.5841303537356386,42.03_116.28
46.89,-113.46,61.51673126,569.8449097,270.4838562,29.59829521,51.46977234,60.46211243,200.0,558.0,1273.5,1.314921618,6152.945313,0.053582493,5.0,2.7265,1.3154694553396116,46.89_-113.46
46.89,-113.46,61.51673126,569.8449097,270.4838562,29.59829521,51.46977234,60.46211243,200.0,558.0,1273.5,1.314921618,6152.945313,0.053582493,5.0,6.072666667,1.9562375894161,46.89_-113.46
46.89,-113.46,61.51673126,569.8449097,270.4838562,29.59829521,51.46977234,60.46211243,200.0,558.0,1273.5,1.314921618,6152.945313,0.053582493,5.0,6.296583333,1.9874062020156973,46.89_-113.46
46.89,-113.46,61.51673126,569.8449097,270.4838562,29.59829521,51.46977234,60.46211243,200.0,558.0,1273.5,1.314921618,6152.945313,0.053582493,5.0,7.064916667,2.08752337885175,46.89_-113.46
46.89,-113.46,61.51673126,569.8449097,270.4838562,29.59829521,51.46977234,60.46211243,200.0,558.0,1273.5,1.314921618,6152.945313,0.053582493,5.0,8.574833333,2.2591381284400196,46.89_-113.46
46.89,-113.46,61.51673126,569.8449097,270.4838562,29.59829521,51.46977234,60.46211243,200.0,558.0,1273.5,1.314921618,6152.945313,0.053582493,5.0,9.624,2.3631155927340783,46.89_-113.46
46.89,-113.46,61.51673126,569.8449097,270.4838562,29.59829521,51.46977234,60.46211243,200.0,558.0,1273.5,1.314921618,6152.945313,0.053582493,5.0,10.599,2.450918887499739,46.89_-113.46
46.89,-113.46,61.51673126,569.8449097,270.4838562,29.59829521,51.46977234,60.46211243,200.0,558.0,1273.5,1.314921618,6152.945313,0.053582493,5.0,10.82808333,2.4704766471125224,46.89_-113.46
46.89,-113.46,61.51673126,569.8449097,270.4838562,29.59829521,51.46977234,60.46211243,200.0,558.0,1273.5,1.314921618,6152.945313,0.053582493,5.0,10.92433333,2.4785811299705585,46.89_-113.46
46.89,-113.46,61.51673126,569.8449097,270.4838562,29.59829521,51.46977234,60.46211243,200.0,558.0,1273.5,1.314921618,6152.945313,0.053582493,5.0,11.22741667,2.5036806984418885,46.89_-113.46
46.89,-113.46,61.51673126,569.8449097,270.4838562,29.59829521,51.46977234,60.46211243,200.0,558.0,1273.5,1.314921618,6152.945313,0.053582493,5.0,11.53808333,2.528770679025256,46.89_-113.46
46.89,-113.46,61.51673126,569.8449097,270.4838562,29.59829521,51.46977234,60.46211243,200.0,558.0,1273.5,1.314921618,6152.945313,0.053582493,5.0,11.834,2.5520978993283236,46.89_-113.46
37.62,101.2,-26.51708221,485.3157349,154.4832001,96.6966095,81.68373871,74.00096893,200.0,818.0,3166.0,3.139669418,3386.686523,0.255560905,10.0,2.448692308,1.23799511802959,37.62_101.2
37.62,101.2,-26.51708221,485.3157349,154.4832001,96.6966095,81.68373871,74.00096893,200.0,818.0,3166.0,3.139669418,3386.686523,0.255560905,10.0,2.512846154,1.2564265789857072,37.62_101.2
37.62,101.2,-26.51708221,485.3157349,154.4832001,96.6966095,81.68373871,74.00096893,200.0,818.0,3166.0,3.139669418,3386.686523,0.255560905,10.0,2.615384615,1.2851982441421388,37.62_101.2
37.62,101.2,-26.51708221,485.3157349,154.4832001,96.6966095,81.68373871,74.00096893,200.0,818.0,3166.0,3.139669418,3386.686523,0.255560905,10.0,2.679461538,1.3027664202791969,37.62_101.2
37.62,101.2,-26.51708221,485.3157349,154.4832001,96.6966095,81.68373871,74.00096893,200.0,818.0,3166.0,3.139669418,3386.686523,0.255560905,10.0,2.717923077,1.3131651997361122,37.62_101.2
37.62,101.2,-26.51708221,485.3157349,154.4832001,96.6966095,81.68373871,74.00096893,200.0,818.0,3166.0,3.139669418,3386.686523,0.255560905,10.0,3.025615385,1.3926777898671672,37.62_101.2
37.62,101.2,-26.51708221,485.3157349,154.4832001,96.6966095,81.68373871,74.00096893,200.0,818.0,3166.0,3.139669418,3386.686523,0.255560905,10.0,3.051307692,1.3990397159152668,37.62_101.2
37.62,101.2,-26.51708221,485.3157349,154.4832001,96.6966095,81.68373871,74.00096893,200.0,818.0,3166.0,3.139669418,3386.686523,0.255560905,10.0,3.974384615,1.6043016674822526,37.62_101.2
37.62,101.2,-26.51708221,485.3157349,154.4832001,96.6966095,81.68373871,74.00096893,200.0,818.0,3166.0,3.139669418,3386.686523,0.255560905,10.0,4.128230769,1.6347607203608905,37.62_101.2
37.62,101.2,-26.51708221,485.3157349,154.4832001,96.6966095,81.68373871,74.00096893,200.0,818.0,3166.0,3.139669418,3386.686523,0.255560905,10.0,5.807692308,1.9180531945975448,37.62_101.2
37.62,101.2,-26.51708221,485.3157349,154.4832001,96.6966095,81.68373871,74.00096893,200.0,818.0,3166.0,3.139669418,3386.686523,0.255560905,10.0,6.307692308,1.9889275341811095,37.62_101.2
37.62,101.2,-26.51708221,485.3157349,154.4832001,96.6966095,81.68373871,74.00096893,200.0,818.0,3166.0,3.139669418,3386.686523,0.255560905,10.0,6.333307692,1.9924266681386387,37.62_101.2
37.62,101.2,-26.51708221,485.3157349,154.4832001,96.6966095,81.68373871,74.00096893,200.0,818.0,3166.0,3.139669418,3386.686523,0.255560905,10.0,6.846153846,2.0600234558031265,37.62_101.2
37.62,101.2,-26.51708221,485.3157349,154.4832001,96.6966095,81.68373871,74.00096893,200.0,818.0,3166.0,3.139669418,3386.686523,0.255560905,10.0,7.589769231,2.150571870792457,37.62_101.2
60.21,17.66,59.5,669.637085,218.5,28.39997101,159.7413788,46.54322052,195.7277069,836.0,28.5,0.477113724,7918.979004,0.383745939,4.0,2.304298246,1.1952241197446127,60.21_17.66
60.21,17.66,59.5,669.637085,218.5,28.39997101,159.7413788,46.54322052,195.7277069,836.0,28.5,0.477113724,7918.979004,0.383745939,4.0,3.299298246,1.4584518107765243,60.21_17.66
60.21,17.66,59.5,669.637085,218.5,28.39997101,159.7413788,46.54322052,195.7277069,836.0,28.5,0.477113724,7918.979004,0.383745939,4.0,3.587368421,1.5233065308985054,60.21_17.66
60.21,17.66,59.5,669.637085,218.5,28.39997101,159.7413788,46.54322052,195.7277069,836.0,28.5,0.477113724,7918.979004,0.383745939,4.0,6.048684211,1.9528409626677854,60.21_17.66
60.21,17.66,59.5,669.637085,218.5,28.39997101,159.7413788,46.54322052,195.7277069,836.0,28.5,0.477113724,7918.979004,0.383745939,4.0,6.860438596,2.061842405902108,60.21_17.66
60.21,17.66,59.5,669.637085,218.5,28.39997101,159.7413788,46.54322052,195.7277069,836.0,28.5,0.477113724,7918.979004,0.383745939,4.0,8.771929825,2.279513972137617,60.21_17.66
60.21,17.66,59.5,669.637085,218.5,28.39997101,159.7413788,46.54322052,195.7277069,836.0,28.5,0.477113724,7918.979004,0.383745939,4.0,9.897894737,2.388569627186015,60.21_17.66
60.21,17.66,59.5,669.637085,218.5,28.39997101,159.7413788,46.54322052,195.7277069,836.0,28.5,0.477113724,7918.979004,0.383745939,4.0,10.47394737,2.4400790192770554,60.21_17.66
60.21,17.66,59.5,669.637085,218.5,28.39997101,159.7413788,46.54322052,195.7277069,836.0,28.5,0.477113724,7918.979004,0.383745939,4.0,10.60491228,2.451428480886975,60.21_17.66
50.1,14.2,86.51673126,577.4042358,230.5,45.40332413,18.56779671,69.61344147,200.0,497.0,371.0,0.271419644,4823.200195,0.785072744,4.0,3.4,1.4816045409242156,50.1_14.2
50.1,14.2,86.51673126,577.4042358,230.5,45.40332413,18.56779671,69.61344147,200.0,497.0,371.0,0.271419644,4823.200195,0.785072744,4.0,6.321428571,1.9908054689046677,50.1_14.2
30.87,110.74,124.2971725,1798.540527,259.2971802,56.69832993,32.61397171,58.46247864,181.1523132,661.0,1098.5,27.23901749,5458.927734,0.444591701,4.0,1.645423729,0.972831252479613,30.87_110.74
30.91,110.77,152.1283417,1439.803711,287.1280518,57.10502243,33.0262413,62.56227875,190.0352478,655.0,667.0,16.58760071,6135.451172,0.478682995,4.0,1.07671875,0.7307891240735696,30.91_110.77
30.92,110.76,165.8295441,1311.344727,300.8295593,57.20502472,30.17422104,62.91339493,198.1694946,685.0,445.5,17.68446732,6679.043457,0.480509698,4.0,2.06192,1.1190421701796178,30.92_110.76
30.93,110.74,157.9979095,1172.074097,292.9811707,57.10671234,26.82268333,62.48126602,174.8168793,675.0,576.5,27.27068329,5268.377441,0.367512375,4.0,1.716153846,0.9992168524221172,30.93_110.74
30.94,110.71,167.6174774,1221.835083,301.6177673,55.90501404,26.58147621,61.49702835,191.9513092,677.0,458.0,9.66459465,6271.911133,0.55898726,4.0,1.162615385,0.7713183156258847,30.94_110.71
48.46,-113.83,66.5,1126.251709,259.4833069,25.60164642,110.1655045,58.67491913,200.0,575.0,1011.5,0.344653457,5969.186035,0.103425749,5.0,1.020948276,0.7035668448233124,48.46_-113.83
48.46,-113.83,66.5,1126.251709,259.4833069,25.60164642,110.1655045,58.67491913,200.0,575.0,1011.5,0.344653457,5969.186035,0.103425749,5.0,4.588534483,1.7207170851743183,48.46_-113.83
48.46,-113.83,66.5,1126.251709,259.4833069,25.60164642,110.1655045,58.67491913,200.0,575.0,1011.5,0.344653457,5969.186035,0.103425749,5.0,5.653017241,1.8950704722188907,48.46_-113.83
48.46,-113.83,66.5,1126.251709,259.4833069,25.60164642,110.1655045,58.67491913,200.0,575.0,1011.5,0.344653457,5969.186035,0.103425749,5.0,7.7475,2.168767945259706,48.46_-113.83
48.46,-113.83,66.5,1126.251709,259.4833069,25.60164642,110.1655045,58.67491913,200.0,575.0,1011.5,0.344653457,5969.186035,0.103425749,5.0,7.907844828,2.186932329845108,48.46_-113.83
48.46,-113.83,66.5,1126.251709,259.4833069,25.60164642,110.1655045,58.67491913,200.0,575.0,1011.5,0.344653457,5969.186035,0.103425749,5.0,7.951637931,2.19183652459293,48.46_-113.83
48.46,-113.83,66.5,1126.251709,259.4833069,25.60164642,110.1655045,58.67491913,200.0,575.0,1011.5,0.344653457,5969.186035,0.103425749,5.0,10.69525862,2.4591835135154514,48.46_-113.83
48.46,-113.83,66.5,1126.251709,259.4833069,25.60164642,110.1655045,58.67491913,200.0,575.0,1011.5,0.344653457,5969.186035,0.103425749,5.0,10.9787931,2.4831378447075547,48.46_-113.83
48.46,-113.83,66.5,1126.251709,259.4833069,25.60164642,110.1655045,58.67491913,200.0,575.0,1011.5,0.344653457,5969.186035,0.103425749,5.0,12.12413793,2.574453124796752,48.46_-113.83
48.46,-113.83,66.5,1126.251709,259.4833069,25.60164642,110.1655045,58.67491913,200.0,575.0,1011.5,0.344653457,5969.186035,0.103425749,5.0,15.7362069,2.817574450377798,48.46_-113.83
45.42,-73.93,69.5,1044.141479,253.5,14.09832764,40.76091003,61.16116714,200.0,826.0,34.0,0.321285009,6252.561523,0.741488218,4.0,0.97,0.6780335427498971,45.42_-73.93
45.42,-73.93,69.5,1044.141479,253.5,14.09832764,40.76091003,61.16116714,200.0,826.0,34.0,0.321285009,6252.561523,0.741488218,4.0,1.05,0.7178397931503169,45.42_-73.93
45.42,-73.93,69.5,1044.141479,253.5,14.09832764,40.76091003,61.16116714,200.0,826.0,34.0,0.321285009,6252.561523,0.741488218,4.0,1.13,0.7561219797213337,45.42_-73.93
45.42,-73.93,69.5,1044.141479,253.5,14.09832764,40.76091003,61.16116714,200.0,826.0,34.0,0.321285009,6252.561523,0.741488218,4.0,1.14,0.76080582903376,45.42_-73.93
45.42,-73.93,69.5,1044.141479,253.5,14.09832764,40.76091003,61.16116714,200.0,826.0,34.0,0.321285009,6252.561523,0.741488218,4.0,1.22,0.7975071958841881,45.42_-73.93
45.42,-73.93,69.5,1044.141479,253.5,14.09832764,40.76091003,61.16116714,200.0,826.0,34.0,0.321285009,6252.561523,0.741488218,4.0,1.26,0.8153648132841945,45.42_-73.93
45.42,-73.93,69.5,1044.141479,253.5,14.09832764,40.76091003,61.16116714,200.0,826.0,34.0,0.321285009,6252.561523,0.741488218,4.0,1.37,0.8628899551470399,45.42_-73.93
45.42,-73.93,69.5,1044.141479,253.5,14.09832764,40.76091003,61.16116714,200.0,826.0,34.0,0.321285009,6252.561523,0.741488218,4.0,1.38,0.8671004876833832,45.42_-73.93
45.42,-73.93,69.5,1044.141479,253.5,14.09832764,40.76091003,61.16116714,200.0,826.0,34.0,0.321285009,6252.561523,0.741488218,4.0,1.41,0.8796267475025636,45.42_-73.93
45.42,-73.93,69.5,1044.141479,253.5,14.09832764,40.76091003,61.16116714,200.0,826.0,34.0,0.321285009,6252.561523,0.741488218,4.0,1.42,0.8837675401685949,45.42_-73.93
45.42,-73.93,69.5,1044.141479,253.5,14.09832764,40.76091003,61.16116714,200.0,826.0,34.0,0.321285009,6252.561523,0.741488218,4.0,1.44,0.8919980393051105,45.42_-73.93
45.42,-73.93,69.5,1044.141479,253.5,14.09832764,40.76091003,61.16116714,200.0,826.0,34.0,0.321285009,6252.561523,0.741488218,4.0,1.48,0.9082585601768908,45.42_-73.93
45.42,-73.93,69.5,1044.141479,253.5,14.09832764,40.76091003,61.16116714,200.0,826.0,34.0,0.321285009,6252.561523,0.741488218,4.0,1.49,0.9122827104766162,45.42_-73.93
45.42,-73.93,69.5,1044.141479,253.5,14.09832764,40.76091003,61.16116714,200.0,826.0,34.0,0.321285009,6252.561523,0.741488218,4.0,1.51,0.9202827531436926,45.42_-73.93
45.42,-73.93,69.5,1044.141479,253.5,14.09832764,40.76091003,61.16116714,200.0,826.0,34.0,0.321285009,6252.561523,0.741488218,4.0,1.58,0.9477893989335261,45.42_-73.93
45.42,-73.93,69.5,1044.141479,253.5,14.09832764,40.76091003,61.16116714,200.0,826.0,34.0,0.321285009,6252.561523,0.741488218,4.0,1.58,0.9477893989335261,45.42_-73.93
45.42,-73.93,69.5,1044.141479,253.5,14.09832764,40.76091003,61.16116714,200.0,826.0,34.0,0.321285009,6252.561523,0.741488218,4.0,1.62,0.9631743177730056,45.42_-73.93
45.42,-73.93,69.5,1044.141479,253.5,14.09832764,40.76091003,61.16116714,200.0,826.0,34.0,0.321285009,6252.561523,0.741488218,4.0,1.67,0.9820784724121581,45.42_-73.93
45.42,-73.93,69.5,1044.141479,253.5,14.09832764,40.76091003,61.16116714,200.0,826.0,34.0,0.321285009,6252.561523,0.741488218,4.0,1.7,0.9932517730102834,45.42_-73.93
45.42,-73.93,69.5,1044.141479,253.5,14.09832764,40.76091003,61.16116714,200.0,826.0,34.0,0.321285009,6252.561523,0.741488218,4.0,1.7,0.9932517730102834,45.42_-73.93
45.42,-73.93,69.5,1044.141479,253.5,14.09832764,40.76091003,61.16116714,200.0,826.0,34.0,0.321285009,6252.561523,0.741488218,4.0,1.71,0.9969486348916095,45.42_-73.93
45.42,-73.93,69.5,1044.141479,253.5,14.09832764,40.76091003,61.16116714,200.0,826.0,34.0,0.321285009,6252.561523,0.741488218,4.0,1.71,0.9969486348916095,45.42_-73.93
45.42,-73.93,69.5,1044.141479,253.5,14.09832764,40.76091003,61.16116714,200.0,826.0,34.0,0.321285009,6252.561523,0.741488218,4.0,1.71,0.9969486348916095,45.42_-73.93
45.42,-73.93,69.5,1044.141479,253.5,14.09832764,40.76091003,61.16116714,200.0,826.0,34.0,0.321285009,6252.561523,0.741488218,4.0,1.82,1.0367368849500223,45.42_-73.93
45.42,-73.93,69.5,1044.141479,253.5,14.09832764,40.76091003,61.16116714,200.0,826.0,34.0,0.321285009,6252.561523,0.741488218,4.0,1.82,1.0367368849500223,45.42_-73.93
45.42,-73.93,69.5,1044.141479,253.5,14.09832764,40.76091003,61.16116714,200.0,826.0,34.0,0.321285009,6252.561523,0.741488218,4.0,1.84,1.0438040521731147,45.42_-73.93
45.42,-73.93,69.5,1044.141479,253.5,14.09832764,40.76091003,61.16116714,200.0,826.0,34.0,0.321285009,6252.561523,0.741488218,4.0,1.86,1.0508216248317612,45.42_-73.93
45.42,-73.93,69.5,1044.141479,253.5,14.09832764,40.76091003,61.16116714,200.0,826.0,34.0,0.321285009,6252.561523,0.741488218,4.0,1.9,1.0647107369924282,45.42_-73.93
45.42,-73.93,69.5,1044.141479,253.5,14.09832764,40.76091003,61.16116714,200.0,826.0,34.0,0.321285009,6252.561523,0.741488218,4.0,1.91,1.068153081183401,45.42_-73.93
45.42,-73.93,69.5,1044.141479,253.5,14.09832764,40.76091003,61.16116714,200.0,826.0,34.0,0.321285009,6252.561523,0.741488218,4.0,1.91,1.068153081183401,45.42_-73.93
45.42,-73.93,69.5,1044.141479,253.5,14.09832764,40.76091003,61.16116714,200.0,826.0,34.0,0.321285009,6252.561523,0.741488218,4.0,1.93,1.0750024230289759,45.42_-73.93
45.42,-73.93,69.5,1044.141479,253.5,14.09832764,40.76091003,61.16116714,200.0,826.0,34.0,0.321285009,6252.561523,0.741488218,4.0,1.97,1.0885619528146082,45.42_-73.93
45.42,-73.93,69.5,1044.141479,253.5,14.09832764,40.76091003,61.16116714,200.0,826.0,34.0,0.321285009,6252.561523,0.741488218,4.0,2.08,1.1249295969854831,45.42_-73.93
45.42,-73.93,69.5,1044.141479,253.5,14.09832764,40.76091003,61.16116714,200.0,826.0,34.0,0.321285009,6252.561523,0.741488218,4.0,2.09,1.128171090909654,45.42_-73.93
45.42,-73.93,69.5,1044.141479,253.5,14.09832764,40.76091003,61.16116714,200.0,826.0,34.0,0.321285009,6252.561523,0.741488218,4.0,2.11,1.1346227261911428,45.42_-73.93
45.42,-73.93,69.5,1044.141479,253.5,14.09832764,40.76091003,61.16116714,200.0,826.0,34.0,0.321285009,6252.561523,0.741488218,4.0,2.2,1.1631508098056809,45.42_-73.93
45.42,-73.93,69.5,1044.141479,253.5,14.09832764,40.76091003,61.16116714,200.0,826.0,34.0,0.321285009,6252.561523,0.741488218,4.0,2.25,1.1786549963416462,45.42_-73.93
45.42,-73.93,69.5,1044.141479,253.5,14.09832764,40.76091003,61.16116714,200.0,826.0,34.0,0.321285009,6252.561523,0.741488218,4.0,2.37,1.2149127443642704,45.42_-73.93
45.42,-73.93,69.5,1044.141479,253.5,14.09832764,40.76091003,61.16116714,200.0,826.0,34.0,0.321285009,6252.561523,0.741488218,4.0,2.39,1.220829921392359,45.42_-73.93
45.42,-73.93,69.5,1044.141479,253.5,14.09832764,40.76091003,61.16116714,200.0,826.0,34.0,0.321285009,6252.561523,0.741488218,4.0,2.41,1.2267122912954256,45.42_-73.93
45.42,-73.93,69.5,1044.141479,253.5,14.09832764,40.76091003,61.16116714,200.0,826.0,34.0,0.321285009,6252.561523,0.741488218,4.0,2.43,1.2325602611778486,45.42_-73.93
45.42,-73.93,69.5,1044.141479,253.5,14.09832764,40.76091003,61.16116714,200.0,826.0,34.0,0.321285009,6252.561523,0.741488218,4.0,2.49,1.2499017362143359,45.42_-73.93
45.42,-73.93,69.5,1044.141479,253.5,14.09832764,40.76091003,61.16116714,200.0,826.0,34.0,0.321285009,6252.561523,0.741488218,4.0,2.51,1.2556160374777745,45.42_-73.93
45.42,-73.93,69.5,1044.141479,253.5,14.09832764,40.76091003,61.16116714,200.0,826.0,34.0,0.321285009,6252.561523,0.741488218,4.0,2.56,1.269760544863939,45.42_-73.93
45.42,-73.93,69.5,1044.141479,253.5,14.09832764,40.76091003,61.16116714,200.0,826.0,34.0,0.321285009,6252.561523,0.741488218,4.0,2.62,1.2864740258376797,45.42_-73.93
45.42,-73.93,69.5,1044.141479,253.5,14.09832764,40.76091003,61.16116714,200.0,826.0,34.0,0.321285009,6252.561523,0.741488218,4.0,2.74,1.3190856114264407,45.42_-73.93
45.42,-73.93,69.5,1044.141479,253.5,14.09832764,40.76091003,61.16116714,200.0,826.0,34.0,0.321285009,6252.561523,0.741488218,4.0,2.75,1.3217558399823195,45.42_-73.93
45.42,-73.93,69.5,1044.141479,253.5,14.09832764,40.76091003,61.16116714,200.0,826.0,34.0,0.321285009,6252.561523,0.741488218,4.0,2.76,1.324418957401803,45.42_-73.93
45.42,-73.93,69.5,1044.141479,253.5,14.09832764,40.76091003,61.16116714,200.0,826.0,34.0,0.321285009,6252.561523,0.741488218,4.0,2.83,1.3428648031925547,45.42_-73.93
45.42,-73.93,69.5,1044.141479,253.5,14.09832764,40.76091003,61.16116714,200.0,826.0,34.0,0.321285009,6252.561523,0.741488218,4.0,2.91,1.3635373739972745,45.42_-73.93
45.42,-73.93,69.5,1044.141479,253.5,14.09832764,40.76091003,61.16116714,200.0,826.0,34.0,0.321285009,6252.561523,0.741488218,4.0,3.11,1.4134230285081433,45.42_-73.93
45.42,-73.93,69.5,1044.141479,253.5,14.09832764,40.76091003,61.16116714,200.0,826.0,34.0,0.321285009,6252.561523,0.741488218,4.0,3.73,1.5539252025038417,45.42_-73.93
45.42,-73.93,69.5,1044.141479,253.5,14.09832764,40.76091003,61.16116714,200.0,826.0,34.0,0.321285009,6252.561523,0.741488218,4.0,4.02,1.6134299337036377,45.42_-73.93
45.42,-73.93,69.5,1044.141479,253.5,14.09832764,40.76091003,61.16116714,200.0,826.0,34.0,0.321285009,6252.561523,0.741488218,4.0,4.08,1.6253112615903906,45.42_-73.93
-38.67,-72.52,115.5002823,1661.547607,236.5,60.70497894,65.30822754,56.81353378,200.0,373.0,176.5,2.470012188,11230.49512,0.752718687,12.0,2.2,1.1631508098056809,-38.67_-72.52
-38.67,-72.52,115.5002823,1661.547607,236.5,60.70497894,65.30822754,56.81353378,200.0,373.0,176.5,2.470012188,11230.49512,0.752718687,12.0,2.2,1.1631508098056809,-38.67_-72.52
-38.67,-72.52,115.5002823,1661.547607,236.5,60.70497894,65.30822754,56.81353378,200.0,373.0,176.5,2.470012188,11230.49512,0.752718687,12.0,2.21,1.1662709371419244,-38.67_-72.52
-38.67,-72.52,115.5002823,1661.547607,236.5,60.70497894,65.30822754,56.81353378,200.0,373.0,176.5,2.470012188,11230.49512,0.752718687,12.0,2.21,1.1662709371419244,-38.67_-72.52
-38.67,-72.52,115.5002823,1661.547607,236.5,60.70497894,65.30822754,56.81353378,200.0,373.0,176.5,2.470012188,11230.49512,0.752718687,12.0,2.21,1.1662709371419244,-38.67_-72.52
-38.67,-72.52,115.5002823,1661.547607,236.5,60.70497894,65.30822754,56.81353378,200.0,373.0,176.5,2.470012188,11230.49512,0.752718687,12.0,2.23,1.172482137234565,-38.67_-72.52
-38.67,-72.52,115.5002823,1661.547607,236.5,60.70497894,65.30822754,56.81353378,200.0,373.0,176.5,2.470012188,11230.49512,0.752718687,12.0,2.52,1.2584609896100059,-38.67_-72.52
-38.67,-72.52,115.5002823,1661.547607,236.5,60.70497894,65.30822754,56.81353378,200.0,373.0,176.5,2.470012188,11230.49512,0.752718687,12.0,2.82,1.3402504226184837,-38.67_-72.52
-38.67,-72.52,115.5002823,1661.547607,236.5,60.70497894,65.30822754,56.81353378,200.0,373.0,176.5,2.470012188,11230.49512,0.752718687,12.0,3.79,1.5665304114228238,-38.67_-72.52
-38.67,-72.52,115.5002823,1661.547607,236.5,60.70497894,65.30822754,56.81353378,200.0,373.0,176.5,2.470012188,11230.49512,0.752718687,12.0,3.81,1.5706970841176697,-38.67_-72.52
-38.67,-72.52,115.5002823,1661.547607,236.5,60.70497894,65.30822754,56.81353378,200.0,373.0,176.5,2.470012188,11230.49512,0.752718687,12.0,4.07,1.623340817603092,-38.67_-72.52
-38.67,-72.52,115.5002823,1661.547607,236.5,60.70497894,65.30822754,56.81353378,200.0,373.0,176.5,2.470012188,11230.49512,0.752718687,12.0,4.15,1.6389967146756448,-38.67_-72.52
-38.67,-72.52,115.5002823,1661.547607,236.5,60.70497894,65.30822754,56.81353378,200.0,373.0,176.5,2.470012188,11230.49512,0.752718687,12.0,6.51,2.0162354657760435,-38.67_-72.52
-38.67,-72.52,115.5002823,1661.547607,236.5,60.70497894,65.30822754,56.81353378,200.0,373.0,176.5,2.470012188,11230.49512,0.752718687,12.0,9.11,2.3135250330323798,-38.67_-72.52
-6.5,-76.32,246.3997345,1506.158447,290.3997192,23.40167046,25.75059509,53.65704346,200.0,834.0,405.0,6.147788048,15934.72363,0.681661546,1.0,1.712820513,0.9979888733607152,-6.5_-76.32
-6.5,-76.32,246.3997345,1506.158447,290.3997192,23.40167046,25.75059509,53.65704346,200.0,834.0,405.0,6.147788048,15934.72363,0.681661546,1.0,1.803418803,1.0308396734369973,-6.5_-76.32
-6.5,-76.32,246.3997345,1506.158447,290.3997192,23.40167046,25.75059509,53.65704346,200.0,834.0,405.0,6.147788048,15934.72363,0.681661546,1.0,2.008547009,1.1014572409509091,-6.5_-76.32
-6.5,-76.32,246.3997345,1506.158447,290.3997192,23.40167046,25.75059509,53.65704346,200.0,834.0,405.0,6.147788048,15934.72363,0.681661546,1.0,2.412820513,1.2275390793240115,-6.5_-76.32
-6.5,-76.32,246.3997345,1506.158447,290.3997192,23.40167046,25.75059509,53.65704346,200.0,834.0,405.0,6.147788048,15934.72363,0.681661546,1.0,2.497435897,1.252030099155082,-6.5_-76.32
-6.5,-76.32,246.3997345,1506.158447,290.3997192,23.40167046,25.75059509,53.65704346,200.0,834.0,405.0,6.147788048,15934.72363,0.681661546,1.0,2.515384615,1.257148940329213,-6.5_-76.32
-6.5,-76.32,246.3997345,1506.158447,290.3997192,23.40167046,25.75059509,53.65704346,200.0,834.0,405.0,6.147788048,15934.72363,0.681661546,1.0,2.691452991,1.3060201450461857,-6.5_-76.32
-6.5,-76.32,246.3997345,1506.158447,290.3997192,23.40167046,25.75059509,53.65704346,200.0,834.0,405.0,6.147788048,15934.72363,0.681661546,1.0,2.811111111,1.3379207768065204,-6.5_-76.32
-6.5,-76.32,246.3997345,1506.158447,290.3997192,23.40167046,25.75059509,53.65704346,200.0,834.0,405.0,6.147788048,15934.72363,0.681661546,1.0,3.573504274,1.5202797106278938,-6.5_-76.32
-5.74,-77.9,168.2994537,1527.510376,211.3325958,36.0,43.96295547,56.7890358,199.8995514,711.0,1866.5,12.75257111,12853.53613,0.404684722,1.0,0.545454545,0.4353180709637279,-5.74_-77.9
-5.74,-77.9,168.2994537,1527.510376,211.3325958,36.0,43.96295547,56.7890358,199.8995514,711.0,1866.5,12.75257111,12853.53613,0.404684722,1.0,0.772727273,0.5725191929251767,-5.74_-77.9
-5.74,-77.9,168.2994537,1527.510376,211.3325958,36.0,43.96295547,56.7890358,199.8995514,711.0,1866.5,12.75257111,12853.53613,0.404684722,1.0,0.818181818,0.5978370006556204,-5.74_-77.9
-5.74,-77.9,168.2994537,1527.510376,211.3325958,36.0,43.96295547,56.7890358,199.8995514,711.0,1866.5,12.75257111,12853.53613,0.404684722,1.0,1.090909091,0.7375989431742574,-5.74_-77.9
-5.74,-77.9,168.2994537,1527.510376,211.3325958,36.0,43.96295547,56.7890358,199.8995514,711.0,1866.5,12.75257111,12853.53613,0.404684722,1.0,1.090909091,0.7375989431742574,-5.74_-77.9
17.52,-97.28,163.4498749,590.003418,253.4501495,88.00164032,16.92433357,74.1732254,200.0,795.0,2087.5,0.786907673,5740.101563,0.707981288,2.0,3.267716535,1.4510789148795789,17.52_-97.28
17.52,-97.28,163.4498749,590.003418,253.4501495,88.00164032,16.92433357,74.1732254,200.0,795.0,2087.5,0.786907673,5740.101563,0.707981288,2.0,4.330708661,1.673484186375397,17.52_-97.28
17.52,-97.28,163.4498749,590.003418,253.4501495,88.00164032,16.92433357,74.1732254,200.0,795.0,2087.5,0.786907673,5740.101563,0.707981288,2.0,5.330708661,1.8454121826544547,17.52_-97.28
17.52,-97.28,163.4498749,590.003418,253.4501495,88.00164032,16.92433357,74.1732254,200.0,795.0,2087.5,0.786907673,5740.101563,0.707981288,2.0,5.338582677,1.846655190933885,17.52_-97.28
17.52,-97.28,163.4498749,590.003418,253.4501495,88.00164032,16.92433357,74.1732254,200.0,795.0,2087.5,0.786907673,5740.101563,0.707981288,2.0,8.05511811,2.2033301348726178,17.52_-97.28
17.52,-97.28,163.4498749,590.003418,253.4501495,88.00164032,16.92433357,74.1732254,200.0,795.0,2087.5,0.786907673,5740.101563,0.707981288,2.0,8.291338583,2.229082631035865,17.52_-97.28
17.52,-97.28,163.4498749,590.003418,253.4501495,88.00164032,16.92433357,74.1732254,200.0,795.0,2087.5,0.786907673,5740.101563,0.707981288,2.0,9.511811024,2.3524994844117137,17.52_-97.28
17.53,-97.29,161.4506683,597.4168701,251.450943,87.99832916,22.24765205,73.75016022,195.9709167,846.0,2120.0,2.905756712,5738.583008,0.592634976,2.0,1.803149606,1.0307436442866975,17.53_-97.29
17.53,-97.29,161.4506683,597.4168701,251.450943,87.99832916,22.24765205,73.75016022,195.9709167,846.0,2120.0,2.905756712,5738.583008,0.592634976,2.0,2.543307087,1.265060496414663,17.53_-97.29
17.53,-97.29,161.4506683,597.4168701,251.450943,87.99832916,22.24765205,73.75016022,195.9709167,846.0,2120.0,2.905756712,5738.583008,0.592634976,2.0,2.622047244,1.2870394029984624,17.53_-97.29
17.53,-97.29,161.4506683,597.4168701,251.450943,87.99832916,22.24765205,73.75016022,195.9709167,846.0,2120.0,2.905756712,5738.583008,0.592634976,2.0,2.787401575,1.331680183699145,17.53_-97.29
17.53,-97.29,161.4506683,597.4168701,251.450943,87.99832916,22.24765205,73.75016022,195.9709167,846.0,2120.0,2.905756712,5738.583008,0.592634976,2.0,3.031496063,1.3941375385828696,17.53_-97.29
17.53,-97.29,161.4506683,597.4168701,251.450943,87.99832916,22.24765205,73.75016022,195.9709167,846.0,2120.0,2.905756712,5738.583008,0.592634976,2.0,5.582677165,1.8844415265722825,17.53_-97.29
17.53,-97.29,161.4506683,597.4168701,251.450943,87.99832916,22.24765205,73.75016022,195.9709167,846.0,2120.0,2.905756712,5738.583008,0.592634976,2.0,6.811023622,2.055536020820233,17.53_-97.29
40.71,-77.95,94.5337677,1204.505737,263.5343323,13.29832745,73.31659698,55.04166794,200.0,517.0,432.0,8.64300251,6530.080566,0.380385965,4.0,18.63439189,2.9772827168348113,40.71_-77.95
40.71,-77.95,94.5337677,1204.505737,263.5343323,13.29832745,73.31659698,55.04166794,200.0,517.0,432.0,8.64300251,6530.080566,0.380385965,4.0,19.39310811,3.0151970060250455,40.71_-77.95
40.71,-77.95,94.5337677,1204.505737,263.5343323,13.29832745,73.31659698,55.04166794,200.0,517.0,432.0,8.64300251,6530.080566,0.380385965,4.0,19.53533784,3.0221471991845617,40.71_-77.95
40.71,-77.95,94.5337677,1204.505737,263.5343323,13.29832745,73.31659698,55.04166794,200.0,517.0,432.0,8.64300251,6530.080566,0.380385965,4.0,20.91040541,3.0869616568592835,40.71_-77.95
40.71,-77.95,94.5337677,1204.505737,263.5343323,13.29832745,73.31659698,55.04166794,200.0,517.0,432.0,8.64300251,6530.080566,0.380385965,4.0,21.43195946,3.110486703610889,40.71_-77.95
40.71,-77.95,94.5337677,1204.505737,263.5343323,13.29832745,73.31659698,55.04166794,200.0,517.0,432.0,8.64300251,6530.080566,0.380385965,4.0,22.99668919,3.1779158704152453,40.71_-77.95
29.8,121.78,168.3173523,1729.75,293.2673645,37.9999733,36.66236496,57.45388794,192.1614838,484.0,179.5,18.13306236,10359.54395,0.424516529,4.0,0.223902439,0.20204447421404018,29.8_121.78
29.8,121.78,168.3173523,1729.75,293.2673645,37.9999733,36.66236496,57.45388794,192.1614838,484.0,179.5,18.13306236,10359.54395,0.424516529,4.0,0.694146341,0.5271789803380814,29.8_121.78
29.8,121.78,168.3173523,1729.75,293.2673645,37.9999733,36.66236496,57.45388794,192.1614838,484.0,179.5,18.13306236,10359.54395,0.424516529,4.0,0.852601626,0.61659093552282,29.8_121.78
29.8,121.78,168.3173523,1729.75,293.2673645,37.9999733,36.66236496,57.45388794,192.1614838,484.0,179.5,18.13306236,10359.54395,0.424516529,4.0,1.555365854,0.9381954047941918,29.8_121.78
45.3,-73.35,70.483284,1090.133179,255.516449,16.59832573,146.0696564,55.41752243,200.0,623.0,42.0,0.220924407,4698.356934,0.726463914,4.0,8.68887218,2.2709780290359434,45.3_-73.35
45.3,-73.35,70.483284,1090.133179,255.516449,16.59832573,146.0696564,55.41752243,200.0,623.0,42.0,0.220924407,4698.356934,0.726463914,4.0,9.013909774,2.303975103881143,45.3_-73.35
45.3,-73.35,70.483284,1090.133179,255.516449,16.59832573,146.0696564,55.41752243,200.0,623.0,42.0,0.220924407,4698.356934,0.726463914,4.0,9.057218045,2.3082905901460786,45.3_-73.35
45.3,-73.35,70.483284,1090.133179,255.516449,16.59832573,146.0696564,55.41752243,200.0,623.0,42.0,0.220924407,4698.356934,0.726463914,4.0,9.663909774,2.366865122037914,45.3_-73.35
45.3,-73.35,70.483284,1090.133179,255.516449,16.59832573,146.0696564,55.41752243,200.0,623.0,42.0,0.220924407,4698.356934,0.726463914,4.0,11.33233083,2.512224336618333,45.3_-73.35
45.3,-73.35,70.483284,1090.133179,255.516449,16.59832573,146.0696564,55.41752243,200.0,623.0,42.0,0.220924407,4698.356934,0.726463914,4.0,12.32909774,2.5899494454781826,45.3_-73.35
1.48,-75.67,251.5,3837.466309,303.5331421,38.40167236,42.43663406,53.2142868,200.0,921.0,246.0,0.88678807,10623.35449,0.228624806,1.0,37.96610169,3.66269208073132,1.48_-75.67
1.48,-75.67,251.5,3837.466309,303.5331421,38.40167236,42.43663406,53.2142868,200.0,921.0,246.0,0.88678807,10623.35449,0.228624806,1.0,40.25423729,3.719753829686946,1.48_-75.67
47.43,126.63,25.5,552.423645,260.5,106.7999954,53.79391098,72.74094391,200.0,605.0,196.0,0.177699968,2557.981201,0.752993107,4.0,0.233243243,0.20964748209784806,47.43_126.63
47.43,126.63,25.5,552.423645,260.5,106.7999954,53.79391098,72.74094391,200.0,605.0,196.0,0.177699968,2557.981201,0.752993107,4.0,0.892882883,0.638101001850496,47.43_126.63
47.43,126.63,25.5,552.423645,260.5,106.7999954,53.79391098,72.74094391,200.0,605.0,196.0,0.177699968,2557.981201,0.752993107,4.0,0.900900901,0.642327932215865,47.43_126.63
47.43,126.63,25.5,552.423645,260.5,106.7999954,53.79391098,72.74094391,200.0,605.0,196.0,0.177699968,2557.981201,0.752993107,4.0,0.912972973,0.6486585622872212,47.43_126.63
47.43,126.63,25.5,552.423645,260.5,106.7999954,53.79391098,72.74094391,200.0,605.0,196.0,0.177699968,2557.981201,0.752993107,4.0,0.985405405,0.685823127543104,47.43_126.63
47.43,126.63,25.5,552.423645,260.5,106.7999954,53.79391098,72.74094391,200.0,605.0,196.0,0.177699968,2557.981201,0.752993107,4.0,1.178378378,0.7785807366946609,47.43_126.63
47.43,126.63,25.5,552.423645,260.5,106.7999954,53.79391098,72.74094391,200.0,605.0,196.0,0.177699968,2557.981201,0.752993107,4.0,1.198558559,0.7878019451721043,47.43_126.63
47.43,126.63,25.5,552.423645,260.5,106.7999954,53.79391098,72.74094391,200.0,605.0,196.0,0.177699968,2557.981201,0.752993107,4.0,1.303063063,0.8342400034423646,47.43_126.63
-33.67,-70.63,148.5167236,661.3796387,287.5167236,102.0033112,26.13463211,68.58694458,171.0161133,1220.0,654.5,0.395840138,6266.519043,0.710983098,4.0,1.472440945,0.9052058994974328,-33.67_-70.63
-33.67,-70.63,148.5167236,661.3796387,287.5167236,102.0033112,26.13463211,68.58694458,171.0161133,1220.0,654.5,0.395840138,6266.519043,0.710983098,4.0,2.57480315,1.2739101116928888,-33.67_-70.63
-33.67,-70.63,148.5167236,661.3796387,287.5167236,102.0033112,26.13463211,68.58694458,171.0161133,1220.0,654.5,0.395840138,6266.519043,0.710983098,4.0,2.94488189,1.3724190146861537,-33.67_-70.63
-33.67,-70.63,148.5167236,661.3796387,287.5167236,102.0033112,26.13463211,68.58694458,171.0161133,1220.0,654.5,0.395840138,6266.519043,0.710983098,4.0,3.141732283,1.4211141261669513,-33.67_-70.63
-33.67,-70.63,148.5167236,661.3796387,287.5167236,102.0033112,26.13463211,68.58694458,171.0161133,1220.0,654.5,0.395840138,6266.519043,0.710983098,4.0,3.165354331,1.4268013454696513,-33.67_-70.63
-33.67,-70.63,148.5167236,661.3796387,287.5167236,102.0033112,26.13463211,68.58694458,171.0161133,1220.0,654.5,0.395840138,6266.519043,0.710983098,4.0,4.692913386,1.7392221357306021,-33.67_-70.63
-38.68,-72.42,115.5,1725.315308,234.4835663,59.30163956,74.65052795,57.1727562,200.0,387.0,192.0,0.473863423,8450.928711,0.711944759,12.0,0.990566038,0.6884190394967008,-38.68_-72.42
-38.68,-72.42,115.5,1725.315308,234.4835663,59.30163956,74.65052795,57.1727562,200.0,387.0,192.0,0.473863423,8450.928711,0.711944759,12.0,1.009433962,0.6978530714659025,-38.68_-72.42
-38.68,-72.42,115.5,1725.315308,234.4835663,59.30163956,74.65052795,57.1727562,200.0,387.0,192.0,0.473863423,8450.928711,0.711944759,12.0,1.801886792,1.0302930445290164,-38.68_-72.42
-38.68,-72.42,115.5,1725.315308,234.4835663,59.30163956,74.65052795,57.1727562,200.0,387.0,192.0,0.473863423,8450.928711,0.711944759,12.0,2.358490566,1.2114916367287274,-38.68_-72.42
-38.68,-72.42,115.5,1725.315308,234.4835663,59.30163956,74.65052795,57.1727562,200.0,387.0,192.0,0.473863423,8450.928711,0.711944759,12.0,2.547169811,1.2661500491874018,-38.68_-72.42
-38.68,-72.42,115.5,1725.315308,234.4835663,59.30163956,74.65052795,57.1727562,200.0,387.0,192.0,0.473863423,8450.928711,0.711944759,12.0,2.830188679,1.342914065425626,-38.68_-72.42
-38.68,-72.42,115.5,1725.315308,234.4835663,59.30163956,74.65052795,57.1727562,200.0,387.0,192.0,0.473863423,8450.928711,0.711944759,12.0,2.924528302,1.3672461661780424,-38.68_-72.42
-38.68,-72.42,115.5,1725.315308,234.4835663,59.30163956,74.65052795,57.1727562,200.0,387.0,192.0,0.473863423,8450.928711,0.711944759,12.0,8.20754717,2.220023492321517,-38.68_-72.42
1.59,-75.58,253.5,4140.956543,308.5,39.60337067,45.87170029,54.45947647,200.0,931.0,247.0,0.177699968,13701.95508,0.469670802,1.0,2.898305085,1.3605418650826933,1.59_-75.58
1.59,-75.58,253.5,4140.956543,308.5,39.60337067,45.87170029,54.45947647,200.0,931.0,247.0,0.177699968,13701.95508,0.469670802,1.0,3.110169492,1.4134642665872823,1.59_-75.58
1.59,-75.58,253.5,4140.956543,308.5,39.60337067,45.87170029,54.45947647,200.0,931.0,247.0,0.177699968,13701.95508,0.469670802,1.0,3.754237288,1.559036281028511,1.59_-75.58
1.59,-75.58,253.5,4140.956543,308.5,39.60337067,45.87170029,54.45947647,200.0,931.0,247.0,0.177699968,13701.95508,0.469670802,1.0,3.830508475,1.5749517364506502,1.59_-75.58
1.59,-75.58,253.5,4140.956543,308.5,39.60337067,45.87170029,54.45947647,200.0,931.0,247.0,0.177699968,13701.95508,0.469670802,1.0,6.194915254,1.9733745618127025,1.59_-75.58
1.59,-75.58,253.5,4140.956543,308.5,39.60337067,45.87170029,54.45947647,200.0,931.0,247.0,0.177699968,13701.95508,0.469670802,1.0,6.254237288,1.9815857516573856,1.59_-75.58
33.07,-111.97,230.5,205.809906,412.5,49.89999771,7.138347626,80.53633118,200.0,932.0,360.0,0.157749221,2209.233154,0.710331619,13.0,0.608910256,0.4755570901961471,33.07_-111.97
33.07,-111.97,230.5,205.809906,412.5,49.89999771,7.138347626,80.53633118,200.0,932.0,360.0,0.157749221,2209.233154,0.710331619,13.0,0.675512821,0.5161192802101172,33.07_-111.97
33.07,-111.97,230.5,205.809906,412.5,49.89999771,7.138347626,80.53633118,200.0,932.0,360.0,0.157749221,2209.233154,0.710331619,13.0,1.467564103,0.9032314709140916,33.07_-111.97
33.07,-111.97,230.5,205.809906,412.5,49.89999771,7.138347626,80.53633118,200.0,932.0,360.0,0.157749221,2209.233154,0.710331619,13.0,2.093141026,1.129187087878504,33.07_-111.97
-34.23,117.77,148.4833069,399.6550903,269.5,47.00332642,17.4168129,73.38723755,200.0,1559.0,241.5,0.220924407,5631.623535,0.514720798,12.0,1.00124031,0.6937671433432986,-34.23_117.77
-34.23,117.77,148.4833069,399.6550903,269.5,47.00332642,17.4168129,73.38723755,200.0,1559.0,241.5,0.220924407,5631.623535,0.514720798,12.0,4.960620155,1.7851745285164848,-34.23_117.77
-34.23,117.77,148.4833069,399.6550903,269.5,47.00332642,17.4168129,73.38723755,200.0,1559.0,241.5,0.220924407,5631.623535,0.514720798,12.0,6.553488372,2.0220094925816454,-34.23_117.77
-34.23,117.77,148.4833069,399.6550903,269.5,47.00332642,17.4168129,73.38723755,200.0,1559.0,241.5,0.220924407,5631.623535,0.514720798,12.0,8.80627907,2.2830229019307584,-34.23_117.77
-34.23,117.77,148.4833069,399.6550903,269.5,47.00332642,17.4168129,73.38723755,200.0,1559.0,241.5,0.220924407,5631.623535,0.514720798,12.0,8.92,2.2945529212967815,-34.23_117.77
-34.23,117.77,148.4833069,399.6550903,269.5,47.00332642,17.4168129,73.38723755,200.0,1559.0,241.5,0.220924407,5631.623535,0.514720798,12.0,10.28534884,2.423505321621601,-34.23_117.77
-34.23,117.77,148.4833069,399.6550903,269.5,47.00332642,17.4168129,73.38723755,200.0,1559.0,241.5,0.220924407,5631.623535,0.514720798,12.0,10.30813953,2.425522778807217,-34.23_117.77
-34.23,117.77,148.4833069,399.6550903,269.5,47.00332642,17.4168129,73.38723755,200.0,1559.0,241.5,0.220924407,5631.623535,0.514720798,12.0,12.56085271,2.6071871647534093,-34.23_117.77
-34.23,117.77,148.4833069,399.6550903,269.5,47.00332642,17.4168129,73.38723755,200.0,1559.0,241.5,0.220924407,5631.623535,0.514720798,12.0,12.78844961,2.6238312569132165,-34.23_117.77
-34.23,117.77,148.4833069,399.6550903,269.5,47.00332642,17.4168129,73.38723755,200.0,1559.0,241.5,0.220924407,5631.623535,0.514720798,12.0,13.92620155,2.7031181619008895,-34.23_117.77
-34.23,117.77,148.4833069,399.6550903,269.5,47.00332642,17.4168129,73.38723755,200.0,1559.0,241.5,0.220924407,5631.623535,0.514720798,12.0,16.67953488,2.872407749171136,-34.23_117.77
-34.23,117.77,148.4833069,399.6550903,269.5,47.00332642,17.4168129,73.38723755,200.0,1559.0,241.5,0.220924407,5631.623535,0.514720798,12.0,17.22565891,2.9028304314249884,-34.23_117.77
-34.23,117.77,148.4833069,399.6550903,269.5,47.00332642,17.4168129,73.38723755,200.0,1559.0,241.5,0.220924407,5631.623535,0.514720798,12.0,17.79457364,2.9335681920022543,-34.23_117.77
-34.23,117.77,148.4833069,399.6550903,269.5,47.00332642,17.4168129,73.38723755,200.0,1559.0,241.5,0.220924407,5631.623535,0.514720798,12.0,18.13589147,2.951565706242941,-34.23_117.77
-34.23,117.77,148.4833069,399.6550903,269.5,47.00332642,17.4168129,73.38723755,200.0,1559.0,241.5,0.220924407,5631.623535,0.514720798,12.0,18.22689922,2.956310299589111,-34.23_117.77
-34.23,117.77,148.4833069,399.6550903,269.5,47.00332642,17.4168129,73.38723755,200.0,1559.0,241.5,0.220924407,5631.623535,0.514720798,12.0,19.77426357,3.033714892219117,-34.23_117.77
-34.23,117.77,148.4833069,399.6550903,269.5,47.00332642,17.4168129,73.38723755,200.0,1559.0,241.5,0.220924407,5631.623535,0.514720798,12.0,20.09286822,3.0489349842953337,-34.23_117.77
-34.23,117.77,148.4833069,399.6550903,269.5,47.00332642,17.4168129,73.38723755,200.0,1559.0,241.5,0.220924407,5631.623535,0.514720798,12.0,20.22937984,3.0553860637953307,-34.23_117.77
41.84,-88.26,98.5,984.340271,282.483551,30.60164452,26.05564499,64.58952332,200.0,211.0,228.5,0.386273086,5718.0,0.956236362,8.0,51.6,3.9627161197436642,41.84_-88.26
41.84,-88.26,98.5,984.340271,282.483551,30.60164452,26.05564499,64.58952332,200.0,211.0,228.5,0.386273086,5718.0,0.956236362,8.0,56.5,4.051784947803305,41.84_-88.26
41.84,-88.26,98.5,984.340271,282.483551,30.60164452,26.05564499,64.58952332,200.0,211.0,228.5,0.386273086,5718.0,0.956236362,8.0,66.0,4.204692619390966,41.84_-88.26
41.84,-88.26,98.5,984.340271,282.483551,30.60164452,26.05564499,64.58952332,200.0,211.0,228.5,0.386273086,5718.0,0.956236362,8.0,75.2,4.333361462692601,41.84_-88.26
41.84,-88.26,98.5,984.340271,282.483551,30.60164452,26.05564499,64.58952332,200.0,211.0,228.5,0.386273086,5718.0,0.956236362,8.0,75.9,4.3425058765115985,41.84_-88.26
41.84,-88.26,98.5,984.340271,282.483551,30.60164452,26.05564499,64.58952332,200.0,211.0,228.5,0.386273086,5718.0,0.956236362,8.0,81.4,4.411585436915426,41.84_-88.26
41.84,-88.26,98.5,984.340271,282.483551,30.60164452,26.05564499,64.58952332,200.0,211.0,228.5,0.386273086,5718.0,0.956236362,8.0,82.0,4.418840607796598,41.84_-88.26
41.84,-88.26,98.5,984.340271,282.483551,30.60164452,26.05564499,64.58952332,200.0,211.0,228.5,0.386273086,5718.0,0.956236362,8.0,85.3,4.457829598089382,41.84_-88.26
41.84,-88.26,98.5,984.340271,282.483551,30.60164452,26.05564499,64.58952332,200.0,211.0,228.5,0.386273086,5718.0,0.956236362,8.0,100.0,4.61512051684126,41.84_-88.26
41.84,-88.26,98.5,984.340271,282.483551,30.60164452,26.05564499,64.58952332,200.0,211.0,228.5,0.386273086,5718.0,0.956236362,8.0,111.0,4.718498871295094,41.84_-88.26
-2.33,34.83,222.4334412,645.9414063,294.4334412,68.69832611,20.58226776,73.27362823,200.0,909.0,1508.0,7.044184685,8644.579102,0.043214198,7.0,0.008432836,0.008397478276690072,-2.33_34.83
-2.33,34.83,222.4334412,645.9414063,294.4334412,68.69832611,20.58226776,73.27362823,200.0,909.0,1508.0,7.044184685,8644.579102,0.043214198,7.0,0.020298507,0.020095238402942514,-2.33_34.83
-2.33,34.83,222.4334412,645.9414063,294.4334412,68.69832611,20.58226776,73.27362823,200.0,909.0,1508.0,7.044184685,8644.579102,0.043214198,7.0,0.136716418,0.12814377117092532,-2.33_34.83
-2.33,34.83,222.4334412,645.9414063,294.4334412,68.69832611,20.58226776,73.27362823,200.0,909.0,1508.0,7.044184685,8644.579102,0.043214198,7.0,0.165671642,0.15329743763393158,-2.33_34.83
-2.33,34.83,222.4334412,645.9414063,294.4334412,68.69832611,20.58226776,73.27362823,200.0,909.0,1508.0,7.044184685,8644.579102,0.043214198,7.0,0.237537313,0.21312336692534026,-2.33_34.83
-2.33,34.83,222.4334412,645.9414063,294.4334412,68.69832611,20.58226776,73.27362823,200.0,909.0,1508.0,7.044184685,8644.579102,0.043214198,7.0,0.25858209,0.22998576191251424,-2.33_34.83
-2.33,34.83,222.4334412,645.9414063,294.4334412,68.69832611,20.58226776,73.27362823,200.0,909.0,1508.0,7.044184685,8644.579102,0.043214198,7.0,0.435298507,0.3613728463940017,-2.33_34.83
-2.33,34.83,222.4334412,645.9414063,294.4334412,68.69832611,20.58226776,73.27362823,200.0,909.0,1508.0,7.044184685,8644.579102,0.043214198,7.0,0.437835821,0.36313908101442055,-2.33_34.83
-2.33,34.83,222.4334412,645.9414063,294.4334412,68.69832611,20.58226776,73.27362823,200.0,909.0,1508.0,7.044184685,8644.579102,0.043214198,7.0,0.44380597,0.3672826616361091,-2.33_34.83
-2.33,34.83,222.4334412,645.9414063,294.4334412,68.69832611,20.58226776,73.27362823,200.0,909.0,1508.0,7.044184685,8644.579102,0.043214198,7.0,0.460597015,0.37884526652110484,-2.33_34.83
-2.33,34.83,222.4334412,645.9414063,294.4334412,68.69832611,20.58226776,73.27362823,200.0,909.0,1508.0,7.044184685,8644.579102,0.043214198,7.0,0.468283582,0.3840940872856101,-2.33_34.83
-2.33,34.83,222.4334412,645.9414063,294.4334412,68.69832611,20.58226776,73.27362823,200.0,909.0,1508.0,7.044184685,8644.579102,0.043214198,7.0,0.49761194,0.4038717994658185,-2.33_34.83
-2.33,34.83,222.4334412,645.9414063,294.4334412,68.69832611,20.58226776,73.27362823,200.0,909.0,1508.0,7.044184685,8644.579102,0.043214198,7.0,0.501044776,0.4061613829858764,-2.33_34.83
-2.33,34.83,222.4334412,645.9414063,294.4334412,68.69832611,20.58226776,73.27362823,200.0,909.0,1508.0,7.044184685,8644.579102,0.043214198,7.0,0.521044776,0.41939745137113554,-2.33_34.83
-2.33,34.83,222.4334412,645.9414063,294.4334412,68.69832611,20.58226776,73.27362823,200.0,909.0,1508.0,7.044184685,8644.579102,0.043214198,7.0,0.547164179,0.43642369330306596,-2.33_34.83
-2.33,34.83,222.4334412,645.9414063,294.4334412,68.69832611,20.58226776,73.27362823,200.0,909.0,1508.0,7.044184685,8644.579102,0.043214198,7.0,0.550447761,0.43854376727843725,-2.33_34.83
-2.33,34.83,222.4334412,645.9414063,294.4334412,68.69832611,20.58226776,73.27362823,200.0,909.0,1508.0,7.044184685,8644.579102,0.043214198,7.0,0.612462687,0.47776262957509885,-2.33_34.83
-2.33,34.83,222.4334412,645.9414063,294.4334412,68.69832611,20.58226776,73.27362823,200.0,909.0,1508.0,7.044184685,8644.579102,0.043214198,7.0,0.628059701,0.4873889382838914,-2.33_34.83
-2.33,34.83,222.4334412,645.9414063,294.4334412,68.69832611,20.58226776,73.27362823,200.0,909.0,1508.0,7.044184685,8644.579102,0.043214198,7.0,0.628656716,0.48775557444758766,-2.33_34.83
-2.33,34.83,222.4334412,645.9414063,294.4334412,68.69832611,20.58226776,73.27362823,200.0,909.0,1508.0,7.044184685,8644.579102,0.043214198,7.0,0.65,0.5007752879124893,-2.33_34.83
-2.33,34.83,222.4334412,645.9414063,294.4334412,68.69832611,20.58226776,73.27362823,200.0,909.0,1508.0,7.044184685,8644.579102,0.043214198,7.0,0.694477612,0.5273744998207093,-2.33_34.83
-2.33,34.83,222.4334412,645.9414063,294.4334412,68.69832611,20.58226776,73.27362823,200.0,909.0,1508.0,7.044184685,8644.579102,0.043214198,7.0,0.71,0.5364933705145685,-2.33_34.83
-2.33,34.83,222.4334412,645.9414063,294.4334412,68.69832611,20.58226776,73.27362823,200.0,909.0,1508.0,7.044184685,8644.579102,0.043214198,7.0,0.736492537,0.5518672954674468,-2.33_34.83
-2.33,34.83,222.4334412,645.9414063,294.4334412,68.69832611,20.58226776,73.27362823,200.0,909.0,1508.0,7.044184685,8644.579102,0.043214198,7.0,0.776791045,0.5748089536259022,-2.33_34.83
-2.33,34.83,222.4334412,645.9414063,294.4334412,68.69832611,20.58226776,73.27362823,200.0,909.0,1508.0,7.044184685,8644.579102,0.043214198,7.0,0.813358209,0.5951804903041773,-2.33_34.83
-2.33,34.83,222.4334412,645.9414063,294.4334412,68.69832611,20.58226776,73.27362823,200.0,909.0,1508.0,7.044184685,8644.579102,0.043214198,7.0,0.831940299,0.6053756778388459,-2.33_34.83
-2.33,34.83,222.4334412,645.9414063,294.4334412,68.69832611,20.58226776,73.27362823,200.0,909.0,1508.0,7.044184685,8644.579102,0.043214198,7.0,0.910522388,0.6473767062344827,-2.33_34.83
-2.33,34.83,222.4334412,645.9414063,294.4334412,68.69832611,20.58226776,73.27362823,200.0,909.0,1508.0,7.044184685,8644.579102,0.043214198,7.0,0.915746269,0.6501072433263523,-2.33_34.83
-2.33,34.83,222.4334412,645.9414063,294.4334412,68.69832611,20.58226776,73.27362823,200.0,909.0,1508.0,7.044184685,8644.579102,0.043214198,7.0,0.94119403,0.6633032631269273,-2.33_34.83
-2.33,34.83,222.4334412,645.9414063,294.4334412,68.69832611,20.58226776,73.27362823,200.0,909.0,1508.0,7.044184685,8644.579102,0.043214198,7.0,0.953731343,0.6697410533797392,-2.33_34.83
-2.33,34.83,222.4334412,645.9414063,294.4334412,68.69832611,20.58226776,73.27362823,200.0,909.0,1508.0,7.044184685,8644.579102,0.043214198,7.0,0.997537313,0.6919150783336387,-2.33_34.83
-2.33,34.83,222.4334412,645.9414063,294.4334412,68.69832611,20.58226776,73.27362823,200.0,909.0,1508.0,7.044184685,8644.579102,0.043214198,7.0,1.010671642,0.6984688165039797,-2.33_34.83
-2.33,34.83,222.4334412,645.9414063,294.4334412,68.69832611,20.58226776,73.27362823,200.0,909.0,1508.0,7.044184685,8644.579102,0.043214198,7.0,1.085895522,0.735198269993492,-2.33_34.83
-2.33,34.83,222.4334412,645.9414063,294.4334412,68.69832611,20.58226776,73.27362823,200.0,909.0,1508.0,7.044184685,8644.579102,0.043214198,7.0,1.110895522,0.747112275457606,-2.33_34.83
-2.33,34.83,222.4334412,645.9414063,294.4334412,68.69832611,20.58226776,73.27362823,200.0,909.0,1508.0,7.044184685,8644.579102,0.043214198,7.0,1.178358209,0.7785714779297127,-2.33_34.83
-2.33,34.83,222.4334412,645.9414063,294.4334412,68.69832611,20.58226776,73.27362823,200.0,909.0,1508.0,7.044184685,8644.579102,0.043214198,7.0,1.185597015,0.7818890246357145,-2.33_34.83
-2.33,34.83,222.4334412,645.9414063,294.4334412,68.69832611,20.58226776,73.27362823,200.0,909.0,1508.0,7.044184685,8644.579102,0.043214198,7.0,1.192462687,0.7850254266473213,-2.33_34.83
-2.33,34.83,222.4334412,645.9414063,294.4334412,68.69832611,20.58226776,73.27362823,200.0,909.0,1508.0,7.044184685,8644.579102,0.043214198,7.0,1.200223881,0.7885591192775655,-2.33_34.83
-2.33,34.83,222.4334412,645.9414063,294.4334412,68.69832611,20.58226776,73.27362823,200.0,909.0,1508.0,7.044184685,8644.579102,0.043214198,7.0,1.374104478,0.8646203044861567,-2.33_34.83
-2.33,34.83,222.4334412,645.9414063,294.4334412,68.69832611,20.58226776,73.27362823,200.0,909.0,1508.0,7.044184685,8644.579102,0.043214198,7.0,1.382313433,0.8680720462397543,-2.33_34.83
-2.33,34.83,222.4334412,645.9414063,294.4334412,68.69832611,20.58226776,73.27362823,200.0,909.0,1508.0,7.044184685,8644.579102,0.043214198,7.0,1.416343284,0.8822553577274049,-2.33_34.83
-2.33,34.83,222.4334412,645.9414063,294.4334412,68.69832611,20.58226776,73.27362823,200.0,909.0,1508.0,7.044184685,8644.579102,0.043214198,7.0,1.426492537,0.8864468142350783,-2.33_34.83
-2.33,34.83,222.4334412,645.9414063,294.4334412,68.69832611,20.58226776,73.27362823,200.0,909.0,1508.0,7.044184685,8644.579102,0.043214198,7.0,1.510820896,0.9206097498736371,-2.33_34.83
-2.33,34.83,222.4334412,645.9414063,294.4334412,68.69832611,20.58226776,73.27362823,200.0,909.0,1508.0,7.044184685,8644.579102,0.043214198,7.0,1.515074627,0.9223024758748942,-2.33_34.83
-2.33,34.83,222.4334412,645.9414063,294.4334412,68.69832611,20.58226776,73.27362823,200.0,909.0,1508.0,7.044184685,8644.579102,0.043214198,7.0,1.605447761,0.9576045456554876,-2.33_34.83
-2.33,34.83,222.4334412,645.9414063,294.4334412,68.69832611,20.58226776,73.27362823,200.0,909.0,1508.0,7.044184685,8644.579102,0.043214198,7.0,1.621119403,0.9636014795798441,-2.33_34.83
-2.33,34.83,222.4334412,645.9414063,294.4334412,68.69832611,20.58226776,73.27362823,200.0,909.0,1508.0,7.044184685,8644.579102,0.043214198,7.0,1.824029851,1.0381648900425509,-2.33_34.83
-2.33,34.83,222.4334412,645.9414063,294.4334412,68.69832611,20.58226776,73.27362823,200.0,909.0,1508.0,7.044184685,8644.579102,0.043214198,7.0,1.832014925,1.040988445944705,-2.33_34.83
-2.33,34.83,222.4334412,645.9414063,294.4334412,68.69832611,20.58226776,73.27362823,200.0,909.0,1508.0,7.044184685,8644.579102,0.043214198,7.0,1.880820896,1.0580752868669048,-2.33_34.83
-2.33,34.83,222.4334412,645.9414063,294.4334412,68.69832611,20.58226776,73.27362823,200.0,909.0,1508.0,7.044184685,8644.579102,0.043214198,7.0,1.896716418,1.0635778258356892,-2.33_34.83
-2.33,34.83,222.4334412,645.9414063,294.4334412,68.69832611,20.58226776,73.27362823,200.0,909.0,1508.0,7.044184685,8644.579102,0.043214198,7.0,1.944179104,1.079830035972659,-2.33_34.83
-2.33,34.83,222.4334412,645.9414063,294.4334412,68.69832611,20.58226776,73.27362823,200.0,909.0,1508.0,7.044184685,8644.579102,0.043214198,7.0,1.955074627,1.0835239050230978,-2.33_34.83
-2.33,34.83,222.4334412,645.9414063,294.4334412,68.69832611,20.58226776,73.27362823,200.0,909.0,1508.0,7.044184685,8644.579102,0.043214198,7.0,2.002164179,1.0993334215892514,-2.33_34.83
-2.33,34.83,222.4334412,645.9414063,294.4334412,68.69832611,20.58226776,73.27362823,200.0,909.0,1508.0,7.044184685,8644.579102,0.043214198,7.0,2.003507463,1.099780760072763,-2.33_34.83
-2.33,34.83,222.4334412,645.9414063,294.4334412,68.69832611,20.58226776,73.27362823,200.0,909.0,1508.0,7.044184685,8644.579102,0.043214198,7.0,2.195223881,1.1616571576750188,-2.33_34.83
-2.33,34.83,222.4334412,645.9414063,294.4334412,68.69832611,20.58226776,73.27362823,200.0,909.0,1508.0,7.044184685,8644.579102,0.043214198,7.0,2.200746269,1.1633839916791746,-2.33_34.83
-2.33,34.83,222.4334412,645.9414063,294.4334412,68.69832611,20.58226776,73.27362823,200.0,909.0,1508.0,7.044184685,8644.579102,0.043214198,7.0,2.456567164,1.2402759474309475,-2.33_34.83
-2.33,34.83,222.4334412,645.9414063,294.4334412,68.69832611,20.58226776,73.27362823,200.0,909.0,1508.0,7.044184685,8644.579102,0.043214198,7.0,2.462462687,1.2419800951377025,-2.33_34.83
-2.33,34.83,222.4334412,645.9414063,294.4334412,68.69832611,20.58226776,73.27362823,200.0,909.0,1508.0,7.044184685,8644.579102,0.043214198,7.0,2.481791045,1.2475468294936276,-2.33_34.83
-2.33,34.83,222.4334412,645.9414063,294.4334412,68.69832611,20.58226776,73.27362823,200.0,909.0,1508.0,7.044184685,8644.579102,0.043214198,7.0,2.484850746,1.2484252157487332,-2.33_34.83
-2.33,34.83,222.4334412,645.9414063,294.4334412,68.69832611,20.58226776,73.27362823,200.0,909.0,1508.0,7.044184685,8644.579102,0.043214198,7.0,3.523134328,1.5092051889271332,-2.33_34.83
-2.33,34.83,222.4334412,645.9414063,294.4334412,68.69832611,20.58226776,73.27362823,200.0,909.0,1508.0,7.044184685,8644.579102,0.043214198,7.0,3.545671642,1.5141754927292437,-2.33_34.83
-2.33,34.83,222.4334412,645.9414063,294.4334412,68.69832611,20.58226776,73.27362823,200.0,909.0,1508.0,7.044184685,8644.579102,0.043214198,7.0,3.920970149,1.5935056958219556,-2.33_34.83
-2.33,34.83,222.4334412,645.9414063,294.4334412,68.69832611,20.58226776,73.27362823,200.0,909.0,1508.0,7.044184685,8644.579102,0.043214198,7.0,3.951492537,1.5996890537580502,-2.33_34.83
-2.33,34.83,222.4334412,645.9414063,294.4334412,68.69832611,20.58226776,73.27362823,200.0,909.0,1508.0,7.044184685,8644.579102,0.043214198,7.0,5.184104478,1.8219822060324427,-2.33_34.83
-2.33,34.83,222.4334412,645.9414063,294.4334412,68.69832611,20.58226776,73.27362823,200.0,909.0,1508.0,7.044184685,8644.579102,0.043214198,7.0,5.194253731,1.8236220447094262,-2.33_34.83
-3.98,-79.08,162.4854736,1233.609863,207.4690399,32.38161469,86.83307648,53.00029373,122.1336136,726.0,1961.5,22.09582901,16837.48242,0.18694979,1.0,14.15929204,2.7186136799153404,-3.98_-79.08
-3.98,-79.08,162.4854736,1233.609863,207.4690399,32.38161469,86.83307648,53.00029373,122.1336136,726.0,1961.5,22.09582901,16837.48242,0.18694979,1.0,17.69911504,2.928476198676551,-3.98_-79.08
-3.98,-79.08,162.4854736,1233.609863,207.4690399,32.38161469,86.83307648,53.00029373,122.1336136,726.0,1961.5,22.09582901,16837.48242,0.18694979,1.0,38.05309735,3.6649221906818386,-3.98_-79.08
40.0,116.0,102.8338547,535.329895,284.8170471,113.2000046,42.6680336,73.06135559,189.3752899,855.0,492.5,18.73096848,2299.029053,0.45917353,4.0,0.53,0.4252677354043441,40.0_116.0
40.0,116.0,102.8338547,535.329895,284.8170471,113.2000046,42.6680336,73.06135559,189.3752899,855.0,492.5,18.73096848,2299.029053,0.45917353,4.0,0.72,0.5423242908253616,40.0_116.0
40.0,116.0,102.8338547,535.329895,284.8170471,113.2000046,42.6680336,73.06135559,189.3752899,855.0,492.5,18.73096848,2299.029053,0.45917353,4.0,0.78,0.5766133643039938,40.0_116.0
40.0,116.0,102.8338547,535.329895,284.8170471,113.2000046,42.6680336,73.06135559,189.3752899,855.0,492.5,18.73096848,2299.029053,0.45917353,4.0,0.8,0.5877866649021191,40.0_116.0
40.0,116.0,102.8338547,535.329895,284.8170471,113.2000046,42.6680336,73.06135559,189.3752899,855.0,492.5,18.73096848,2299.029053,0.45917353,4.0,0.89,0.636576829071551,40.0_116.0
40.0,116.0,102.8338547,535.329895,284.8170471,113.2000046,42.6680336,73.06135559,189.3752899,855.0,492.5,18.73096848,2299.029053,0.45917353,4.0,1.23,0.8020015854720274,40.0_116.0
40.0,116.0,102.8338547,535.329895,284.8170471,113.2000046,42.6680336,73.06135559,189.3752899,855.0,492.5,18.73096848,2299.029053,0.45917353,4.0,1.42,0.8837675401685949,40.0_116.0
40.0,116.0,102.8338547,535.329895,284.8170471,113.2000046,42.6680336,73.06135559,189.3752899,855.0,492.5,18.73096848,2299.029053,0.45917353,4.0,1.47,0.9042181506398859,40.0_116.0
40.0,116.0,102.8338547,535.329895,284.8170471,113.2000046,42.6680336,73.06135559,189.3752899,855.0,492.5,18.73096848,2299.029053,0.45917353,4.0,2.63,1.2892326482767593,40.0_116.0
36.8,114.93,145.5,521.6966553,320.5,108.7999954,6.500854969,81.47807312,200.0,773.0,39.0,0.061874468,3517.837158,0.796893775,4.0,1.820895522,1.0370543955311102,36.8_114.93
36.8,114.93,145.5,521.6966553,320.5,108.7999954,6.500854969,81.47807312,200.0,773.0,39.0,0.061874468,3517.837158,0.796893775,4.0,1.828358209,1.039696405147346,36.8_114.93
36.8,114.93,145.5,521.6966553,320.5,108.7999954,6.500854969,81.47807312,200.0,773.0,39.0,0.061874468,3517.837158,0.796893775,4.0,1.895522388,1.0631655396517434,36.8_114.93
36.8,114.93,145.5,521.6966553,320.5,108.7999954,6.500854969,81.47807312,200.0,773.0,39.0,0.061874468,3517.837158,0.796893775,4.0,2.231343284,1.1728979281809087,36.8_114.93
36.8,114.93,145.5,521.6966553,320.5,108.7999954,6.500854969,81.47807312,200.0,773.0,39.0,0.061874468,3517.837158,0.796893775,4.0,2.291044776,1.1912050754596535,36.8_114.93
36.8,114.93,145.5,521.6966553,320.5,108.7999954,6.500854969,81.47807312,200.0,773.0,39.0,0.061874468,3517.837158,0.796893775,4.0,2.335820896,1.2047187948058342,36.8_114.93
36.8,114.93,145.5,521.6966553,320.5,108.7999954,6.500854969,81.47807312,200.0,773.0,39.0,0.061874468,3517.837158,0.796893775,4.0,2.410447761,1.2268435908864006,36.8_114.93
36.8,114.93,145.5,521.6966553,320.5,108.7999954,6.500854969,81.47807312,200.0,773.0,39.0,0.061874468,3517.837158,0.796893775,4.0,2.432835821,1.2333866895626642,36.8_114.93
36.8,114.93,145.5,521.6966553,320.5,108.7999954,6.500854969,81.47807312,200.0,773.0,39.0,0.061874468,3517.837158,0.796893775,4.0,2.619402985,1.2863090909659531,36.8_114.93
36.8,114.93,145.5,521.6966553,320.5,108.7999954,6.500854969,81.47807312,200.0,773.0,39.0,0.061874468,3517.837158,0.796893775,4.0,3.455223881,1.494077313532143,36.8_114.93
40.0,116.0,102.8338547,535.329895,284.8170471,113.2000046,42.6680336,73.06135559,189.3752899,855.0,492.5,18.73096848,2299.029053,0.45917353,4.0,0.53,0.4252677354043441,40.0_116.0
40.0,116.0,102.8338547,535.329895,284.8170471,113.2000046,42.6680336,73.06135559,189.3752899,855.0,492.5,18.73096848,2299.029053,0.45917353,4.0,0.72,0.5423242908253616,40.0_116.0
40.0,116.0,102.8338547,535.329895,284.8170471,113.2000046,42.6680336,73.06135559,189.3752899,855.0,492.5,18.73096848,2299.029053,0.45917353,4.0,0.78,0.5766133643039938,40.0_116.0
40.0,116.0,102.8338547,535.329895,284.8170471,113.2000046,42.6680336,73.06135559,189.3752899,855.0,492.5,18.73096848,2299.029053,0.45917353,4.0,0.8,0.5877866649021191,40.0_116.0
40.0,116.0,102.8338547,535.329895,284.8170471,113.2000046,42.6680336,73.06135559,189.3752899,855.0,492.5,18.73096848,2299.029053,0.45917353,4.0,0.89,0.636576829071551,40.0_116.0
40.0,116.0,102.8338547,535.329895,284.8170471,113.2000046,42.6680336,73.06135559,189.3752899,855.0,492.5,18.73096848,2299.029053,0.45917353,4.0,1.123,0.752830182721119,40.0_116.0
40.0,116.0,102.8338547,535.329895,284.8170471,113.2000046,42.6680336,73.06135559,189.3752899,855.0,492.5,18.73096848,2299.029053,0.45917353,4.0,1.42,0.8837675401685949,40.0_116.0
40.0,116.0,102.8338547,535.329895,284.8170471,113.2000046,42.6680336,73.06135559,189.3752899,855.0,492.5,18.73096848,2299.029053,0.45917353,4.0,1.47,0.9042181506398859,40.0_116.0
40.0,116.0,102.8338547,535.329895,284.8170471,113.2000046,42.6680336,73.06135559,189.3752899,855.0,492.5,18.73096848,2299.029053,0.45917353,4.0,2.63,1.2892326482767593,40.0_116.0
37.56,128.07,110.3492737,1434.284546,275.3327332,97.6966629,53.64595413,59.50326157,198.9646912,598.0,281.5,7.144078255,7979.924316,0.366227329,4.0,11.22147287,2.5031944759402593,37.56_128.07
37.72,127.61,108.5342331,1357.348022,273.5341492,102.399971,71.28538513,59.09553146,178.3829193,777.0,280.5,12.32128334,6900.428223,0.472937971,4.0,7.553730159,2.146367463714439,37.72_127.61
38.3,128.46,108.5680161,1650.48938,253.5841827,76.79496765,57.06491852,57.82426834,195.4400482,750.0,243.5,10.97386646,8553.626953,0.370940864,4.0,7.400416667,2.1282813078333547,38.3_128.46
10.43,-83.98,245.5164337,3846.057373,293.5164185,29.7016716,58.32836914,53.39100266,200.0,711.0,50.0,0.759514093,9629.576172,0.400143564,1.0,0.005849057,0.005832017676470164,10.43_-83.98
10.43,-83.98,245.5164337,3846.057373,293.5164185,29.7016716,58.32836914,53.39100266,200.0,711.0,50.0,0.759514093,9629.576172,0.400143564,1.0,0.008962264,0.008922341266744873,10.43_-83.98
10.43,-83.98,245.5164337,3846.057373,293.5164185,29.7016716,58.32836914,53.39100266,200.0,711.0,50.0,0.759514093,9629.576172,0.400143564,1.0,0.023207547,0.022942347134887648,10.43_-83.98
10.43,-83.98,245.5164337,3846.057373,293.5164185,29.7016716,58.32836914,53.39100266,200.0,711.0,50.0,0.759514093,9629.576172,0.400143564,1.0,0.038396226,0.03767743252348761,10.43_-83.98
10.43,-83.98,245.5164337,3846.057373,293.5164185,29.7016716,58.32836914,53.39100266,200.0,711.0,50.0,0.759514093,9629.576172,0.400143564,1.0,0.051698113,0.0504061083043355,10.43_-83.98
10.43,-83.98,245.5164337,3846.057373,293.5164185,29.7016716,58.32836914,53.39100266,200.0,711.0,50.0,0.759514093,9629.576172,0.400143564,1.0,0.074716981,0.07205735342870524,10.43_-83.98
10.43,-83.98,245.5164337,3846.057373,293.5164185,29.7016716,58.32836914,53.39100266,200.0,711.0,50.0,0.759514093,9629.576172,0.400143564,1.0,0.09245283,0.08842547085411616,10.43_-83.98
10.43,-83.98,245.5164337,3846.057373,293.5164185,29.7016716,58.32836914,53.39100266,200.0,711.0,50.0,0.759514093,9629.576172,0.400143564,1.0,0.093018868,0.08894347162545979,10.43_-83.98
10.43,-83.98,245.5164337,3846.057373,293.5164185,29.7016716,58.32836914,53.39100266,200.0,711.0,50.0,0.759514093,9629.576172,0.400143564,1.0,0.165660377,0.15328777363077092,10.43_-83.98
10.43,-83.98,245.5164337,3846.057373,293.5164185,29.7016716,58.32836914,53.39100266,200.0,711.0,50.0,0.759514093,9629.576172,0.400143564,1.0,0.238018868,0.2135124148570898,10.43_-83.98
43.65,116.15,33.50028229,298.8580322,264.5167236,107.1966705,29.2788868,82.38421631,199.6315308,1189.0,1138.0,1.257813215,1746.777466,0.126365155,8.0,2.205714286,1.1649349316883089,43.65_116.15
43.65,116.15,33.50028229,298.8580322,264.5167236,107.1966705,29.2788868,82.38421631,199.6315308,1189.0,1138.0,1.257813215,1746.777466,0.126365155,8.0,2.779285714,1.3295350272251816,43.65_116.15
43.65,116.15,33.50028229,298.8580322,264.5167236,107.1966705,29.2788868,82.38421631,199.6315308,1189.0,1138.0,1.257813215,1746.777466,0.126365155,8.0,3.018285714,1.3908553723763497,43.65_116.15
43.65,116.15,33.50028229,298.8580322,264.5167236,107.1966705,29.2788868,82.38421631,199.6315308,1189.0,1138.0,1.257813215,1746.777466,0.126365155,8.0,3.530428571,1.510816542304724,43.65_116.15
43.05,-78.53,90.5,1083.84021,259.4832764,12.9033165,58.20435715,62.17272949,200.0,782.0,191.5,0.34296751,6705.177734,0.549429178,4.0,0.093561644,0.0894399326596358,43.05_-78.53
43.05,-78.53,90.5,1083.84021,259.4832764,12.9033165,58.20435715,62.17272949,200.0,782.0,191.5,0.34296751,6705.177734,0.549429178,4.0,0.151712329,0.14124981668014258,43.05_-78.53
43.05,-78.53,90.5,1083.84021,259.4832764,12.9033165,58.20435715,62.17272949,200.0,782.0,191.5,0.34296751,6705.177734,0.549429178,4.0,0.183972603,0.16887539683598676,43.05_-78.53
43.05,-78.53,90.5,1083.84021,259.4832764,12.9033165,58.20435715,62.17272949,200.0,782.0,191.5,0.34296751,6705.177734,0.549429178,4.0,0.187191781,0.1715906703948854,43.05_-78.53
43.05,-78.53,90.5,1083.84021,259.4832764,12.9033165,58.20435715,62.17272949,200.0,782.0,191.5,0.34296751,6705.177734,0.549429178,4.0,0.187191781,0.1715906703948854,43.05_-78.53
43.05,-78.53,90.5,1083.84021,259.4832764,12.9033165,58.20435715,62.17272949,200.0,782.0,191.5,0.34296751,6705.177734,0.549429178,4.0,0.188835616,0.1729743541557265,43.05_-78.53
43.05,-78.53,90.5,1083.84021,259.4832764,12.9033165,58.20435715,62.17272949,200.0,782.0,191.5,0.34296751,6705.177734,0.549429178,4.0,0.188835616,0.1729743541557265,43.05_-78.53
43.05,-78.53,90.5,1083.84021,259.4832764,12.9033165,58.20435715,62.17272949,200.0,782.0,191.5,0.34296751,6705.177734,0.549429178,4.0,0.189589041,0.17360790378109198,43.05_-78.53
43.05,-78.53,90.5,1083.84021,259.4832764,12.9033165,58.20435715,62.17272949,200.0,782.0,191.5,0.34296751,6705.177734,0.549429178,4.0,0.193630137,0.17699919897569083,43.05_-78.53
43.05,-78.53,90.5,1083.84021,259.4832764,12.9033165,58.20435715,62.17272949,200.0,782.0,191.5,0.34296751,6705.177734,0.549429178,4.0,0.213835616,0.19378527654968686,43.05_-78.53
43.05,-78.53,90.5,1083.84021,259.4832764,12.9033165,58.20435715,62.17272949,200.0,782.0,191.5,0.34296751,6705.177734,0.549429178,4.0,0.246917808,0.22067475273733012,43.05_-78.53
43.05,-78.53,90.5,1083.84021,259.4832764,12.9033165,58.20435715,62.17272949,200.0,782.0,191.5,0.34296751,6705.177734,0.549429178,4.0,0.25739726,0.22904391786471984,43.05_-78.53
43.05,-78.53,90.5,1083.84021,259.4832764,12.9033165,58.20435715,62.17272949,200.0,782.0,191.5,0.34296751,6705.177734,0.549429178,4.0,0.309041096,0.2692948813929347,43.05_-78.53
43.05,-78.53,90.5,1083.84021,259.4832764,12.9033165,58.20435715,62.17272949,200.0,782.0,191.5,0.34296751,6705.177734,0.549429178,4.0,0.340479452,0.29302734996766455,43.05_-78.53
43.05,-78.53,90.5,1083.84021,259.4832764,12.9033165,58.20435715,62.17272949,200.0,782.0,191.5,0.34296751,6705.177734,0.549429178,4.0,0.345342466,0.29664860220457245,43.05_-78.53
43.05,-78.53,90.5,1083.84021,259.4832764,12.9033165,58.20435715,62.17272949,200.0,782.0,191.5,0.34296751,6705.177734,0.549429178,4.0,0.359041096,0.306779374594057,43.05_-78.53
43.05,-78.53,90.5,1083.84021,259.4832764,12.9033165,58.20435715,62.17272949,200.0,782.0,191.5,0.34296751,6705.177734,0.549429178,4.0,0.359863014,0.30738396967485715,43.05_-78.53
43.05,-78.53,90.5,1083.84021,259.4832764,12.9033165,58.20435715,62.17272949,200.0,782.0,191.5,0.34296751,6705.177734,0.549429178,4.0,0.381643836,0.32327397577780065,43.05_-78.53
43.05,-78.53,90.5,1083.84021,259.4832764,12.9033165,58.20435715,62.17272949,200.0,782.0,191.5,0.34296751,6705.177734,0.549429178,4.0,0.38890411,0.32851502611198447,43.05_-78.53
43.05,-78.53,90.5,1083.84021,259.4832764,12.9033165,58.20435715,62.17272949,200.0,782.0,191.5,0.34296751,6705.177734,0.549429178,4.0,0.394520548,0.332550663007324,43.05_-78.53
43.05,-78.53,90.5,1083.84021,259.4832764,12.9033165,58.20435715,62.17272949,200.0,782.0,191.5,0.34296751,6705.177734,0.549429178,4.0,0.419589041,0.3503674219801869,43.05_-78.53
43.05,-78.53,90.5,1083.84021,259.4832764,12.9033165,58.20435715,62.17272949,200.0,782.0,191.5,0.34296751,6705.177734,0.549429178,4.0,0.424383562,0.3537391320572267,43.05_-78.53
43.05,-78.53,90.5,1083.84021,259.4832764,12.9033165,58.20435715,62.17272949,200.0,782.0,191.5,0.34296751,6705.177734,0.549429178,4.0,0.425205479,0.354315999114874,43.05_-78.53
43.05,-78.53,90.5,1083.84021,259.4832764,12.9033165,58.20435715,62.17272949,200.0,782.0,191.5,0.34296751,6705.177734,0.549429178,4.0,0.460684932,0.37890545721931307,43.05_-78.53
-22.43,-45.39,184.4841919,1860.600464,248.4841919,69.20333862,28.35611725,52.04377747,193.730072,745.0,1122.0,15.29093933,13813.98145,0.391814202,1.0,0.282051282,0.24846135925849966,-22.43_-45.39
-22.43,-45.39,184.4841919,1860.600464,248.4841919,69.20333862,28.35611725,52.04377747,193.730072,745.0,1122.0,15.29093933,13813.98145,0.391814202,1.0,0.401709402,0.3376924932337594,-22.43_-45.39
-22.43,-45.37,168.5985565,1957.597412,232.5988312,69.20333862,42.04688644,50.52421951,174.6970367,749.0,1402.5,10.97175217,16780.64063,0.267298549,7.0,0.424778761,0.35401654622864415,-22.43_-45.37
-22.43,-45.37,168.5985565,1957.597412,232.5988312,69.20333862,42.04688644,50.52421951,174.6970367,749.0,1402.5,10.97175217,16780.64063,0.267298549,7.0,1.053097345,0.7193495528893142,-22.43_-45.37
-21.27,-48.37,223.533432,1486.925781,289.5498352,72.40000153,18.24898338,53.67884445,200.0,928.0,662.0,1.627819419,8638.487305,0.477262557,7.0,1.96969697,1.0884599173061325,-21.27_-48.37
-21.27,-48.37,223.533432,1486.925781,289.5498352,72.40000153,18.24898338,53.67884445,200.0,928.0,662.0,1.627819419,8638.487305,0.477262557,7.0,2.378787879,1.2175170294964734,-21.27_-48.37
-21.27,-48.37,223.533432,1486.925781,289.5498352,72.40000153,18.24898338,53.67884445,200.0,928.0,662.0,1.627819419,8638.487305,0.477262557,7.0,2.886363636,1.3574739224908314,-21.27_-48.37
-21.27,-48.37,223.533432,1486.925781,289.5498352,72.40000153,18.24898338,53.67884445,200.0,928.0,662.0,1.627819419,8638.487305,0.477262557,7.0,2.916666667,1.3652409520071647,-21.27_-48.37
-21.27,-48.37,223.533432,1486.925781,289.5498352,72.40000153,18.24898338,53.67884445,200.0,928.0,662.0,1.627819419,8638.487305,0.477262557,7.0,2.984848485,1.3824992901893618,-21.27_-48.37
-21.27,-48.37,223.533432,1486.925781,289.5498352,72.40000153,18.24898338,53.67884445,200.0,928.0,662.0,1.627819419,8638.487305,0.477262557,7.0,3.371212121,1.4750403438732018,-21.27_-48.37
-21.27,-48.37,223.533432,1486.925781,289.5498352,72.40000153,18.24898338,53.67884445,200.0,928.0,662.0,1.627819419,8638.487305,0.477262557,7.0,3.386363636,1.478500554903723,-21.27_-48.37
-21.27,-48.37,223.533432,1486.925781,289.5498352,72.40000153,18.24898338,53.67884445,200.0,928.0,662.0,1.627819419,8638.487305,0.477262557,7.0,4.068181818,1.6229821375059832,-21.27_-48.37
-21.27,-48.37,223.533432,1486.925781,289.5498352,72.40000153,18.24898338,53.67884445,200.0,928.0,662.0,1.627819419,8638.487305,0.477262557,7.0,4.128787879,1.634869350367263,-21.27_-48.37
48.44,-113.8,66.43306732,1066.045044,257.433075,25.30164528,107.3210983,58.17511749,200.0,565.0,1028.0,0.46263805,5789.001465,0.014247903,5.0,0.065495495,0.06343994448565375,48.44_-113.8
48.44,-113.8,66.43306732,1066.045044,257.433075,25.30164528,107.3210983,58.17511749,200.0,565.0,1028.0,0.46263805,5789.001465,0.014247903,5.0,0.090720721,0.08683868966336503,48.44_-113.8
48.44,-113.8,66.43306732,1066.045044,257.433075,25.30164528,107.3210983,58.17511749,200.0,565.0,1028.0,0.46263805,5789.001465,0.014247903,5.0,0.126936937,0.11950327697027555,48.44_-113.8
48.44,-113.8,66.43306732,1066.045044,257.433075,25.30164528,107.3210983,58.17511749,200.0,565.0,1028.0,0.46263805,5789.001465,0.014247903,5.0,0.296306306,0.25951891722670045,48.44_-113.8
33.66,-117.0,164.4181366,424.5691223,324.4509888,84.99665833,14.81742573,67.54839325,178.3041229,1202.0,671.5,2.13748455,3587.416992,0.266205698,12.0,0.419788732,0.3505080802625952,33.66_-117.0
33.66,-117.0,164.4181366,424.5691223,324.4509888,84.99665833,14.81742573,67.54839325,178.3041229,1202.0,671.5,2.13748455,3587.416992,0.266205698,12.0,0.957535211,0.6716861364605073,33.66_-117.0
33.66,-117.0,164.4181366,424.5691223,324.4509888,84.99665833,14.81742573,67.54839325,178.3041229,1202.0,671.5,2.13748455,3587.416992,0.266205698,12.0,0.97943662,0.6828122688650444,33.66_-117.0
33.66,-117.0,164.4181366,424.5691223,324.4509888,84.99665833,14.81742573,67.54839325,178.3041229,1202.0,671.5,2.13748455,3587.416992,0.266205698,12.0,1.633591549,0.9683485225799122,33.66_-117.0
33.66,-117.0,164.4181366,424.5691223,324.4509888,84.99665833,14.81742573,67.54839325,178.3041229,1202.0,671.5,2.13748455,3587.416992,0.266205698,12.0,1.844225352,1.045290746495244,33.66_-117.0
33.66,-117.0,164.4181366,424.5691223,324.4509888,84.99665833,14.81742573,67.54839325,178.3041229,1202.0,671.5,2.13748455,3587.416992,0.266205698,12.0,2.143661972,1.1453883535196039,33.66_-117.0
33.66,-117.0,164.4181366,424.5691223,324.4509888,84.99665833,14.81742573,67.54839325,178.3041229,1202.0,671.5,2.13748455,3587.416992,0.266205698,12.0,2.587112676,1.2773476103790637,33.66_-117.0
33.66,-117.0,164.4181366,424.5691223,324.4509888,84.99665833,14.81742573,67.54839325,178.3041229,1202.0,671.5,2.13748455,3587.416992,0.266205698,12.0,2.963943662,1.377239403955039,33.66_-117.0
33.66,-117.0,164.4181366,424.5691223,324.4509888,84.99665833,14.81742573,67.54839325,178.3041229,1202.0,671.5,2.13748455,3587.416992,0.266205698,12.0,3.213450704,1.438281956624629,33.66_-117.0
33.66,-117.0,164.4181366,424.5691223,324.4509888,84.99665833,14.81742573,67.54839325,178.3041229,1202.0,671.5,2.13748455,3587.416992,0.266205698,12.0,3.701408451,1.547862134249331,33.66_-117.0
33.66,-117.0,164.4181366,424.5691223,324.4509888,84.99665833,14.81742573,67.54839325,178.3041229,1202.0,671.5,2.13748455,3587.416992,0.266205698,12.0,3.80084507,1.5687919586677623,33.66_-117.0
33.66,-117.0,164.4181366,424.5691223,324.4509888,84.99665833,14.81742573,67.54839325,178.3041229,1202.0,671.5,2.13748455,3587.416992,0.266205698,12.0,4.987042254,1.789597509543164,33.66_-117.0
33.66,-117.0,164.4181366,424.5691223,324.4509888,84.99665833,14.81742573,67.54839325,178.3041229,1202.0,671.5,2.13748455,3587.416992,0.266205698,12.0,5.818591549,1.91965293278571,33.66_-117.0
33.66,-117.0,164.4181366,424.5691223,324.4509888,84.99665833,14.81742573,67.54839325,178.3041229,1202.0,671.5,2.13748455,3587.416992,0.266205698,12.0,8.185352113,2.2176100535882575,33.66_-117.0
33.66,-117.0,164.4181366,424.5691223,324.4509888,84.99665833,14.81742573,67.54839325,178.3041229,1202.0,671.5,2.13748455,3587.416992,0.266205698,12.0,11.81042254,2.550259100532482,33.66_-117.0
33.66,-117.0,164.4181366,424.5691223,324.4509888,84.99665833,14.81742573,67.54839325,178.3041229,1202.0,671.5,2.13748455,3587.416992,0.266205698,12.0,17.37,2.9107188992270343,33.66_-117.0
33.66,-117.0,164.4181366,424.5691223,324.4509888,84.99665833,14.81742573,67.54839325,178.3041229,1202.0,671.5,2.13748455,3587.416992,0.266205698,12.0,24.48133803,3.2379463422765404,33.66_-117.0
33.66,-117.0,164.4181366,424.5691223,324.4509888,84.99665833,14.81742573,67.54839325,178.3041229,1202.0,671.5,2.13748455,3587.416992,0.266205698,12.0,25.97260563,3.2948217446466455,33.66_-117.0
33.66,-117.0,164.4181366,424.5691223,324.4509888,84.99665833,14.81742573,67.54839325,178.3041229,1202.0,671.5,2.13748455,3587.416992,0.266205698,12.0,38.90401408,3.6864769223443963,33.66_-117.0
33.66,-117.0,164.4181366,424.5691223,324.4509888,84.99665833,14.81742573,67.54839325,178.3041229,1202.0,671.5,2.13748455,3587.416992,0.266205698,12.0,44.36401408,3.8147191493313093,33.66_-117.0
39.3,110.07,82.4665451,415.7705078,281.4830627,102.1049652,9.321284294,79.95519257,200.0,1008.0,1229.5,2.023815155,1820.397583,0.37206775,10.0,1.367647059,0.8618966598828905,39.3_110.07
39.3,110.07,82.4665451,415.7705078,281.4830627,102.1049652,9.321284294,79.95519257,200.0,1008.0,1229.5,2.023815155,1820.397583,0.37206775,10.0,1.441176471,0.8924800833491112,39.3_110.07
39.3,110.07,82.4665451,415.7705078,281.4830627,102.1049652,9.321284294,79.95519257,200.0,1008.0,1229.5,2.023815155,1820.397583,0.37206775,10.0,1.889705882,1.0611547260110719,39.3_110.07
39.3,110.07,82.4665451,415.7705078,281.4830627,102.1049652,9.321284294,79.95519257,200.0,1008.0,1229.5,2.023815155,1820.397583,0.37206775,10.0,3.485294118,1.5008040715099935,39.3_110.07
39.3,110.07,82.4665451,415.7705078,281.4830627,102.1049652,9.321284294,79.95519257,200.0,1008.0,1229.5,2.023815155,1820.397583,0.37206775,10.0,7.786764706,2.173246578642948,39.3_110.07
39.3,110.07,82.4665451,415.7705078,281.4830627,102.1049652,9.321284294,79.95519257,200.0,1008.0,1229.5,2.023815155,1820.397583,0.37206775,10.0,9.676470588,2.368042309626651,39.3_110.07
29.82,106.37,151.8471527,1417.329712,278.863678,64.49832153,40.06086731,55.25552368,186.9362183,661.0,892.0,12.89641953,6214.058105,0.56208241,4.0,0.474206349,0.3881197765064175,29.82_106.37
29.82,106.37,151.8471527,1417.329712,278.863678,64.49832153,40.06086731,55.25552368,186.9362183,661.0,892.0,12.89641953,6214.058105,0.56208241,4.0,0.516269841,0.416253266763467,29.82_106.37
29.82,106.37,151.8471527,1417.329712,278.863678,64.49832153,40.06086731,55.25552368,186.9362183,661.0,892.0,12.89641953,6214.058105,0.56208241,4.0,0.522698413,0.42048403263638456,29.82_106.37
29.82,106.37,151.8471527,1417.329712,278.863678,64.49832153,40.06086731,55.25552368,186.9362183,661.0,892.0,12.89641953,6214.058105,0.56208241,4.0,0.576190476,0.4550108445387483,29.82_106.37
35.85,104.12,84.51679993,393.2888794,247.5335236,84.801651,14.54814148,80.59425354,200.0,398.0,1959.0,1.424765825,2951.399902,0.813910842,10.0,4.093023256,1.6278716141594682,35.85_104.12
35.85,104.12,84.51679993,393.2888794,247.5335236,84.801651,14.54814148,80.59425354,200.0,398.0,1959.0,1.424765825,2951.399902,0.813910842,10.0,4.240310078,1.656380671773008,35.85_104.12
35.85,104.12,84.51679993,393.2888794,247.5335236,84.801651,14.54814148,80.59425354,200.0,398.0,1959.0,1.424765825,2951.399902,0.813910842,10.0,4.248062016,1.6578588686451377,35.85_104.12
35.85,104.12,84.51679993,393.2888794,247.5335236,84.801651,14.54814148,80.59425354,200.0,398.0,1959.0,1.424765825,2951.399902,0.813910842,10.0,4.387596899,1.6840994411613934,35.85_104.12
35.85,104.12,84.51679993,393.2888794,247.5335236,84.801651,14.54814148,80.59425354,200.0,398.0,1959.0,1.424765825,2951.399902,0.813910842,10.0,4.403100775,1.686973006362984,35.85_104.12
35.85,104.12,84.51679993,393.2888794,247.5335236,84.801651,14.54814148,80.59425354,200.0,398.0,1959.0,1.424765825,2951.399902,0.813910842,10.0,4.496124031,1.704043122169045,35.85_104.12
35.85,104.12,84.51679993,393.2888794,247.5335236,84.801651,14.54814148,80.59425354,200.0,398.0,1959.0,1.424765825,2951.399902,0.813910842,10.0,4.527131783,1.7096690160624415,35.85_104.12
35.85,104.12,84.51679993,393.2888794,247.5335236,84.801651,14.54814148,80.59425354,200.0,398.0,1959.0,1.424765825,2951.399902,0.813910842,10.0,4.534883721,1.7110705579905172,35.85_104.12
35.85,104.12,84.51679993,393.2888794,247.5335236,84.801651,14.54814148,80.59425354,200.0,398.0,1959.0,1.424765825,2951.399902,0.813910842,10.0,4.651162791,1.731861327700484,35.85_104.12
35.85,104.12,84.51679993,393.2888794,247.5335236,84.801651,14.54814148,80.59425354,200.0,398.0,1959.0,1.424765825,2951.399902,0.813910842,10.0,4.666666667,1.73460105544693,35.85_104.12
35.85,104.12,84.51679993,393.2888794,247.5335236,84.801651,14.54814148,80.59425354,200.0,398.0,1959.0,1.424765825,2951.399902,0.813910842,10.0,4.80620155,1.7589265790887918,35.85_104.12
35.85,104.12,84.51679993,393.2888794,247.5335236,84.801651,14.54814148,80.59425354,200.0,398.0,1959.0,1.424765825,2951.399902,0.813910842,10.0,4.899224806,1.7748209534658481,35.85_104.12
35.85,104.12,84.51679993,393.2888794,247.5335236,84.801651,14.54814148,80.59425354,200.0,398.0,1959.0,1.424765825,2951.399902,0.813910842,10.0,4.914728682,1.7774456268939514,35.85_104.12
35.85,104.12,84.51679993,393.2888794,247.5335236,84.801651,14.54814148,80.59425354,200.0,398.0,1959.0,1.424765825,2951.399902,0.813910842,10.0,4.92248062,1.7787553847786703,35.85_104.12
35.85,104.12,84.51679993,393.2888794,247.5335236,84.801651,14.54814148,80.59425354,200.0,398.0,1959.0,1.424765825,2951.399902,0.813910842,10.0,4.930232558,1.7800634294413342,35.85_104.12
35.85,104.12,84.51679993,393.2888794,247.5335236,84.801651,14.54814148,80.59425354,200.0,398.0,1959.0,1.424765825,2951.399902,0.813910842,10.0,4.984496124,1.7891721456579226,35.85_104.12
35.85,104.12,84.51679993,393.2888794,247.5335236,84.801651,14.54814148,80.59425354,200.0,398.0,1959.0,1.424765825,2951.399902,0.813910842,10.0,5.07751938,1.804596616014246,35.85_104.12
35.85,104.12,84.51679993,393.2888794,247.5335236,84.801651,14.54814148,80.59425354,200.0,398.0,1959.0,1.424765825,2951.399902,0.813910842,10.0,5.131782946,1.8134855634489653,35.85_104.12
35.85,104.12,84.51679993,393.2888794,247.5335236,84.801651,14.54814148,80.59425354,200.0,398.0,1959.0,1.424765825,2951.399902,0.813910842,10.0,5.19379845,1.8235485414671808,35.85_104.12
35.85,104.12,84.51679993,393.2888794,247.5335236,84.801651,14.54814148,80.59425354,200.0,398.0,1959.0,1.424765825,2951.399902,0.813910842,10.0,5.19379845,1.8235485414671808,35.85_104.12
35.85,104.12,84.51679993,393.2888794,247.5335236,84.801651,14.54814148,80.59425354,200.0,398.0,1959.0,1.424765825,2951.399902,0.813910842,10.0,5.209302326,1.826048542774103,35.85_104.12
35.85,104.12,84.51679993,393.2888794,247.5335236,84.801651,14.54814148,80.59425354,200.0,398.0,1959.0,1.424765825,2951.399902,0.813910842,10.0,5.271317829,1.8359865126238901,35.85_104.12
35.85,104.12,84.51679993,393.2888794,247.5335236,84.801651,14.54814148,80.59425354,200.0,398.0,1959.0,1.424765825,2951.399902,0.813910842,10.0,5.426356589,1.8604077507507037,35.85_104.12
35.85,104.12,84.51679993,393.2888794,247.5335236,84.801651,14.54814148,80.59425354,200.0,398.0,1959.0,1.424765825,2951.399902,0.813910842,10.0,5.503875969,1.8723983021067259,35.85_104.12
35.85,104.12,84.51679993,393.2888794,247.5335236,84.801651,14.54814148,80.59425354,200.0,398.0,1959.0,1.424765825,2951.399902,0.813910842,10.0,5.643410853,1.8936255142792815,35.85_104.12
35.85,104.12,84.51679993,393.2888794,247.5335236,84.801651,14.54814148,80.59425354,200.0,398.0,1959.0,1.424765825,2951.399902,0.813910842,10.0,5.643410853,1.8936255142792815,35.85_104.12
35.85,104.12,84.51679993,393.2888794,247.5335236,84.801651,14.54814148,80.59425354,200.0,398.0,1959.0,1.424765825,2951.399902,0.813910842,10.0,5.697674419,1.9017603645014114,35.85_104.12
35.85,104.12,84.51679993,393.2888794,247.5335236,84.801651,14.54814148,80.59425354,200.0,398.0,1959.0,1.424765825,2951.399902,0.813910842,10.0,5.775193798,1.9132679712275018,35.85_104.12
35.85,104.12,84.51679993,393.2888794,247.5335236,84.801651,14.54814148,80.59425354,200.0,398.0,1959.0,1.424765825,2951.399902,0.813910842,10.0,6.201550388,1.9742963345081406,35.85_104.12
35.85,104.12,84.51679993,393.2888794,247.5335236,84.801651,14.54814148,80.59425354,200.0,398.0,1959.0,1.424765825,2951.399902,0.813910842,10.0,6.240310078,1.9796640339335516,35.85_104.12
35.85,104.12,84.51679993,393.2888794,247.5335236,84.801651,14.54814148,80.59425354,200.0,398.0,1959.0,1.424765825,2951.399902,0.813910842,10.0,6.279069767,1.985003074785888,35.85_104.12
35.85,104.12,84.51679993,393.2888794,247.5335236,84.801651,14.54814148,80.59425354,200.0,398.0,1959.0,1.424765825,2951.399902,0.813910842,10.0,6.403100775,2.0018989360928803,35.85_104.12
35.85,104.12,84.51679993,393.2888794,247.5335236,84.801651,14.54814148,80.59425354,200.0,398.0,1959.0,1.424765825,2951.399902,0.813910842,10.0,6.434108527,2.0060786705040394,35.85_104.12
35.85,104.12,84.51679993,393.2888794,247.5335236,84.801651,14.54814148,80.59425354,200.0,398.0,1959.0,1.424765825,2951.399902,0.813910842,10.0,6.666666667,2.0368819273045182,35.85_104.12
35.85,104.12,84.51679993,393.2888794,247.5335236,84.801651,14.54814148,80.59425354,200.0,398.0,1959.0,1.424765825,2951.399902,0.813910842,10.0,6.775193798,2.050938383542437,35.85_104.12
35.85,104.12,84.51679993,393.2888794,247.5335236,84.801651,14.54814148,80.59425354,200.0,398.0,1959.0,1.424765825,2951.399902,0.813910842,10.0,6.84496124,2.059871445446213,35.85_104.12
35.85,104.12,84.51679993,393.2888794,247.5335236,84.801651,14.54814148,80.59425354,200.0,398.0,1959.0,1.424765825,2951.399902,0.813910842,10.0,6.930232558,2.0706823615723593,35.85_104.12
35.85,104.12,84.51679993,393.2888794,247.5335236,84.801651,14.54814148,80.59425354,200.0,398.0,1959.0,1.424765825,2951.399902,0.813910842,10.0,6.976744186,2.0765303314665466,35.85_104.12
35.85,104.12,84.51679993,393.2888794,247.5335236,84.801651,14.54814148,80.59425354,200.0,398.0,1959.0,1.424765825,2951.399902,0.813910842,10.0,7.054263566,2.08620158675103,35.85_104.12
35.85,104.12,84.51679993,393.2888794,247.5335236,84.801651,14.54814148,80.59425354,200.0,398.0,1959.0,1.424765825,2951.399902,0.813910842,10.0,7.131782946,2.095780204067037,35.85_104.12
35.85,104.12,84.51679993,393.2888794,247.5335236,84.801651,14.54814148,80.59425354,200.0,398.0,1959.0,1.424765825,2951.399902,0.813910842,10.0,7.19379845,2.1033775815558693,35.85_104.12
35.85,104.12,84.51679993,393.2888794,247.5335236,84.801651,14.54814148,80.59425354,200.0,398.0,1959.0,1.424765825,2951.399902,0.813910842,10.0,7.310077519,2.117468937223366,35.85_104.12
35.85,104.12,84.51679993,393.2888794,247.5335236,84.801651,14.54814148,80.59425354,200.0,398.0,1959.0,1.424765825,2951.399902,0.813910842,10.0,7.496124031,2.1396100631453763,35.85_104.12
35.85,104.12,84.51679993,393.2888794,247.5335236,84.801651,14.54814148,80.59425354,200.0,398.0,1959.0,1.424765825,2951.399902,0.813910842,10.0,7.697674419,2.163055681766424,35.85_104.12
35.85,104.12,84.51679993,393.2888794,247.5335236,84.801651,14.54814148,80.59425354,200.0,398.0,1959.0,1.424765825,2951.399902,0.813910842,10.0,7.906976744,2.186834873466196,35.85_104.12
35.85,104.12,84.51679993,393.2888794,247.5335236,84.801651,14.54814148,80.59425354,200.0,398.0,1959.0,1.424765825,2951.399902,0.813910842,10.0,8.294573643,2.2294307506216384,35.85_104.12
35.85,104.12,84.51679993,393.2888794,247.5335236,84.801651,14.54814148,80.59425354,200.0,398.0,1959.0,1.424765825,2951.399902,0.813910842,10.0,8.914728682,2.2940213971999697,35.85_104.12
35.85,104.12,84.51679993,393.2888794,247.5335236,84.801651,14.54814148,80.59425354,200.0,398.0,1959.0,1.424765825,2951.399902,0.813910842,10.0,9.302325581,2.3323696543131986,35.85_104.12
35.85,104.12,84.51679993,393.2888794,247.5335236,84.801651,14.54814148,80.59425354,200.0,398.0,1959.0,1.424765825,2951.399902,0.813910842,10.0,9.457364341,2.3473064518379294,35.85_104.12
35.85,104.12,84.51679993,393.2888794,247.5335236,84.801651,14.54814148,80.59425354,200.0,398.0,1959.0,1.424765825,2951.399902,0.813910842,10.0,9.612403101,2.3620234209479603,35.85_104.12
35.85,104.12,84.51679993,393.2888794,247.5335236,84.801651,14.54814148,80.59425354,200.0,398.0,1959.0,1.424765825,2951.399902,0.813910842,10.0,9.689922481,2.3693014734671625,35.85_104.12
35.85,104.12,84.51679993,393.2888794,247.5335236,84.801651,14.54814148,80.59425354,200.0,398.0,1959.0,1.424765825,2951.399902,0.813910842,10.0,9.76744186,2.376526938349475,35.85_104.12
35.85,104.12,84.51679993,393.2888794,247.5335236,84.801651,14.54814148,80.59425354,200.0,398.0,1959.0,1.424765825,2951.399902,0.813910842,10.0,9.76744186,2.376526938349475,35.85_104.12
35.85,104.12,84.51679993,393.2888794,247.5335236,84.801651,14.54814148,80.59425354,200.0,398.0,1959.0,1.424765825,2951.399902,0.813910842,10.0,9.84496124,2.3837005702752174,35.85_104.12
35.85,104.12,84.51679993,393.2888794,247.5335236,84.801651,14.54814148,80.59425354,200.0,398.0,1959.0,1.424765825,2951.399902,0.813910842,10.0,9.92248062,2.3908231075228135,35.85_104.12
35.85,104.12,84.51679993,393.2888794,247.5335236,84.801651,14.54814148,80.59425354,200.0,398.0,1959.0,1.424765825,2951.399902,0.813910842,10.0,10.0,2.3978952727983707,35.85_104.12
47.45,7.56,99.28266144,1108.142578,234.1995087,13.40334606,39.09929657,61.22691345,200.0,416.0,431.0,8.148555756,7167.250977,0.683629811,4.0,0.178615385,0.1643403469594206,47.45_7.56
47.45,7.56,99.28266144,1108.142578,234.1995087,13.40334606,39.09929657,61.22691345,200.0,416.0,431.0,8.148555756,7167.250977,0.683629811,4.0,0.314230769,0.2732515279301258,47.45_7.56
47.45,7.56,99.28266144,1108.142578,234.1995087,13.40334606,39.09929657,61.22691345,200.0,416.0,431.0,8.148555756,7167.250977,0.683629811,4.0,0.471307692,0.38615159173773184,47.45_7.56
47.45,7.56,99.28266144,1108.142578,234.1995087,13.40334606,39.09929657,61.22691345,200.0,416.0,431.0,8.148555756,7167.250977,0.683629811,4.0,0.495538462,0.40248631724595074,47.45_7.56
47.45,7.56,99.28266144,1108.142578,234.1995087,13.40334606,39.09929657,61.22691345,200.0,416.0,431.0,8.148555756,7167.250977,0.683629811,4.0,0.606846154,0.4742733472627268,47.45_7.56
47.45,7.56,99.28266144,1108.142578,234.1995087,13.40334606,39.09929657,61.22691345,200.0,416.0,431.0,8.148555756,7167.250977,0.683629811,4.0,1.159307692,0.769787657357853,47.45_7.56
47.45,7.56,99.28266144,1108.142578,234.1995087,13.40334606,39.09929657,61.22691345,200.0,416.0,431.0,8.148555756,7167.250977,0.683629811,4.0,1.632076923,0.9677732390998275,47.45_7.56
47.45,7.56,99.28266144,1108.142578,234.1995087,13.40334606,39.09929657,61.22691345,200.0,416.0,431.0,8.148555756,7167.250977,0.683629811,4.0,2.754769231,1.3230268268695167,47.45_7.56
47.45,7.56,99.28266144,1108.142578,234.1995087,13.40334606,39.09929657,61.22691345,200.0,416.0,431.0,8.148555756,7167.250977,0.683629811,4.0,2.935846154,1.3701258915358507,47.45_7.56
47.45,7.56,99.28266144,1108.142578,234.1995087,13.40334606,39.09929657,61.22691345,200.0,416.0,431.0,8.148555756,7167.250977,0.683629811,4.0,3.061692308,1.4015997113969294,47.45_7.56
47.45,7.56,99.28266144,1108.142578,234.1995087,13.40334606,39.09929657,61.22691345,200.0,416.0,431.0,8.148555756,7167.250977,0.683629811,4.0,10.80838462,2.468809840159612,47.45_7.56
47.45,7.56,99.28266144,1108.142578,234.1995087,13.40334606,39.09929657,61.22691345,200.0,416.0,431.0,8.148555756,7167.250977,0.683629811,4.0,11.607,2.5342522152491322,47.45_7.56
30.47,114.36,175.5,1548.581665,320.5,54.60166931,15.68650532,65.24997711,200.0,557.0,24.5,0.639027953,2534.567139,0.732081413,4.0,2.696,1.3072511537794378,30.47_114.36
30.47,114.36,175.5,1548.581665,320.5,54.60166931,15.68650532,65.24997711,200.0,557.0,24.5,0.639027953,2534.567139,0.732081413,4.0,2.76,1.324418957401803,30.47_114.36
30.47,114.36,175.5,1548.581665,320.5,54.60166931,15.68650532,65.24997711,200.0,557.0,24.5,0.639027953,2534.567139,0.732081413,4.0,3.344,1.4687955826316343,30.47_114.36
30.47,114.36,175.5,1548.581665,320.5,54.60166931,15.68650532,65.24997711,200.0,557.0,24.5,0.639027953,2534.567139,0.732081413,4.0,4.0,1.6094379124341003,30.47_114.36
30.47,114.36,175.5,1548.581665,320.5,54.60166931,15.68650532,65.24997711,200.0,557.0,24.5,0.639027953,2534.567139,0.732081413,4.0,11.736,2.5444326291020274,30.47_114.36
17.51,78.28,262.5,892.2141724,375.5,102.7066956,9.712654114,68.97912598,200.0,887.0,549.0,0.68616581,2402.568848,0.740403891,2.0,4.3,1.667706820558076,17.51_78.28
17.51,78.28,262.5,892.2141724,375.5,102.7066956,9.712654114,68.97912598,200.0,887.0,549.0,0.68616581,2402.568848,0.740403891,2.0,12.8,2.624668592163159,17.51_78.28
17.51,78.28,262.5,892.2141724,375.5,102.7066956,9.712654114,68.97912598,200.0,887.0,549.0,0.68616581,2402.568848,0.740403891,2.0,61.6,4.136765278106052,17.51_78.28
-32.34,116.07,166.5499115,1010.468384,304.5667114,82.59830475,33.05747604,59.12728882,200.0,1290.0,278.5,2.292910576,9866.610352,0.437022924,12.0,0.072347826,0.0698504745736097,-32.34_116.07
-32.34,116.07,166.5499115,1010.468384,304.5667114,82.59830475,33.05747604,59.12728882,200.0,1290.0,278.5,2.292910576,9866.610352,0.437022924,12.0,0.077826087,0.0749461301582883,-32.34_116.07
-32.34,116.07,166.5499115,1010.468384,304.5667114,82.59830475,33.05747604,59.12728882,200.0,1290.0,278.5,2.292910576,9866.610352,0.437022924,12.0,0.088086957,0.08442106895325638,-32.34_116.07
-32.34,116.07,166.5499115,1010.468384,304.5667114,82.59830475,33.05747604,59.12728882,200.0,1290.0,278.5,2.292910576,9866.610352,0.437022924,12.0,0.090608696,0.08673597707055311,-32.34_116.07
-32.34,116.07,166.5499115,1010.468384,304.5667114,82.59830475,33.05747604,59.12728882,200.0,1290.0,278.5,2.292910576,9866.610352,0.437022924,12.0,0.093217391,0.08912508328772034,-32.34_116.07
-32.34,116.07,166.5499115,1010.468384,304.5667114,82.59830475,33.05747604,59.12728882,200.0,1290.0,278.5,2.292910576,9866.610352,0.437022924,12.0,0.095652174,0.09134977866759302,-32.34_116.07
-32.34,116.07,166.5499115,1010.468384,304.5667114,82.59830475,33.05747604,59.12728882,200.0,1290.0,278.5,2.292910576,9866.610352,0.437022924,12.0,0.10373913,0.09870362464291782,-32.34_116.07
-32.34,116.07,166.5499115,1010.468384,304.5667114,82.59830475,33.05747604,59.12728882,200.0,1290.0,278.5,2.292910576,9866.610352,0.437022924,12.0,0.104,0.09893994785490356,-32.34_116.07
-32.34,116.07,166.5499115,1010.468384,304.5667114,82.59830475,33.05747604,59.12728882,200.0,1290.0,278.5,2.292910576,9866.610352,0.437022924,12.0,0.104869565,0.09972728727837968,-32.34_116.07
-32.34,116.07,166.5499115,1010.468384,304.5667114,82.59830475,33.05747604,59.12728882,200.0,1290.0,278.5,2.292910576,9866.610352,0.437022924,12.0,0.121913043,0.11503530231455505,-32.34_116.07
-32.34,116.07,166.5499115,1010.468384,304.5667114,82.59830475,33.05747604,59.12728882,200.0,1290.0,278.5,2.292910576,9866.610352,0.437022924,12.0,0.122434783,0.11550023916913202,-32.34_116.07
-32.34,116.07,166.5499115,1010.468384,304.5667114,82.59830475,33.05747604,59.12728882,200.0,1290.0,278.5,2.292910576,9866.610352,0.437022924,12.0,0.122782609,0.11581007642945428,-32.34_116.07
-32.34,116.07,166.5499115,1010.468384,304.5667114,82.59830475,33.05747604,59.12728882,200.0,1290.0,278.5,2.292910576,9866.610352,0.437022924,12.0,0.123565217,0.11650685902260859,-32.34_116.07
-32.34,116.07,166.5499115,1010.468384,304.5667114,82.59830475,33.05747604,59.12728882,200.0,1290.0,278.5,2.292910576,9866.610352,0.437022924,12.0,0.128956522,0.12129377423998339,-32.34_116.07
-32.34,116.07,166.5499115,1010.468384,304.5667114,82.59830475,33.05747604,59.12728882,200.0,1290.0,278.5,2.292910576,9866.610352,0.437022924,12.0,0.129304348,0.12160182191274899,-32.34_116.07
-32.34,116.07,166.5499115,1010.468384,304.5667114,82.59830475,33.05747604,59.12728882,200.0,1290.0,278.5,2.292910576,9866.610352,0.437022924,12.0,0.130086957,0.12229458286085663,-32.34_116.07
-32.34,116.07,166.5499115,1010.468384,304.5667114,82.59830475,33.05747604,59.12728882,200.0,1290.0,278.5,2.292910576,9866.610352,0.437022924,12.0,0.130086957,0.12229458286085663,-32.34_116.07
-32.34,116.07,166.5499115,1010.468384,304.5667114,82.59830475,33.05747604,59.12728882,200.0,1290.0,278.5,2.292910576,9866.610352,0.437022924,12.0,0.135652174,0.1272070885556503,-32.34_116.07
-32.34,116.07,166.5499115,1010.468384,304.5667114,82.59830475,33.05747604,59.12728882,200.0,1290.0,278.5,2.292910576,9866.610352,0.437022924,12.0,0.138956522,0.13011251165570006,-32.34_116.07
-32.34,116.07,166.5499115,1010.468384,304.5667114,82.59830475,33.05747604,59.12728882,200.0,1290.0,278.5,2.292910576,9866.610352,0.437022924,12.0,0.146869565,0.13703611328499146,-32.34_116.07
-32.34,116.07,166.5499115,1010.468384,304.5667114,82.59830475,33.05747604,59.12728882,200.0,1290.0,278.5,2.292910576,9866.610352,0.437022924,12.0,0.152,0.1414995622736995,-32.34_116.07
-32.34,116.07,166.5499115,1010.468384,304.5667114,82.59830475,33.05747604,59.12728882,200.0,1290.0,278.5,2.292910576,9866.610352,0.437022924,12.0,0.153130435,0.1424803615147803,-32.34_116.07
-32.34,116.07,166.5499115,1010.468384,304.5667114,82.59830475,33.05747604,59.12728882,200.0,1290.0,278.5,2.292910576,9866.610352,0.437022924,12.0,0.155652174,0.14466483743119413,-32.34_116.07
-32.34,116.07,166.5499115,1010.468384,304.5667114,82.59830475,33.05747604,59.12728882,200.0,1290.0,278.5,2.292910576,9866.610352,0.437022924,12.0,0.156434783,0.1453418094001931,-32.34_116.07
-32.34,116.07,166.5499115,1010.468384,304.5667114,82.59830475,33.05747604,59.12728882,200.0,1290.0,278.5,2.292910576,9866.610352,0.437022924,12.0,0.174608696,0.1609350674502377,-32.34_116.07
-32.34,116.07,166.5499115,1010.468384,304.5667114,82.59830475,33.05747604,59.12728882,200.0,1290.0,278.5,2.292910576,9866.610352,0.437022924,12.0,0.174608696,0.1609350674502377,-32.34_116.07
-32.34,116.07,166.5499115,1010.468384,304.5667114,82.59830475,33.05747604,59.12728882,200.0,1290.0,278.5,2.292910576,9866.610352,0.437022924,12.0,0.174608696,0.1609350674502377,-32.34_116.07
-32.34,116.07,166.5499115,1010.468384,304.5667114,82.59830475,33.05747604,59.12728882,200.0,1290.0,278.5,2.292910576,9866.610352,0.437022924,12.0,0.174782609,0.16108311686197047,-32.34_116.07
-32.34,116.07,166.5499115,1010.468384,304.5667114,82.59830475,33.05747604,59.12728882,200.0,1290.0,278.5,2.292910576,9866.610352,0.437022924,12.0,0.176434783,0.16248849458463765,-32.34_116.07
-32.34,116.07,166.5499115,1010.468384,304.5667114,82.59830475,33.05747604,59.12728882,200.0,1290.0,278.5,2.292910576,9866.610352,0.437022924,12.0,0.180086957,0.1655881281353052,-32.34_116.07
-32.34,116.07,166.5499115,1010.468384,304.5667114,82.59830475,33.05747604,59.12728882,200.0,1290.0,278.5,2.292910576,9866.610352,0.437022924,12.0,0.184869565,0.16963269679879928,-32.34_116.07
-32.34,116.07,166.5499115,1010.468384,304.5667114,82.59830475,33.05747604,59.12728882,200.0,1290.0,278.5,2.292910576,9866.610352,0.437022924,12.0,0.186,0.1705863005755337,-32.34_116.07
-32.34,116.07,166.5499115,1010.468384,304.5667114,82.59830475,33.05747604,59.12728882,200.0,1290.0,278.5,2.292910576,9866.610352,0.437022924,12.0,0.190695652,0.17453771783483218,-32.34_116.07
-32.34,116.07,166.5499115,1010.468384,304.5667114,82.59830475,33.05747604,59.12728882,200.0,1290.0,278.5,2.292910576,9866.610352,0.437022924,12.0,0.198869565,0.18137908363895733,-32.34_116.07
-32.34,116.07,166.5499115,1010.468384,304.5667114,82.59830475,33.05747604,59.12728882,200.0,1290.0,278.5,2.292910576,9866.610352,0.437022924,12.0,0.200956522,0.18311834094380539,-32.34_116.07
-32.34,116.07,166.5499115,1010.468384,304.5667114,82.59830475,33.05747604,59.12728882,200.0,1290.0,278.5,2.292910576,9866.610352,0.437022924,12.0,0.206782609,0.18795781736035047,-32.34_116.07
-32.34,116.07,166.5499115,1010.468384,304.5667114,82.59830475,33.05747604,59.12728882,200.0,1290.0,278.5,2.292910576,9866.610352,0.437022924,12.0,0.215565217,0.19520916779787564,-32.34_116.07
-32.34,116.07,166.5499115,1010.468384,304.5667114,82.59830475,33.05747604,59.12728882,200.0,1290.0,278.5,2.292910576,9866.610352,0.437022924,12.0,0.21626087,0.1957812917854373,-32.34_116.07
-32.34,116.07,166.5499115,1010.468384,304.5667114,82.59830475,33.05747604,59.12728882,200.0,1290.0,278.5,2.292910576,9866.610352,0.437022924,12.0,0.217217391,0.19656742664810783,-32.34_116.07
-32.34,116.07,166.5499115,1010.468384,304.5667114,82.59830475,33.05747604,59.12728882,200.0,1290.0,278.5,2.292910576,9866.610352,0.437022924,12.0,0.225043478,0.20297633561175343,-32.34_116.07
-32.34,116.07,166.5499115,1010.468384,304.5667114,82.59830475,33.05747604,59.12728882,200.0,1290.0,278.5,2.292910576,9866.610352,0.437022924,12.0,0.233130435,0.20955600528629684,-32.34_116.07
-32.34,116.07,166.5499115,1010.468384,304.5667114,82.59830475,33.05747604,59.12728882,200.0,1290.0,278.5,2.292910576,9866.610352,0.437022924,12.0,0.243304348,0.2177726321153354,-32.34_116.07
-32.34,116.07,166.5499115,1010.468384,304.5667114,82.59830475,33.05747604,59.12728882,200.0,1290.0,278.5,2.292910576,9866.610352,0.437022924,12.0,0.244608696,0.21882118011234147,-32.34_116.07
-32.34,116.07,166.5499115,1010.468384,304.5667114,82.59830475,33.05747604,59.12728882,200.0,1290.0,278.5,2.292910576,9866.610352,0.437022924,12.0,0.252173913,0.22488117117802836,-32.34_116.07
-32.34,116.07,166.5499115,1010.468384,304.5667114,82.59830475,33.05747604,59.12728882,200.0,1290.0,278.5,2.292910576,9866.610352,0.437022924,12.0,0.252521739,0.2251589103132867,-32.34_116.07
-32.34,116.07,166.5499115,1010.468384,304.5667114,82.59830475,33.05747604,59.12728882,200.0,1290.0,278.5,2.292910576,9866.610352,0.437022924,12.0,0.26173913,0.23249103118230216,-32.34_116.07
-32.34,116.07,166.5499115,1010.468384,304.5667114,82.59830475,33.05747604,59.12728882,200.0,1290.0,278.5,2.292910576,9866.610352,0.437022924,12.0,0.267913043,0.23737227558774066,-32.34_116.07
-32.34,116.07,166.5499115,1010.468384,304.5667114,82.59830475,33.05747604,59.12728882,200.0,1290.0,278.5,2.292910576,9866.610352,0.437022924,12.0,0.287043478,0.2523477104831583,-32.34_116.07
-2.33,34.83,222.4334412,645.9414063,294.4334412,68.69832611,20.58226776,73.27362823,200.0,909.0,1508.0,7.044184685,8644.579102,0.043214198,7.0,47.85,3.888754378488792,-2.33_34.83
-2.33,34.83,222.4334412,645.9414063,294.4334412,68.69832611,20.58226776,73.27362823,200.0,909.0,1508.0,7.044184685,8644.579102,0.043214198,7.0,51.64,3.9634762870170617,-2.33_34.83
-2.33,34.83,222.4334412,645.9414063,294.4334412,68.69832611,20.58226776,73.27362823,200.0,909.0,1508.0,7.044184685,8644.579102,0.043214198,7.0,53.75,4.00277736869661,-2.33_34.83
-2.33,34.83,222.4334412,645.9414063,294.4334412,68.69832611,20.58226776,73.27362823,200.0,909.0,1508.0,7.044184685,8644.579102,0.043214198,7.0,55.31,4.030872139266527,-2.33_34.83
-2.33,34.83,222.4334412,645.9414063,294.4334412,68.69832611,20.58226776,73.27362823,200.0,909.0,1508.0,7.044184685,8644.579102,0.043214198,7.0,66.72,4.2153815572649345,-2.33_34.83
46.75,-114.13,83.46559143,387.0856628,288.4656067,25.20668602,32.48314285,65.82409668,200.0,692.0,996.5,8.719491005,4454.30957,0.352755874,5.0,17.78164063,2.9328798304542945,46.75_-114.13
46.75,-114.13,83.46559143,387.0856628,288.4656067,25.20668602,32.48314285,65.82409668,200.0,692.0,996.5,8.719491005,4454.30957,0.352755874,5.0,20.74523438,3.0793946245612993,46.75_-114.13
46.75,-114.13,83.46559143,387.0856628,288.4656067,25.20668602,32.48314285,65.82409668,200.0,692.0,996.5,8.719491005,4454.30957,0.352755874,5.0,21.85210938,3.129043427302713,46.75_-114.13
46.75,-114.13,83.46559143,387.0856628,288.4656067,25.20668602,32.48314285,65.82409668,200.0,692.0,996.5,8.719491005,4454.30957,0.352755874,5.0,22.56625,3.159815603738656,46.75_-114.13
46.75,-114.13,83.46559143,387.0856628,288.4656067,25.20668602,32.48314285,65.82409668,200.0,692.0,996.5,8.719491005,4454.30957,0.352755874,5.0,22.99476563,3.1778357078109547,46.75_-114.13
46.75,-114.13,83.46559143,387.0856628,288.4656067,25.20668602,32.48314285,65.82409668,200.0,692.0,996.5,8.719491005,4454.30957,0.352755874,5.0,23.42320313,3.195533628385417,46.75_-114.13
46.75,-114.13,83.46559143,387.0856628,288.4656067,25.20668602,32.48314285,65.82409668,200.0,692.0,996.5,8.719491005,4454.30957,0.352755874,5.0,23.70882813,3.207160593946743,46.75_-114.13
46.75,-114.13,83.46559143,387.0856628,288.4656067,25.20668602,32.48314285,65.82409668,200.0,692.0,996.5,8.719491005,4454.30957,0.352755874,5.0,24.53007813,3.2398572915699004,46.75_-114.13
46.75,-114.13,83.46559143,387.0856628,288.4656067,25.20668602,32.48314285,65.82409668,200.0,692.0,996.5,8.719491005,4454.30957,0.352755874,5.0,26.92242188,3.329430017685176,46.75_-114.13
46.75,-114.13,83.46559143,387.0856628,288.4656067,25.20668602,32.48314285,65.82409668,200.0,692.0,996.5,8.719491005,4454.30957,0.352755874,5.0,27.13664063,3.3370726639627972,46.75_-114.13
46.75,-114.13,83.46559143,387.0856628,288.4656067,25.20668602,32.48314285,65.82409668,200.0,692.0,996.5,8.719491005,4454.30957,0.352755874,5.0,28.2078125,3.374436224858614,46.75_-114.13
46.75,-114.13,83.46559143,387.0856628,288.4656067,25.20668602,32.48314285,65.82409668,200.0,692.0,996.5,8.719491005,4454.30957,0.352755874,5.0,29.27898438,3.410453887055615,46.75_-114.13
46.75,-114.13,83.46559143,387.0856628,288.4656067,25.20668602,32.48314285,65.82409668,200.0,692.0,996.5,8.719491005,4454.30957,0.352755874,5.0,36.38453125,3.6212570159220214,46.75_-114.13
44.11,3.04,106.5006332,973.9692383,242.5006256,21.50000763,27.47094345,72.24352264,200.0,537.0,596.0,4.559423447,7037.078125,0.543494523,12.0,0.940298507,0.6628418308261548,44.11_3.04
44.11,3.04,106.5006332,973.9692383,242.5006256,21.50000763,27.47094345,72.24352264,200.0,537.0,596.0,4.559423447,7037.078125,0.543494523,12.0,1.082089552,0.7333719817557589,44.11_3.04
44.11,3.04,106.5006332,973.9692383,242.5006256,21.50000763,27.47094345,72.24352264,200.0,537.0,596.0,4.559423447,7037.078125,0.543494523,12.0,1.305970149,0.8355014768368016,44.11_3.04
44.11,3.04,106.5006332,973.9692383,242.5006256,21.50000763,27.47094345,72.24352264,200.0,537.0,596.0,4.559423447,7037.078125,0.543494523,12.0,1.888059701,1.0605848929083277,44.11_3.04
44.11,3.04,106.5006332,973.9692383,242.5006256,21.50000763,27.47094345,72.24352264,200.0,537.0,596.0,4.559423447,7037.078125,0.543494523,12.0,4.820895522,1.7614541196660594,44.11_3.04
44.11,3.04,106.5006332,973.9692383,242.5006256,21.50000763,27.47094345,72.24352264,200.0,537.0,596.0,4.559423447,7037.078125,0.543494523,12.0,4.970149254,1.786771927762016,44.11_3.04
44.11,3.04,106.5006332,973.9692383,242.5006256,21.50000763,27.47094345,72.24352264,200.0,537.0,596.0,4.559423447,7037.078125,0.543494523,12.0,5.156716418,1.8175435863983151,44.11_3.04
44.11,3.04,106.5006332,973.9692383,242.5006256,21.50000763,27.47094345,72.24352264,200.0,537.0,596.0,4.559423447,7037.078125,0.543494523,12.0,5.507462687,1.872949624024582,44.11_3.04
44.11,3.04,106.5006332,973.9692383,242.5006256,21.50000763,27.47094345,72.24352264,200.0,537.0,596.0,4.559423447,7037.078125,0.543494523,12.0,6.067164179,1.9554592932203834,44.11_3.04
44.11,3.04,106.5006332,973.9692383,242.5006256,21.50000763,27.47094345,72.24352264,200.0,537.0,596.0,4.559423447,7037.078125,0.543494523,12.0,6.141791045,1.9659635915333908,44.11_3.04
44.11,3.04,106.5006332,973.9692383,242.5006256,21.50000763,27.47094345,72.24352264,200.0,537.0,596.0,4.559423447,7037.078125,0.543494523,12.0,6.149253731,1.9670079779719325,44.11_3.04
44.11,3.04,106.5006332,973.9692383,242.5006256,21.50000763,27.47094345,72.24352264,200.0,537.0,596.0,4.559423447,7037.078125,0.543494523,12.0,6.268656716,1.9835715036341288,44.11_3.04
44.11,3.04,106.5006332,973.9692383,242.5006256,21.50000763,27.47094345,72.24352264,200.0,537.0,596.0,4.559423447,7037.078125,0.543494523,12.0,6.358208955,1.995816554621298,44.11_3.04
44.11,3.04,106.5006332,973.9692383,242.5006256,21.50000763,27.47094345,72.24352264,200.0,537.0,596.0,4.559423447,7037.078125,0.543494523,12.0,6.940298507,2.0719508698924076,44.11_3.04
44.11,3.04,106.5006332,973.9692383,242.5006256,21.50000763,27.47094345,72.24352264,200.0,537.0,596.0,4.559423447,7037.078125,0.543494523,12.0,6.970149254,2.0757032196029366,44.11_3.04
44.11,3.04,106.5006332,973.9692383,242.5006256,21.50000763,27.47094345,72.24352264,200.0,537.0,596.0,4.559423447,7037.078125,0.543494523,12.0,8.141791045,2.2128563230524056,44.11_3.04
-32.51,116.99,165.5,480.6586609,307.5329285,68.59328461,17.57451439,66.61506653,199.6335602,1617.0,300.5,1.247246385,5016.114746,0.537060618,12.0,2.3984375,1.2233157671690669,-32.51_116.99
-32.51,116.99,165.5,480.6586609,307.5329285,68.59328461,17.57451439,66.61506653,199.6335602,1617.0,300.5,1.247246385,5016.114746,0.537060618,12.0,2.3984375,1.2233157671690669,-32.51_116.99
-32.51,116.99,165.5,480.6586609,307.5329285,68.59328461,17.57451439,66.61506653,199.6335602,1617.0,300.5,1.247246385,5016.114746,0.537060618,12.0,2.484375,1.248288688100447,-32.51_116.99
-32.51,116.99,165.5,480.6586609,307.5329285,68.59328461,17.57451439,66.61506653,199.6335602,1617.0,300.5,1.247246385,5016.114746,0.537060618,12.0,2.578125,1.2748389201945678,-32.51_116.99
-32.51,116.99,165.5,480.6586609,307.5329285,68.59328461,17.57451439,66.61506653,199.6335602,1617.0,300.5,1.247246385,5016.114746,0.537060618,12.0,3.375,1.4759065198095778,-32.51_116.99
-32.51,116.99,165.5,480.6586609,307.5329285,68.59328461,17.57451439,66.61506653,199.6335602,1617.0,300.5,1.247246385,5016.114746,0.537060618,12.0,3.515625,1.5075436047527604,-32.51_116.99
44.73,123.73,61.5,417.6735229,278.5,115.8016739,12.99809742,82.2281189,200.0,1059.0,152.0,0.15668112,2732.223877,0.656472385,8.0,1.373259259,0.8642642251731927,44.73_123.73
44.73,123.73,61.5,417.6735229,278.5,115.8016739,12.99809742,82.2281189,200.0,1059.0,152.0,0.15668112,2732.223877,0.656472385,8.0,2.013481481,1.1030960485761359,44.73_123.73
44.73,123.73,61.5,417.6735229,278.5,115.8016739,12.99809742,82.2281189,200.0,1059.0,152.0,0.15668112,2732.223877,0.656472385,8.0,2.090740741,1.1284107841873976,44.73_123.73
44.73,123.73,61.5,417.6735229,278.5,115.8016739,12.99809742,82.2281189,200.0,1059.0,152.0,0.15668112,2732.223877,0.656472385,8.0,2.486666667,1.2489461700642694,44.73_123.73
34.95,102.87,25.45109558,671.3572388,174.4507446,82.10164642,47.11289597,73.45530701,200.0,510.0,3012.0,4.235805511,2986.170654,0.644312084,5.0,7.96504065,2.193332641346872,34.95_102.87
34.95,102.87,25.45109558,671.3572388,174.4507446,82.10164642,47.11289597,73.45530701,200.0,510.0,3012.0,4.235805511,2986.170654,0.644312084,5.0,12.91512195,2.6329761588632743,34.95_102.87
34.95,102.87,25.45109558,671.3572388,174.4507446,82.10164642,47.11289597,73.45530701,200.0,510.0,3012.0,4.235805511,2986.170654,0.644312084,5.0,15.3901626,2.7966813133898722,34.95_102.87
34.95,102.87,25.45109558,671.3572388,174.4507446,82.10164642,47.11289597,73.45530701,200.0,510.0,3012.0,4.235805511,2986.170654,0.644312084,5.0,17.14520325,2.8984062420352,34.95_102.87
44.28,87.93,86.5,178.2799377,326.5167236,33.09497833,18.4962616,86.52120209,200.0,304.0,475.0,0.097832069,1630.675415,0.722647667,13.0,0.698169014,0.5295506200381404,44.28_87.93
44.28,87.93,86.5,178.2799377,326.5167236,33.09497833,18.4962616,86.52120209,200.0,304.0,475.0,0.097832069,1630.675415,0.722647667,13.0,1.026690141,0.7064039899731498,44.28_87.93
44.28,87.93,86.5,178.2799377,326.5167236,33.09497833,18.4962616,86.52120209,200.0,304.0,475.0,0.097832069,1630.675415,0.722647667,13.0,1.081408451,0.7330448044612892,44.28_87.93
44.28,87.93,86.5,178.2799377,326.5167236,33.09497833,18.4962616,86.52120209,200.0,304.0,475.0,0.097832069,1630.675415,0.722647667,13.0,1.09971831,0.7418031976368203,44.28_87.93
44.28,87.93,86.5,178.2799377,326.5167236,33.09497833,18.4962616,86.52120209,200.0,304.0,475.0,0.097832069,1630.675415,0.722647667,13.0,1.286760563,0.8271362147630845,44.28_87.93
44.28,87.93,86.5,178.2799377,326.5167236,33.09497833,18.4962616,86.52120209,200.0,304.0,475.0,0.097832069,1630.675415,0.722647667,13.0,1.46471831,0.9020775251026008,44.28_87.93
40.08,116.9,128.5,626.1833496,312.5,119.5,13.24056816,79.11061859,200.0,809.0,34.0,0.097832069,3697.089844,0.809970021,4.0,0.555555556,0.44183275256475346,40.08_116.9
40.08,116.9,128.5,626.1833496,312.5,119.5,13.24056816,79.11061859,200.0,809.0,34.0,0.097832069,3697.089844,0.809970021,4.0,0.748148148,0.5585570265024349,40.08_116.9
40.08,116.9,128.5,626.1833496,312.5,119.5,13.24056816,79.11061859,200.0,809.0,34.0,0.097832069,3697.089844,0.809970021,4.0,0.888888889,0.6359887667788202,40.08_116.9
40.08,116.9,128.5,626.1833496,312.5,119.5,13.24056816,79.11061859,200.0,809.0,34.0,0.097832069,3697.089844,0.809970021,4.0,1.748148148,1.0109272841150974,40.08_116.9
40.08,116.9,128.5,626.1833496,312.5,119.5,13.24056816,79.11061859,200.0,809.0,34.0,0.097832069,3697.089844,0.809970021,4.0,2.555555556,1.2685113255885072,40.08_116.9
40.08,116.9,128.5,626.1833496,312.5,119.5,13.24056816,79.11061859,200.0,809.0,34.0,0.097832069,3697.089844,0.809970021,4.0,2.955555556,1.375121060634125,40.08_116.9
40.08,116.9,128.5,626.1833496,312.5,119.5,13.24056816,79.11061859,200.0,809.0,34.0,0.097832069,3697.089844,0.809970021,4.0,3.214814815,1.4386056557318383,40.08_116.9
40.08,116.9,128.5,626.1833496,312.5,119.5,13.24056816,79.11061859,200.0,809.0,34.0,0.097832069,3697.089844,0.809970021,4.0,5.340740741,1.8469955977442005,40.08_116.9
43.63,116.7,26.49971962,318.2250977,255.4832764,104.7983246,36.90354156,79.90888977,200.0,1063.0,1184.5,0.628689766,2206.57959,0.292899013,8.0,0.861911765,0.6216037905140205,43.63_116.7
43.63,116.7,26.49971962,318.2250977,255.4832764,104.7983246,36.90354156,79.90888977,200.0,1063.0,1184.5,0.628689766,2206.57959,0.292899013,8.0,0.948455882,0.6670372035079596,43.63_116.7
43.63,116.7,26.49971962,318.2250977,255.4832764,104.7983246,36.90354156,79.90888977,200.0,1063.0,1184.5,0.628689766,2206.57959,0.292899013,8.0,1.047867647,0.7167990796006632,43.63_116.7
43.63,116.7,26.49971962,318.2250977,255.4832764,104.7983246,36.90354156,79.90888977,200.0,1063.0,1184.5,0.628689766,2206.57959,0.292899013,8.0,1.271691176,0.8205245655637833,43.63_116.7
43.63,116.7,26.49971962,318.2250977,255.4832764,104.7983246,36.90354156,79.90888977,200.0,1063.0,1184.5,0.628689766,2206.57959,0.292899013,8.0,1.300735294,0.83322876488765,43.63_116.7
43.63,116.7,26.49971962,318.2250977,255.4832764,104.7983246,36.90354156,79.90888977,200.0,1063.0,1184.5,0.628689766,2206.57959,0.292899013,8.0,1.445294118,0.8941654093526649,43.63_116.7
43.63,116.7,26.49971962,318.2250977,255.4832764,104.7983246,36.90354156,79.90888977,200.0,1063.0,1184.5,0.628689766,2206.57959,0.292899013,8.0,1.526985294,0.9270270088402514,43.63_116.7
43.63,116.7,26.49971962,318.2250977,255.4832764,104.7983246,36.90354156,79.90888977,200.0,1063.0,1184.5,0.628689766,2206.57959,0.292899013,8.0,1.551911765,0.9368427900415597,43.63_116.7
43.63,116.7,26.49971962,318.2250977,255.4832764,104.7983246,36.90354156,79.90888977,200.0,1063.0,1184.5,0.628689766,2206.57959,0.292899013,8.0,1.571764706,0.9445923192978674,43.63_116.7
43.63,116.7,26.49971962,318.2250977,255.4832764,104.7983246,36.90354156,79.90888977,200.0,1063.0,1184.5,0.628689766,2206.57959,0.292899013,8.0,1.607867647,0.9585328939269468,43.63_116.7
43.63,116.7,26.49971962,318.2250977,255.4832764,104.7983246,36.90354156,79.90888977,200.0,1063.0,1184.5,0.628689766,2206.57959,0.292899013,8.0,1.625955882,0.9654449752825064,43.63_116.7
43.63,116.7,26.49971962,318.2250977,255.4832764,104.7983246,36.90354156,79.90888977,200.0,1063.0,1184.5,0.628689766,2206.57959,0.292899013,8.0,1.644044118,0.9723096079319231,43.63_116.7
43.63,116.7,26.49971962,318.2250977,255.4832764,104.7983246,36.90354156,79.90888977,200.0,1063.0,1184.5,0.628689766,2206.57959,0.292899013,8.0,1.692058824,0.9903062629553328,43.63_116.7
43.63,116.7,26.49971962,318.2250977,255.4832764,104.7983246,36.90354156,79.90888977,200.0,1063.0,1184.5,0.628689766,2206.57959,0.292899013,8.0,1.716470588,0.9993334597835156,43.63_116.7
43.63,116.7,26.49971962,318.2250977,255.4832764,104.7983246,36.90354156,79.90888977,200.0,1063.0,1184.5,0.628689766,2206.57959,0.292899013,8.0,1.734338235,1.0058894449877367,43.63_116.7
43.63,116.7,26.49971962,318.2250977,255.4832764,104.7983246,36.90354156,79.90888977,200.0,1063.0,1184.5,0.628689766,2206.57959,0.292899013,8.0,1.770514706,1.0190331173783154,43.63_116.7
43.63,116.7,26.49971962,318.2250977,255.4832764,104.7983246,36.90354156,79.90888977,200.0,1063.0,1184.5,0.628689766,2206.57959,0.292899013,8.0,1.806617647,1.0319800739941731,43.63_116.7
43.63,116.7,26.49971962,318.2250977,255.4832764,104.7983246,36.90354156,79.90888977,200.0,1063.0,1184.5,0.628689766,2206.57959,0.292899013,8.0,1.806617647,1.0319800739941731,43.63_116.7
43.63,116.7,26.49971962,318.2250977,255.4832764,104.7983246,36.90354156,79.90888977,200.0,1063.0,1184.5,0.628689766,2206.57959,0.292899013,8.0,1.818088235,1.0360587241999295,43.63_116.7
43.63,116.7,26.49971962,318.2250977,255.4832764,104.7983246,36.90354156,79.90888977,200.0,1063.0,1184.5,0.628689766,2206.57959,0.292899013,8.0,1.896985294,1.063670642488516,43.63_116.7
43.63,116.7,26.49971962,318.2250977,255.4832764,104.7983246,36.90354156,79.90888977,200.0,1063.0,1184.5,0.628689766,2206.57959,0.292899013,8.0,1.930147059,1.0750526125544435,43.63_116.7
43.63,116.7,26.49971962,318.2250977,255.4832764,104.7983246,36.90354156,79.90888977,200.0,1063.0,1184.5,0.628689766,2206.57959,0.292899013,8.0,1.951176471,1.0822038945794712,43.63_116.7
43.63,116.7,26.49971962,318.2250977,255.4832764,104.7983246,36.90354156,79.90888977,200.0,1063.0,1184.5,0.628689766,2206.57959,0.292899013,8.0,2.010367647,1.1020622131625397,43.63_116.7
43.63,116.7,26.49971962,318.2250977,255.4832764,104.7983246,36.90354156,79.90888977,200.0,1063.0,1184.5,0.628689766,2206.57959,0.292899013,8.0,2.041470588,1.1123411445033604,43.63_116.7
43.63,116.7,26.49971962,318.2250977,255.4832764,104.7983246,36.90354156,79.90888977,200.0,1063.0,1184.5,0.628689766,2206.57959,0.292899013,8.0,2.041470588,1.1123411445033604,43.63_116.7
43.63,116.7,26.49971962,318.2250977,255.4832764,104.7983246,36.90354156,79.90888977,200.0,1063.0,1184.5,0.628689766,2206.57959,0.292899013,8.0,2.095661765,1.130001700728363,43.63_116.7
43.63,116.7,26.49971962,318.2250977,255.4832764,104.7983246,36.90354156,79.90888977,200.0,1063.0,1184.5,0.628689766,2206.57959,0.292899013,8.0,2.125808824,1.1396930733792945,43.63_116.7
43.63,116.7,26.49971962,318.2250977,255.4832764,104.7983246,36.90354156,79.90888977,200.0,1063.0,1184.5,0.628689766,2206.57959,0.292899013,8.0,2.175220588,1.1553771064667053,43.63_116.7
43.63,116.7,26.49971962,318.2250977,255.4832764,104.7983246,36.90354156,79.90888977,200.0,1063.0,1184.5,0.628689766,2206.57959,0.292899013,8.0,2.186029412,1.1587754430836634,43.63_116.7
43.63,116.7,26.49971962,318.2250977,255.4832764,104.7983246,36.90354156,79.90888977,200.0,1063.0,1184.5,0.628689766,2206.57959,0.292899013,8.0,2.203088235,1.1641154178592068,43.63_116.7
43.63,116.7,26.49971962,318.2250977,255.4832764,104.7983246,36.90354156,79.90888977,200.0,1063.0,1184.5,0.628689766,2206.57959,0.292899013,8.0,2.249264706,1.1784287264368496,43.63_116.7
43.63,116.7,26.49971962,318.2250977,255.4832764,104.7983246,36.90354156,79.90888977,200.0,1063.0,1184.5,0.628689766,2206.57959,0.292899013,8.0,2.258308824,1.1812082951289933,43.63_116.7
43.63,116.7,26.49971962,318.2250977,255.4832764,104.7983246,36.90354156,79.90888977,200.0,1063.0,1184.5,0.628689766,2206.57959,0.292899013,8.0,2.294411765,1.1922276284967646,43.63_116.7
43.63,116.7,26.49971962,318.2250977,255.4832764,104.7983246,36.90354156,79.90888977,200.0,1063.0,1184.5,0.628689766,2206.57959,0.292899013,8.0,2.303455882,1.1949691574720325,43.63_116.7
43.63,116.7,26.49971962,318.2250977,255.4832764,104.7983246,36.90354156,79.90888977,200.0,1063.0,1184.5,0.628689766,2206.57959,0.292899013,8.0,2.402573529,1.2245320655965393,43.63_116.7
43.63,116.7,26.49971962,318.2250977,255.4832764,104.7983246,36.90354156,79.90888977,200.0,1063.0,1184.5,0.628689766,2206.57959,0.292899013,8.0,2.405955882,1.2255256291325303,43.63_116.7
43.63,116.7,26.49971962,318.2250977,255.4832764,104.7983246,36.90354156,79.90888977,200.0,1063.0,1184.5,0.628689766,2206.57959,0.292899013,8.0,2.456985294,1.240396906953002,43.63_116.7
43.63,116.7,26.49971962,318.2250977,255.4832764,104.7983246,36.90354156,79.90888977,200.0,1063.0,1184.5,0.628689766,2206.57959,0.292899013,8.0,2.511176471,1.255951158241615,43.63_116.7
43.63,116.7,26.49971962,318.2250977,255.4832764,104.7983246,36.90354156,79.90888977,200.0,1063.0,1184.5,0.628689766,2206.57959,0.292899013,8.0,2.514558824,1.2569140050097574,43.63_116.7
43.63,116.7,26.49971962,318.2250977,255.4832764,104.7983246,36.90354156,79.90888977,200.0,1063.0,1184.5,0.628689766,2206.57959,0.292899013,8.0,2.546397059,1.2659321751566868,43.63_116.7
43.63,116.7,26.49971962,318.2250977,255.4832764,104.7983246,36.90354156,79.90888977,200.0,1063.0,1184.5,0.628689766,2206.57959,0.292899013,8.0,2.619632353,1.286372460735368,43.63_116.7
43.63,116.7,26.49971962,318.2250977,255.4832764,104.7983246,36.90354156,79.90888977,200.0,1063.0,1184.5,0.628689766,2206.57959,0.292899013,8.0,2.724705882,1.3149878908618384,43.63_116.7
43.63,116.7,26.49971962,318.2250977,255.4832764,104.7983246,36.90354156,79.90888977,200.0,1063.0,1184.5,0.628689766,2206.57959,0.292899013,8.0,2.818308824,1.3398076083603536,43.63_116.7
43.63,116.7,26.49971962,318.2250977,255.4832764,104.7983246,36.90354156,79.90888977,200.0,1063.0,1184.5,0.628689766,2206.57959,0.292899013,8.0,2.818308824,1.3398076083603536,43.63_116.7
43.63,116.7,26.49971962,318.2250977,255.4832764,104.7983246,36.90354156,79.90888977,200.0,1063.0,1184.5,0.628689766,2206.57959,0.292899013,8.0,2.836397059,1.344533660267257,43.63_116.7
43.63,116.7,26.49971962,318.2250977,255.4832764,104.7983246,36.90354156,79.90888977,200.0,1063.0,1184.5,0.628689766,2206.57959,0.292899013,8.0,2.836397059,1.344533660267257,43.63_116.7
43.63,116.7,26.49971962,318.2250977,255.4832764,104.7983246,36.90354156,79.90888977,200.0,1063.0,1184.5,0.628689766,2206.57959,0.292899013,8.0,2.938382353,1.3707700686982096,43.63_116.7
43.63,116.7,26.49971962,318.2250977,255.4832764,104.7983246,36.90354156,79.90888977,200.0,1063.0,1184.5,0.628689766,2206.57959,0.292899013,8.0,2.983970588,1.3822789571649803,43.63_116.7
43.63,116.7,26.49971962,318.2250977,255.4832764,104.7983246,36.90354156,79.90888977,200.0,1063.0,1184.5,0.628689766,2206.57959,0.292899013,8.0,3.008602941,1.3884427868496843,43.63_116.7
43.63,116.7,26.49971962,318.2250977,255.4832764,104.7983246,36.90354156,79.90888977,200.0,1063.0,1184.5,0.628689766,2206.57959,0.292899013,8.0,3.106470588,1.4125639218687955,43.63_116.7
43.63,116.7,26.49971962,318.2250977,255.4832764,104.7983246,36.90354156,79.90888977,200.0,1063.0,1184.5,0.628689766,2206.57959,0.292899013,8.0,3.107352941,1.4127787677320598,43.63_116.7
43.63,116.7,26.49971962,318.2250977,255.4832764,104.7983246,36.90354156,79.90888977,200.0,1063.0,1184.5,0.628689766,2206.57959,0.292899013,8.0,3.107352941,1.4127787677320598,43.63_116.7
43.63,116.7,26.49971962,318.2250977,255.4832764,104.7983246,36.90354156,79.90888977,200.0,1063.0,1184.5,0.628689766,2206.57959,0.292899013,8.0,3.137720588,1.420145053602265,43.63_116.7
43.63,116.7,26.49971962,318.2250977,255.4832764,104.7983246,36.90354156,79.90888977,200.0,1063.0,1184.5,0.628689766,2206.57959,0.292899013,8.0,3.143529412,1.4215479396285753,43.63_116.7
43.63,116.7,26.49971962,318.2250977,255.4832764,104.7983246,36.90354156,79.90888977,200.0,1063.0,1184.5,0.628689766,2206.57959,0.292899013,8.0,3.165882353,1.426928102641662,43.63_116.7
43.63,116.7,26.49971962,318.2250977,255.4832764,104.7983246,36.90354156,79.90888977,200.0,1063.0,1184.5,0.628689766,2206.57959,0.292899013,8.0,3.183455882,1.4311376709825998,43.63_116.7
43.63,116.7,26.49971962,318.2250977,255.4832764,104.7983246,36.90354156,79.90888977,200.0,1063.0,1184.5,0.628689766,2206.57959,0.292899013,8.0,3.197352941,1.4344540744540952,43.63_116.7
43.63,116.7,26.49971962,318.2250977,255.4832764,104.7983246,36.90354156,79.90888977,200.0,1063.0,1184.5,0.628689766,2206.57959,0.292899013,8.0,3.288014706,1.4558238533335153,43.63_116.7
43.63,116.7,26.49971962,318.2250977,255.4832764,104.7983246,36.90354156,79.90888977,200.0,1063.0,1184.5,0.628689766,2206.57959,0.292899013,8.0,3.297058824,1.4579307942500064,43.63_116.7
43.63,116.7,26.49971962,318.2250977,255.4832764,104.7983246,36.90354156,79.90888977,200.0,1063.0,1184.5,0.628689766,2206.57959,0.292899013,8.0,3.324191176,1.4642251115655638,43.63_116.7
43.63,116.7,26.49971962,318.2250977,255.4832764,104.7983246,36.90354156,79.90888977,200.0,1063.0,1184.5,0.628689766,2206.57959,0.292899013,8.0,3.375955882,1.4761249832589862,43.63_116.7
43.63,116.7,26.49971962,318.2250977,255.4832764,104.7983246,36.90354156,79.90888977,200.0,1063.0,1184.5,0.628689766,2206.57959,0.292899013,8.0,3.389926471,1.479312477744077,43.63_116.7
43.63,116.7,26.49971962,318.2250977,255.4832764,104.7983246,36.90354156,79.90888977,200.0,1063.0,1184.5,0.628689766,2206.57959,0.292899013,8.0,3.468676471,1.4970922732828535,43.63_116.7
43.63,116.7,26.49971962,318.2250977,255.4832764,104.7983246,36.90354156,79.90888977,200.0,1063.0,1184.5,0.628689766,2206.57959,0.292899013,8.0,3.486764706,1.5011318865727383,43.63_116.7
43.63,116.7,26.49971962,318.2250977,255.4832764,104.7983246,36.90354156,79.90888977,200.0,1063.0,1184.5,0.628689766,2206.57959,0.292899013,8.0,3.486764706,1.5011318865727383,43.63_116.7
43.63,116.7,26.49971962,318.2250977,255.4832764,104.7983246,36.90354156,79.90888977,200.0,1063.0,1184.5,0.628689766,2206.57959,0.292899013,8.0,3.491617647,1.502212914598011,43.63_116.7
43.63,116.7,26.49971962,318.2250977,255.4832764,104.7983246,36.90354156,79.90888977,200.0,1063.0,1184.5,0.628689766,2206.57959,0.292899013,8.0,3.603676471,1.5268552171046554,43.63_116.7
43.63,116.7,26.49971962,318.2250977,255.4832764,104.7983246,36.90354156,79.90888977,200.0,1063.0,1184.5,0.628689766,2206.57959,0.292899013,8.0,3.614264706,1.5291525282836762,43.63_116.7
43.63,116.7,26.49971962,318.2250977,255.4832764,104.7983246,36.90354156,79.90888977,200.0,1063.0,1184.5,0.628689766,2206.57959,0.292899013,8.0,3.667426471,1.5406078429084762,43.63_116.7
43.63,116.7,26.49971962,318.2250977,255.4832764,104.7983246,36.90354156,79.90888977,200.0,1063.0,1184.5,0.628689766,2206.57959,0.292899013,8.0,3.703602941,1.548328798232682,43.63_116.7
43.63,116.7,26.49971962,318.2250977,255.4832764,104.7983246,36.90354156,79.90888977,200.0,1063.0,1184.5,0.628689766,2206.57959,0.292899013,8.0,3.729485294,1.5538163792466535,43.63_116.7
43.63,116.7,26.49971962,318.2250977,255.4832764,104.7983246,36.90354156,79.90888977,200.0,1063.0,1184.5,0.628689766,2206.57959,0.292899013,8.0,3.806838235,1.5700395363797004,43.63_116.7
43.63,116.7,26.49971962,318.2250977,255.4832764,104.7983246,36.90354156,79.90888977,200.0,1063.0,1184.5,0.628689766,2206.57959,0.292899013,8.0,3.820661765,1.5729112142814783,43.63_116.7
43.63,116.7,26.49971962,318.2250977,255.4832764,104.7983246,36.90354156,79.90888977,200.0,1063.0,1184.5,0.628689766,2206.57959,0.292899013,8.0,3.855588235,1.5801302550630427,43.63_116.7
43.63,116.7,26.49971962,318.2250977,255.4832764,104.7983246,36.90354156,79.90888977,200.0,1063.0,1184.5,0.628689766,2206.57959,0.292899013,8.0,3.866176471,1.5823085098360776,43.63_116.7
43.63,116.7,26.49971962,318.2250977,255.4832764,104.7983246,36.90354156,79.90888977,200.0,1063.0,1184.5,0.628689766,2206.57959,0.292899013,8.0,3.967794118,1.6029759021460408,43.63_116.7
43.63,116.7,26.49971962,318.2250977,255.4832764,104.7983246,36.90354156,79.90888977,200.0,1063.0,1184.5,0.628689766,2206.57959,0.292899013,8.0,3.974558824,1.6043366880854124,43.63_116.7
43.63,116.7,26.49971962,318.2250977,255.4832764,104.7983246,36.90354156,79.90888977,200.0,1063.0,1184.5,0.628689766,2206.57959,0.292899013,8.0,4.083161765,1.6259334626681872,43.63_116.7
43.63,116.7,26.49971962,318.2250977,255.4832764,104.7983246,36.90354156,79.90888977,200.0,1063.0,1184.5,0.628689766,2206.57959,0.292899013,8.0,4.128161765,1.6347472645576395,43.63_116.7
43.63,116.7,26.49971962,318.2250977,255.4832764,104.7983246,36.90354156,79.90888977,200.0,1063.0,1184.5,0.628689766,2206.57959,0.292899013,8.0,4.371985294,1.6811975411293214,43.63_116.7
43.63,116.7,26.49971962,318.2250977,255.4832764,104.7983246,36.90354156,79.90888977,200.0,1063.0,1184.5,0.628689766,2206.57959,0.292899013,8.0,4.42625,1.6912482876316661,43.63_116.7
43.63,116.7,26.49971962,318.2250977,255.4832764,104.7983246,36.90354156,79.90888977,200.0,1063.0,1184.5,0.628689766,2206.57959,0.292899013,8.0,4.443970588,1.6945086821295114,43.63_116.7
43.63,116.7,26.49971962,318.2250977,255.4832764,104.7983246,36.90354156,79.90888977,200.0,1063.0,1184.5,0.628689766,2206.57959,0.292899013,8.0,4.461176471,1.6976642374254187,43.63_116.7
43.63,116.7,26.49971962,318.2250977,255.4832764,104.7983246,36.90354156,79.90888977,200.0,1063.0,1184.5,0.628689766,2206.57959,0.292899013,8.0,4.480441176,1.7011856042887874,43.63_116.7
43.63,116.7,26.49971962,318.2250977,255.4832764,104.7983246,36.90354156,79.90888977,200.0,1063.0,1184.5,0.628689766,2206.57959,0.292899013,8.0,4.632867647,1.7286186636308607,43.63_116.7
43.63,116.7,26.49971962,318.2250977,255.4832764,104.7983246,36.90354156,79.90888977,200.0,1063.0,1184.5,0.628689766,2206.57959,0.292899013,8.0,4.650661765,1.7317726648482434,43.63_116.7
43.63,116.7,26.49971962,318.2250977,255.4832764,104.7983246,36.90354156,79.90888977,200.0,1063.0,1184.5,0.628689766,2206.57959,0.292899013,8.0,4.697205882,1.7399758585147478,43.63_116.7
43.63,116.7,26.49971962,318.2250977,255.4832764,104.7983246,36.90354156,79.90888977,200.0,1063.0,1184.5,0.628689766,2206.57959,0.292899013,8.0,4.839558824,1.76465525015094,43.63_116.7
43.63,116.7,26.49971962,318.2250977,255.4832764,104.7983246,36.90354156,79.90888977,200.0,1063.0,1184.5,0.628689766,2206.57959,0.292899013,8.0,4.932058824,1.7803713406122235,43.63_116.7
43.63,116.7,26.49971962,318.2250977,255.4832764,104.7983246,36.90354156,79.90888977,200.0,1063.0,1184.5,0.628689766,2206.57959,0.292899013,8.0,5.116102941,1.8109251193509375,43.63_116.7
43.63,116.7,26.49971962,318.2250977,255.4832764,104.7983246,36.90354156,79.90888977,200.0,1063.0,1184.5,0.628689766,2206.57959,0.292899013,8.0,5.599264706,1.886958234644209,43.63_116.7
43.63,116.7,26.49971962,318.2250977,255.4832764,104.7983246,36.90354156,79.90888977,200.0,1063.0,1184.5,0.628689766,2206.57959,0.292899013,8.0,5.638014706,1.892812928721662,43.63_116.7
43.63,116.7,26.49971962,318.2250977,255.4832764,104.7983246,36.90354156,79.90888977,200.0,1063.0,1184.5,0.628689766,2206.57959,0.292899013,8.0,5.792058824,1.915754109748927,43.63_116.7
43.63,116.7,26.49971962,318.2250977,255.4832764,104.7983246,36.90354156,79.90888977,200.0,1063.0,1184.5,0.628689766,2206.57959,0.292899013,8.0,6.523676471,2.0180549109129986,43.63_116.7
43.63,116.7,26.49971962,318.2250977,255.4832764,104.7983246,36.90354156,79.90888977,200.0,1063.0,1184.5,0.628689766,2206.57959,0.292899013,8.0,2.125,1.1394342831883648,43.63_116.7
43.63,116.7,26.49971962,318.2250977,255.4832764,104.7983246,36.90354156,79.90888977,200.0,1063.0,1184.5,0.628689766,2206.57959,0.292899013,8.0,2.25,1.1786549963416462,43.63_116.7
43.63,116.7,26.49971962,318.2250977,255.4832764,104.7983246,36.90354156,79.90888977,200.0,1063.0,1184.5,0.628689766,2206.57959,0.292899013,8.0,2.522058824,1.259045711808475,43.63_116.7
43.63,116.7,26.49971962,318.2250977,255.4832764,104.7983246,36.90354156,79.90888977,200.0,1063.0,1184.5,0.628689766,2206.57959,0.292899013,8.0,3.014705882,1.389964089920941,43.63_116.7
43.63,116.7,26.49971962,318.2250977,255.4832764,104.7983246,36.90354156,79.90888977,200.0,1063.0,1184.5,0.628689766,2206.57959,0.292899013,8.0,3.058823529,1.400893160439594,43.63_116.7
43.63,116.7,26.49971962,318.2250977,255.4832764,104.7983246,36.90354156,79.90888977,200.0,1063.0,1184.5,0.628689766,2206.57959,0.292899013,8.0,3.169117647,1.4277044179775908,43.63_116.7
43.63,116.7,26.49971962,318.2250977,255.4832764,104.7983246,36.90354156,79.90888977,200.0,1063.0,1184.5,0.628689766,2206.57959,0.292899013,8.0,3.272058824,1.4520958712260141,43.63_116.7
43.63,116.7,26.49971962,318.2250977,255.4832764,104.7983246,36.90354156,79.90888977,200.0,1063.0,1184.5,0.628689766,2206.57959,0.292899013,8.0,3.698529412,1.547249568691561,43.63_116.7
43.63,116.7,26.49971962,318.2250977,255.4832764,104.7983246,36.90354156,79.90888977,200.0,1063.0,1184.5,0.628689766,2206.57959,0.292899013,8.0,3.808823529,1.5704524656355199,43.63_116.7
43.63,116.7,26.49971962,318.2250977,255.4832764,104.7983246,36.90354156,79.90888977,200.0,1063.0,1184.5,0.628689766,2206.57959,0.292899013,8.0,3.867647059,1.58261067023721,43.63_116.7
43.63,116.7,26.49971962,318.2250977,255.4832764,104.7983246,36.90354156,79.90888977,200.0,1063.0,1184.5,0.628689766,2206.57959,0.292899013,8.0,3.970588235,1.6035381902477406,43.63_116.7
43.63,116.7,26.49971962,318.2250977,255.4832764,104.7983246,36.90354156,79.90888977,200.0,1063.0,1184.5,0.628689766,2206.57959,0.292899013,8.0,4.154411765,1.6398530013555994,43.63_116.7
43.63,116.7,26.49971962,318.2250977,255.4832764,104.7983246,36.90354156,79.90888977,200.0,1063.0,1184.5,0.628689766,2206.57959,0.292899013,8.0,4.235294118,1.6554230257433393,43.63_116.7
43.63,116.7,26.49971962,318.2250977,255.4832764,104.7983246,36.90354156,79.90888977,200.0,1063.0,1184.5,0.628689766,2206.57959,0.292899013,8.0,4.352941176,1.677646162372722,43.63_116.7
43.63,116.7,26.49971962,318.2250977,255.4832764,104.7983246,36.90354156,79.90888977,200.0,1063.0,1184.5,0.628689766,2206.57959,0.292899013,8.0,4.352941176,1.677646162372722,43.63_116.7
43.63,116.7,26.49971962,318.2250977,255.4832764,104.7983246,36.90354156,79.90888977,200.0,1063.0,1184.5,0.628689766,2206.57959,0.292899013,8.0,4.492647059,1.703410299428894,43.63_116.7
43.63,116.7,26.49971962,318.2250977,255.4832764,104.7983246,36.90354156,79.90888977,200.0,1063.0,1184.5,0.628689766,2206.57959,0.292899013,8.0,4.558823529,1.715386490369407,43.63_116.7
43.63,116.7,26.49971962,318.2250977,255.4832764,104.7983246,36.90354156,79.90888977,200.0,1063.0,1184.5,0.628689766,2206.57959,0.292899013,8.0,4.625,1.7272209480904839,43.63_116.7
43.63,116.7,26.49971962,318.2250977,255.4832764,104.7983246,36.90354156,79.90888977,200.0,1063.0,1184.5,0.628689766,2206.57959,0.292899013,8.0,4.647058824,1.7311348474949535,43.63_116.7
43.63,116.7,26.49971962,318.2250977,255.4832764,104.7983246,36.90354156,79.90888977,200.0,1063.0,1184.5,0.628689766,2206.57959,0.292899013,8.0,4.661764706,1.7337356291324566,43.63_116.7
43.63,116.7,26.49971962,318.2250977,255.4832764,104.7983246,36.90354156,79.90888977,200.0,1063.0,1184.5,0.628689766,2206.57959,0.292899013,8.0,5.088235294,1.806358268629884,43.63_116.7
43.63,116.7,26.49971962,318.2250977,255.4832764,104.7983246,36.90354156,79.90888977,200.0,1063.0,1184.5,0.628689766,2206.57959,0.292899013,8.0,5.110294118,1.809974909177158,43.63_116.7
43.63,116.7,26.49971962,318.2250977,255.4832764,104.7983246,36.90354156,79.90888977,200.0,1063.0,1184.5,0.628689766,2206.57959,0.292899013,8.0,5.176470588,1.820747006063212,43.63_116.7
43.63,116.7,26.49971962,318.2250977,255.4832764,104.7983246,36.90354156,79.90888977,200.0,1063.0,1184.5,0.628689766,2206.57959,0.292899013,8.0,5.183823529,1.8219367741703085,43.63_116.7
43.63,116.7,26.49971962,318.2250977,255.4832764,104.7983246,36.90354156,79.90888977,200.0,1063.0,1184.5,0.628689766,2206.57959,0.292899013,8.0,5.411764706,1.8581345381912762,43.63_116.7
43.63,116.7,26.49971962,318.2250977,255.4832764,104.7983246,36.90354156,79.90888977,200.0,1063.0,1184.5,0.628689766,2206.57959,0.292899013,8.0,5.470588235,1.8672670216907457,43.63_116.7
43.63,116.7,26.49971962,318.2250977,255.4832764,104.7983246,36.90354156,79.90888977,200.0,1063.0,1184.5,0.628689766,2206.57959,0.292899013,8.0,5.514705882,1.874062064814853,43.63_116.7
43.63,116.7,26.49971962,318.2250977,255.4832764,104.7983246,36.90354156,79.90888977,200.0,1063.0,1184.5,0.628689766,2206.57959,0.292899013,8.0,5.882352941,1.9289605907158989,43.63_116.7
43.63,116.7,26.49971962,318.2250977,255.4832764,104.7983246,36.90354156,79.90888977,200.0,1063.0,1184.5,0.628689766,2206.57959,0.292899013,8.0,6.536764706,2.0197930058520663,43.63_116.7
43.63,116.7,26.49971962,318.2250977,255.4832764,104.7983246,36.90354156,79.90888977,200.0,1063.0,1184.5,0.628689766,2206.57959,0.292899013,8.0,6.632352941,2.0323961779666604,43.63_116.7
36.87,115.03,145.5,521.1033325,319.5,108.1983185,7.838940144,80.29001617,200.0,832.0,36.0,0.097832069,3432.366455,0.793006718,4.0,1.080814815,0.7327595549847057,36.87_115.03
36.87,115.03,145.5,521.1033325,319.5,108.1983185,7.838940144,80.29001617,200.0,832.0,36.0,0.097832069,3432.366455,0.793006718,4.0,1.188962963,0.783427898799598,36.87_115.03
36.87,115.03,145.5,521.1033325,319.5,108.1983185,7.838940144,80.29001617,200.0,832.0,36.0,0.097832069,3432.366455,0.793006718,4.0,2.248148148,1.1780850333281983,36.87_115.03
36.87,115.03,145.5,521.1033325,319.5,108.1983185,7.838940144,80.29001617,200.0,832.0,36.0,0.097832069,3432.366455,0.793006718,4.0,2.658888889,1.297159519082421,36.87_115.03
36.87,115.03,145.5,521.1033325,319.5,108.1983185,7.838940144,80.29001617,200.0,832.0,36.0,0.097832069,3432.366455,0.793006718,4.0,3.040814815,1.396446358518182,36.87_115.03
36.87,115.03,145.5,521.1033325,319.5,108.1983185,7.838940144,80.29001617,200.0,832.0,36.0,0.097832069,3432.366455,0.793006718,4.0,5.108814815,1.8097327797362406,36.87_115.03
12.42,-1.35,286.5,700.5014648,396.5,121.0016708,7.690591812,63.0720253,200.0,1109.0,273.5,0.382740796,1744.637329,0.530706048,7.0,1.194968553,0.7861677197730266,12.42_-1.35
12.42,-1.35,286.5,700.5014648,396.5,121.0016708,7.690591812,63.0720253,200.0,1109.0,273.5,0.382740796,1744.637329,0.530706048,7.0,2.201257862,1.16354381444424,12.42_-1.35
29.56,94.58,-16.45012474,1336.162231,114.5499496,85.19998932,112.4615021,55.22238541,145.1607513,939.0,4474.0,16.9285965,2489.233398,0.08801689,5.0,1.981132075,1.0923031193166173,29.56_94.58
29.56,94.56,29.54798317,1032.565674,149.5153809,85.69831848,120.9020538,61.04795074,182.9693604,1055.0,3644.5,25.45693398,4182.227539,0.180010304,5.0,2.61682243,1.2855958585937155,29.56_94.56
29.56,94.56,29.54798317,1032.565674,149.5153809,85.69831848,120.9020538,61.04795074,182.9693604,1055.0,3644.5,25.45693398,4182.227539,0.180010304,5.0,2.61682243,1.2855958585937155,29.56_94.56
29.56,94.58,-16.45012474,1336.162231,114.5499496,85.19998932,112.4615021,55.22238541,145.1607513,939.0,4474.0,16.9285965,2489.233398,0.08801689,5.0,3.490566038,1.5019787601781764,29.56_94.58
29.57,94.56,34.9785614,1013.447083,153.1298676,85.69831848,106.8892517,60.58094788,188.5988922,925.0,3510.0,26.16130447,4025.300537,0.106412426,5.0,1.666666667,0.9808292531367262,29.57_94.56
29.57,94.56,34.9785614,1013.447083,153.1298676,85.69831848,106.8892517,60.58094788,188.5988922,925.0,3510.0,26.16130447,4025.300537,0.106412426,5.0,2.01754386,1.104443209095182,29.57_94.56
29.58,94.59,-9.567507744,1341.223389,120.44944,85.20163727,140.8631287,55.66524887,156.3234558,964.0,4308.5,24.13293839,2799.51416,0.088990793,5.0,2.19047619,1.1601701815182894,29.58_94.59
29.58,94.59,-9.567507744,1341.223389,120.44944,85.20163727,140.8631287,55.66524887,156.3234558,964.0,4308.5,24.13293839,2799.51416,0.088990793,5.0,2.952380952,1.3743181699767895,29.58_94.59
29.59,94.6,-12.53439903,1397.286621,118.4824753,85.19998932,130.8663025,54.69148254,173.5430145,959.0,4385.5,16.5989151,2880.700928,0.086783797,5.0,2.293577982,1.1919745063649847,29.59_94.6
29.59,94.6,-12.53439903,1397.286621,118.4824753,85.19998932,130.8663025,54.69148254,173.5430145,959.0,4385.5,16.5989151,2880.700928,0.086783797,5.0,3.119266055,1.415675005501975,29.59_94.6
29.61,94.65,-23.64974785,1676.161743,110.4002151,84.69831085,93.98917389,58.19145584,168.0957031,856.0,4536.5,8.996892929,1884.322021,0.08829882,5.0,1.666666667,0.9808292531367262,29.61_94.65
29.61,94.62,-8.764023781,1546.238647,122.2853775,85.20163727,137.861145,56.44975662,156.9749298,892.0,4259.0,10.65235806,3157.277588,0.103767812,5.0,1.696428571,0.9919281459208347,29.61_94.62
29.61,94.65,-23.64974785,1676.161743,110.4002151,84.69831085,93.98917389,58.19145584,168.0957031,856.0,4536.5,8.996892929,1884.322021,0.08829882,5.0,2.037037037,1.110882381247729,29.61_94.65
29.61,94.62,-8.764023781,1546.238647,122.2853775,85.20163727,137.861145,56.44975662,156.9749298,892.0,4259.0,10.65235806,3157.277588,0.103767812,5.0,2.5,1.252762968495368,29.61_94.62
29.63,94.63,-13.76726341,1648.956543,118.3162231,85.29831696,97.77754211,57.56789017,145.0336609,919.0,4355.5,11.59308338,1275.327271,0.101961538,5.0,1.272727273,0.8209805521898302,29.63_94.63
29.63,94.63,-13.76726341,1648.956543,118.3162231,85.29831696,97.77754211,57.56789017,145.0336609,919.0,4355.5,11.59308338,1275.327271,0.101961538,5.0,1.909090909,1.067840629970106,29.63_94.63
19.65,-101.23,180.5170288,687.6739502,278.5170288,96.90164185,17.99902534,66.83600616,174.4473572,828.0,1957.5,3.804636478,9640.071289,0.748397946,2.0,1.114921875,0.7490178732817179,19.65_-101.23
19.65,-101.23,180.5170288,687.6739502,278.5170288,96.90164185,17.99902534,66.83600616,174.4473572,828.0,1957.5,3.804636478,9640.071289,0.748397946,2.0,1.167109375,0.773394194284656,19.65_-101.23
19.65,-101.23,180.5170288,687.6739502,278.5170288,96.90164185,17.99902534,66.83600616,174.4473572,828.0,1957.5,3.804636478,9640.071289,0.748397946,2.0,1.171875,0.7755908497710199,19.65_-101.23
19.65,-101.23,180.5170288,687.6739502,278.5170288,96.90164185,17.99902534,66.83600616,174.4473572,828.0,1957.5,3.804636478,9640.071289,0.748397946,2.0,1.219296875,0.7971904227439013,19.65_-101.23
19.65,-101.23,180.5170288,687.6739502,278.5170288,96.90164185,17.99902534,66.83600616,174.4473572,828.0,1957.5,3.804636478,9640.071289,0.748397946,2.0,1.243046875,0.8078351536701274,19.65_-101.23
19.65,-101.23,180.5170288,687.6739502,278.5170288,96.90164185,17.99902534,66.83600616,174.4473572,828.0,1957.5,3.804636478,9640.071289,0.748397946,2.0,1.489765625,0.9121885795404145,19.65_-101.23
19.65,-101.23,180.5170288,687.6739502,278.5170288,96.90164185,17.99902534,66.83600616,174.4473572,828.0,1957.5,3.804636478,9640.071289,0.748397946,2.0,1.5609375,0.9403734023901122,19.65_-101.23
19.65,-101.23,180.5170288,687.6739502,278.5170288,96.90164185,17.99902534,66.83600616,174.4473572,828.0,1957.5,3.804636478,9640.071289,0.748397946,2.0,1.646328125,0.9731730659409232,19.65_-101.23
19.65,-101.23,180.5170288,687.6739502,278.5170288,96.90164185,17.99902534,66.83600616,174.4473572,828.0,1957.5,3.804636478,9640.071289,0.748397946,2.0,1.945234375,1.0801883979776554,19.65_-101.23
37.4,-111.68,110.4506836,244.7650604,315.4175415,36.70002747,7.412828922,79.47558594,197.5568542,1112.0,1827.5,4.654081345,1174.648438,0.012794489,13.0,0.428389262,0.35654741920779953,37.4_-111.68
37.4,-111.68,110.4506836,244.7650604,315.4175415,36.70002747,7.412828922,79.47558594,197.5568542,1112.0,1827.5,4.654081345,1174.648438,0.012794489,13.0,0.51409396,0.41481721385574966,37.4_-111.68
37.4,-111.68,110.4506836,244.7650604,315.4175415,36.70002747,7.412828922,79.47558594,197.5568542,1112.0,1827.5,4.654081345,1174.648438,0.012794489,13.0,0.610469799,0.4765259370519686,37.4_-111.68
37.4,-111.68,110.4506836,244.7650604,315.4175415,36.70002747,7.412828922,79.47558594,197.5568542,1112.0,1827.5,4.654081345,1174.648438,0.012794489,13.0,0.685436242,0.5220244276255717,37.4_-111.68
37.4,-111.68,110.4506836,244.7650604,315.4175415,36.70002747,7.412828922,79.47558594,197.5568542,1112.0,1827.5,4.654081345,1174.648438,0.012794489,13.0,0.733624161,0.5502141080372186,37.4_-111.68
37.4,-111.68,110.4506836,244.7650604,315.4175415,36.70002747,7.412828922,79.47558594,197.5568542,1112.0,1827.5,4.654081345,1174.648438,0.012794489,13.0,0.990671141,0.688471838662035,37.4_-111.68
37.4,-111.68,110.4506836,244.7650604,315.4175415,36.70002747,7.412828922,79.47558594,197.5568542,1112.0,1827.5,4.654081345,1174.648438,0.012794489,13.0,1.633221477,0.9682079928140814,37.4_-111.68
37.4,-111.68,110.4506836,244.7650604,315.4175415,36.70002747,7.412828922,79.47558594,197.5568542,1112.0,1827.5,4.654081345,1174.648438,0.012794489,13.0,2.024161074,1.1066337221103857,37.4_-111.68
-27.96,-49.88,135.516449,1840.528198,222.4833069,18.00167274,40.57990265,50.74799347,196.3437042,444.0,1326.0,3.422651291,9794.448242,0.456587255,1.0,0.436,0.36186147062603247,-27.96_-49.88
-27.96,-49.88,135.516449,1840.528198,222.4833069,18.00167274,40.57990265,50.74799347,196.3437042,444.0,1326.0,3.422651291,9794.448242,0.456587255,1.0,0.519,0.4180522236136358,-27.96_-49.88
-27.96,-49.88,135.516449,1840.528198,222.4833069,18.00167274,40.57990265,50.74799347,196.3437042,444.0,1326.0,3.422651291,9794.448242,0.456587255,1.0,0.592,0.46499108742219125,-27.96_-49.88
-27.96,-49.88,135.516449,1840.528198,222.4833069,18.00167274,40.57990265,50.74799347,196.3437042,444.0,1326.0,3.422651291,9794.448242,0.456587255,1.0,0.601,0.47062843401457766,-27.96_-49.88
-27.96,-49.88,135.516449,1840.528198,222.4833069,18.00167274,40.57990265,50.74799347,196.3437042,444.0,1326.0,3.422651291,9794.448242,0.456587255,1.0,0.637,0.49286529838899784,-27.96_-49.88
-27.96,-49.88,135.516449,1840.528198,222.4833069,18.00167274,40.57990265,50.74799347,196.3437042,444.0,1326.0,3.422651291,9794.448242,0.456587255,1.0,1.03,0.708035793053696,-27.96_-49.88
39.54,-120.0,93.30012512,413.0178223,297.300415,65.98994446,17.91832733,67.59157562,200.0,1067.0,1657.0,8.886966705,2052.678955,0.338079542,5.0,0.4814,0.3929875865970518,39.54_-120.0
39.54,-120.0,93.30012512,413.0178223,297.300415,65.98994446,17.91832733,67.59157562,200.0,1067.0,1657.0,8.886966705,2052.678955,0.338079542,5.0,0.6936,0.5268564408385183,39.54_-120.0
39.54,-120.0,93.30012512,413.0178223,297.300415,65.98994446,17.91832733,67.59157562,200.0,1067.0,1657.0,8.886966705,2052.678955,0.338079542,5.0,0.6938,0.5269745255053616,39.54_-120.0
39.54,-120.0,93.30012512,413.0178223,297.300415,65.98994446,17.91832733,67.59157562,200.0,1067.0,1657.0,8.886966705,2052.678955,0.338079542,5.0,0.7335,0.5501424861429411,39.54_-120.0
39.54,-120.0,93.30012512,413.0178223,297.300415,65.98994446,17.91832733,67.59157562,200.0,1067.0,1657.0,8.886966705,2052.678955,0.338079542,5.0,0.7341,0.5504885468223666,39.54_-120.0
39.54,-120.0,93.30012512,413.0178223,297.300415,65.98994446,17.91832733,67.59157562,200.0,1067.0,1657.0,8.886966705,2052.678955,0.338079542,5.0,0.7759,0.5743073366784125,39.54_-120.0
39.54,-120.0,93.30012512,413.0178223,297.300415,65.98994446,17.91832733,67.59157562,200.0,1067.0,1657.0,8.886966705,2052.678955,0.338079542,5.0,0.7812,0.5772872944654103,39.54_-120.0
39.54,-120.0,93.30012512,413.0178223,297.300415,65.98994446,17.91832733,67.59157562,200.0,1067.0,1657.0,8.886966705,2052.678955,0.338079542,5.0,1.0341,0.7100534606263044,39.54_-120.0
39.54,-120.0,93.30012512,413.0178223,297.300415,65.98994446,17.91832733,67.59157562,200.0,1067.0,1657.0,8.886966705,2052.678955,0.338079542,5.0,1.0725,0.728755608027313,39.54_-120.0
39.54,-120.0,93.30012512,413.0178223,297.300415,65.98994446,17.91832733,67.59157562,200.0,1067.0,1657.0,8.886966705,2052.678955,0.338079542,5.0,1.1947,0.7860453629266759,39.54_-120.0
39.54,-120.0,93.30012512,413.0178223,297.300415,65.98994446,17.91832733,67.59157562,200.0,1067.0,1657.0,8.886966705,2052.678955,0.338079542,5.0,1.2656,0.8178396245172636,39.54_-120.0
39.54,-120.0,93.30012512,413.0178223,297.300415,65.98994446,17.91832733,67.59157562,200.0,1067.0,1657.0,8.886966705,2052.678955,0.338079542,5.0,1.3719,0.8636913217307636,39.54_-120.0
39.54,-120.0,93.30012512,413.0178223,297.300415,65.98994446,17.91832733,67.59157562,200.0,1067.0,1657.0,8.886966705,2052.678955,0.338079542,5.0,1.4143,0.8814093900159714,39.54_-120.0
39.54,-120.0,93.30012512,413.0178223,297.300415,65.98994446,17.91832733,67.59157562,200.0,1067.0,1657.0,8.886966705,2052.678955,0.338079542,5.0,1.5858,0.9500349378383159,39.54_-120.0
39.54,-120.0,93.30012512,413.0178223,297.300415,65.98994446,17.91832733,67.59157562,200.0,1067.0,1657.0,8.886966705,2052.678955,0.338079542,5.0,1.7878,1.025252754313649,39.54_-120.0
39.54,-120.0,93.30012512,413.0178223,297.300415,65.98994446,17.91832733,67.59157562,200.0,1067.0,1657.0,8.886966705,2052.678955,0.338079542,5.0,1.9311,1.0753777791951955,39.54_-120.0
39.54,-120.0,93.30012512,413.0178223,297.300415,65.98994446,17.91832733,67.59157562,200.0,1067.0,1657.0,8.886966705,2052.678955,0.338079542,5.0,2.0061,1.100643557577189,39.54_-120.0
39.54,-120.0,93.30012512,413.0178223,297.300415,65.98994446,17.91832733,67.59157562,200.0,1067.0,1657.0,8.886966705,2052.678955,0.338079542,5.0,2.045,1.1135009011618604,39.54_-120.0
39.54,-120.0,93.30012512,413.0178223,297.300415,65.98994446,17.91832733,67.59157562,200.0,1067.0,1657.0,8.886966705,2052.678955,0.338079542,5.0,2.0543,1.1165504337991226,39.54_-120.0
39.54,-120.0,93.30012512,413.0178223,297.300415,65.98994446,17.91832733,67.59157562,200.0,1067.0,1657.0,8.886966705,2052.678955,0.338079542,5.0,2.0779,1.1242475462599408,39.54_-120.0
39.54,-120.0,93.30012512,413.0178223,297.300415,65.98994446,17.91832733,67.59157562,200.0,1067.0,1657.0,8.886966705,2052.678955,0.338079542,5.0,2.1222,1.1385378815404292,39.54_-120.0
39.54,-120.0,93.30012512,413.0178223,297.300415,65.98994446,17.91832733,67.59157562,200.0,1067.0,1657.0,8.886966705,2052.678955,0.338079542,5.0,2.2148,1.1677651473564263,39.54_-120.0
39.54,-120.0,93.30012512,413.0178223,297.300415,65.98994446,17.91832733,67.59157562,200.0,1067.0,1657.0,8.886966705,2052.678955,0.338079542,5.0,2.2477,1.1779470535015457,39.54_-120.0
39.54,-120.0,93.30012512,413.0178223,297.300415,65.98994446,17.91832733,67.59157562,200.0,1067.0,1657.0,8.886966705,2052.678955,0.338079542,5.0,2.603,1.2817668317659563,39.54_-120.0
34.48,-106.93,150.533432,252.9016113,327.5331421,56.08665466,4.924280167,82.97476196,200.0,1109.0,1517.5,0.769643068,1040.253784,0.033537537,13.0,24.47816327,3.237821742940867,34.48_-106.93
34.48,-106.93,150.533432,252.9016113,327.5331421,56.08665466,4.924280167,82.97476196,200.0,1109.0,1517.5,0.769643068,1040.253784,0.033537537,13.0,26.39687075,3.31042880066762,34.48_-106.93
39.3,-96.95,126.4668427,807.7069702,322.4833069,52.80498505,24.87332344,65.38569641,200.0,162.0,385.0,1.010878086,2738.151611,0.286421418,8.0,24.86402597,3.2528530445209887,39.3_-96.95
39.3,-96.95,126.4668427,807.7069702,322.4833069,52.80498505,24.87332344,65.38569641,200.0,162.0,385.0,1.010878086,2738.151611,0.286421418,8.0,26.97305195,3.3312416163845926,39.3_-96.95
39.3,-96.95,126.4668427,807.7069702,322.4833069,52.80498505,24.87332344,65.38569641,200.0,162.0,385.0,1.010878086,2738.151611,0.286421418,8.0,41.84701299,3.757635934095951,39.3_-96.95
40.82,-104.77,91.51642609,358.0666199,297.5164185,57.60498428,10.0,71.6785202,200.0,1022.0,1650.0,0.869770348,2038.660889,0.144302726,8.0,10.72360248,2.4616041157572597,40.82_-104.77
40.82,-104.77,91.51642609,358.0666199,297.5164185,57.60498428,10.0,71.6785202,200.0,1022.0,1650.0,0.869770348,2038.660889,0.144302726,8.0,14.43968944,2.7369414304047037,40.82_-104.77
40.82,-104.77,91.51642609,358.0666199,297.5164185,57.60498428,10.0,71.6785202,200.0,1022.0,1650.0,0.869770348,2038.660889,0.144302726,8.0,19.05826087,2.9986410823646708,40.82_-104.77
40.82,-104.77,91.51642609,358.0666199,297.5164185,57.60498428,10.0,71.6785202,200.0,1022.0,1650.0,0.869770348,2038.660889,0.144302726,8.0,20.27925466,3.057732638484101,40.82_-104.77
42.4,-85.37,92.48355103,932.4348755,271.5,27.29668045,34.30491257,61.92737961,200.0,1207.0,286.0,0.361988068,6249.830566,0.450100183,4.0,6.314968153,1.9899226808057409,42.4_-85.37
42.4,-85.37,92.48355103,932.4348755,271.5,27.29668045,34.30491257,61.92737961,200.0,1207.0,286.0,0.361988068,6249.830566,0.450100183,4.0,15.02528662,2.774167888450217,42.4_-85.37
45.48,-93.43,68.5,839.6048584,276.5,51.30164337,29.85032082,59.05270386,200.0,1423.0,291.0,0.427375853,4736.495605,0.517600238,4.0,1.261946309,0.8162256413379532,45.48_-93.43
45.48,-93.43,68.5,839.6048584,276.5,51.30164337,29.85032082,59.05270386,200.0,1423.0,291.0,0.427375853,4736.495605,0.517600238,4.0,5.277315436,1.8369424107412438,45.48_-93.43
45.48,-93.43,68.5,839.6048584,276.5,51.30164337,29.85032082,59.05270386,200.0,1423.0,291.0,0.427375853,4736.495605,0.517600238,4.0,8.260201342,2.2257257916182525,45.48_-93.43
45.48,-93.43,68.5,839.6048584,276.5,51.30164337,29.85032082,59.05270386,200.0,1423.0,291.0,0.427375853,4736.495605,0.517600238,4.0,8.891208054,2.291646287214468,45.48_-93.43
36.02,-78.98,154.5167084,1197.14856,310.516449,12.80000019,27.94563484,49.51527786,200.0,860.0,161.0,1.052151084,8798.634766,0.609751105,4.0,0.282051282,0.24846135925849966,36.02_-78.98
36.02,-78.98,154.5167084,1197.14856,310.516449,12.80000019,27.94563484,49.51527786,200.0,860.0,161.0,1.052151084,8798.634766,0.609751105,4.0,0.301282051,0.2633499715755015,36.02_-78.98
36.02,-78.98,154.5167084,1197.14856,310.516449,12.80000019,27.94563484,49.51527786,200.0,860.0,161.0,1.052151084,8798.634766,0.609751105,4.0,0.314102564,0.27315397181082235,36.02_-78.98
36.02,-78.98,154.5167084,1197.14856,310.516449,12.80000019,27.94563484,49.51527786,200.0,860.0,161.0,1.052151084,8798.634766,0.609751105,4.0,0.378205128,0.3207820207292885,36.02_-78.98
30.31,114.26,175.5167236,1544.494141,320.4834595,53.00170135,15.04624844,63.00089645,200.0,535.0,37.5,0.875669479,4717.892578,0.711257637,4.0,0.032177419,0.03167056991888668,30.31_114.26
30.31,114.26,175.5167236,1544.494141,320.4834595,53.00170135,15.04624844,63.00089645,200.0,535.0,37.5,0.875669479,4717.892578,0.711257637,4.0,0.072096774,0.06961633282786636,30.31_114.26
30.31,114.26,175.5167236,1544.494141,320.4834595,53.00170135,15.04624844,63.00089645,200.0,535.0,37.5,0.875669479,4717.892578,0.711257637,4.0,0.072096774,0.06961633282786636,30.31_114.26
46.55,-97.12,60.5,615.9099121,278.4668274,59.19832993,33.36245728,71.31194305,200.0,1413.0,312.0,0.471211463,4551.508789,0.493196309,8.0,1.06,0.7227059828014898,46.55_-97.12
46.55,-97.12,60.5,615.9099121,278.4668274,59.19832993,33.36245728,71.31194305,200.0,1413.0,312.0,0.471211463,4551.508789,0.493196309,8.0,1.31,0.8372475245337022,46.55_-97.12
46.55,-97.12,60.5,615.9099121,278.4668274,59.19832993,33.36245728,71.31194305,200.0,1413.0,312.0,0.471211463,4551.508789,0.493196309,8.0,1.43,0.8878912573524571,46.55_-97.12
46.55,-97.12,60.5,615.9099121,278.4668274,59.19832993,33.36245728,71.31194305,200.0,1413.0,312.0,0.471211463,4551.508789,0.493196309,8.0,1.45,0.8960880245566356,46.55_-97.12
46.55,-97.12,60.5,615.9099121,278.4668274,59.19832993,33.36245728,71.31194305,200.0,1413.0,312.0,0.471211463,4551.508789,0.493196309,8.0,1.94,1.0784095813505903,46.55_-97.12
46.55,-97.12,60.5,615.9099121,278.4668274,59.19832993,33.36245728,71.31194305,200.0,1413.0,312.0,0.471211463,4551.508789,0.493196309,8.0,2.13,1.1410330045520618,46.55_-97.12
46.55,-97.12,60.5,615.9099121,278.4668274,59.19832993,33.36245728,71.31194305,200.0,1413.0,312.0,0.471211463,4551.508789,0.493196309,8.0,2.14,1.144222799920162,46.55_-97.12
46.55,-97.12,60.5,615.9099121,278.4668274,59.19832993,33.36245728,71.31194305,200.0,1413.0,312.0,0.471211463,4551.508789,0.493196309,8.0,2.19,1.1600209167967532,46.55_-97.12
46.55,-97.12,60.5,615.9099121,278.4668274,59.19832993,33.36245728,71.31194305,200.0,1413.0,312.0,0.471211463,4551.508789,0.493196309,8.0,2.25,1.1786549963416462,46.55_-97.12
46.55,-97.12,60.5,615.9099121,278.4668274,59.19832993,33.36245728,71.31194305,200.0,1413.0,312.0,0.471211463,4551.508789,0.493196309,8.0,2.53,1.2612978709452054,46.55_-97.12
46.55,-97.12,60.5,615.9099121,278.4668274,59.19832993,33.36245728,71.31194305,200.0,1413.0,312.0,0.471211463,4551.508789,0.493196309,8.0,2.77,1.3270750014599193,46.55_-97.12
46.55,-97.12,60.5,615.9099121,278.4668274,59.19832993,33.36245728,71.31194305,200.0,1413.0,312.0,0.471211463,4551.508789,0.493196309,8.0,2.92,1.366091653802371,46.55_-97.12
46.55,-97.12,60.5,615.9099121,278.4668274,59.19832993,33.36245728,71.31194305,200.0,1413.0,312.0,0.471211463,4551.508789,0.493196309,8.0,2.97,1.3787660946990992,46.55_-97.12
46.55,-97.12,60.5,615.9099121,278.4668274,59.19832993,33.36245728,71.31194305,200.0,1413.0,312.0,0.471211463,4551.508789,0.493196309,8.0,3.79,1.5665304114228238,46.55_-97.12
46.55,-97.12,60.5,615.9099121,278.4668274,59.19832993,33.36245728,71.31194305,200.0,1413.0,312.0,0.471211463,4551.508789,0.493196309,8.0,4.03,1.6154199841116479,46.55_-97.12
46.55,-97.12,60.5,615.9099121,278.4668274,59.19832993,33.36245728,71.31194305,200.0,1413.0,312.0,0.471211463,4551.508789,0.493196309,8.0,4.08,1.6253112615903906,46.55_-97.12
46.55,-97.12,60.5,615.9099121,278.4668274,59.19832993,33.36245728,71.31194305,200.0,1413.0,312.0,0.471211463,4551.508789,0.493196309,8.0,4.11,1.631199404215613,46.55_-97.12
46.55,-97.12,60.5,615.9099121,278.4668274,59.19832993,33.36245728,71.31194305,200.0,1413.0,312.0,0.471211463,4551.508789,0.493196309,8.0,4.25,1.6582280766035324,46.55_-97.12
46.55,-97.12,60.5,615.9099121,278.4668274,59.19832993,33.36245728,71.31194305,200.0,1413.0,312.0,0.471211463,4551.508789,0.493196309,8.0,4.64,1.7298840655099674,46.55_-97.12
46.55,-97.12,60.5,615.9099121,278.4668274,59.19832993,33.36245728,71.31194305,200.0,1413.0,312.0,0.471211463,4551.508789,0.493196309,8.0,4.7,1.7404661748405044,46.55_-97.12
46.55,-97.12,60.5,615.9099121,278.4668274,59.19832993,33.36245728,71.31194305,200.0,1413.0,312.0,0.471211463,4551.508789,0.493196309,8.0,4.78,1.7544036826842861,46.55_-97.12
46.55,-97.12,60.5,615.9099121,278.4668274,59.19832993,33.36245728,71.31194305,200.0,1413.0,312.0,0.471211463,4551.508789,0.493196309,8.0,4.96,1.7850704810772584,46.55_-97.12
46.55,-97.12,60.5,615.9099121,278.4668274,59.19832993,33.36245728,71.31194305,200.0,1413.0,312.0,0.471211463,4551.508789,0.493196309,8.0,5.0,1.791759469228055,46.55_-97.12
46.55,-97.12,60.5,615.9099121,278.4668274,59.19832993,33.36245728,71.31194305,200.0,1413.0,312.0,0.471211463,4551.508789,0.493196309,8.0,5.07,1.803358605071407,46.55_-97.12
46.55,-97.12,60.5,615.9099121,278.4668274,59.19832993,33.36245728,71.31194305,200.0,1413.0,312.0,0.471211463,4551.508789,0.493196309,8.0,5.08,1.8050046959780757,46.55_-97.12
46.55,-97.12,60.5,615.9099121,278.4668274,59.19832993,33.36245728,71.31194305,200.0,1413.0,312.0,0.471211463,4551.508789,0.493196309,8.0,5.29,1.8389610707123492,46.55_-97.12
46.55,-97.12,60.5,615.9099121,278.4668274,59.19832993,33.36245728,71.31194305,200.0,1413.0,312.0,0.471211463,4551.508789,0.493196309,8.0,5.56,1.8809906029559977,46.55_-97.12
46.55,-97.12,60.5,615.9099121,278.4668274,59.19832993,33.36245728,71.31194305,200.0,1413.0,312.0,0.471211463,4551.508789,0.493196309,8.0,5.57,1.8825138324965192,46.55_-97.12
46.55,-97.12,60.5,615.9099121,278.4668274,59.19832993,33.36245728,71.31194305,200.0,1413.0,312.0,0.471211463,4551.508789,0.493196309,8.0,5.88,1.9286186519452522,46.55_-97.12
46.55,-97.12,60.5,615.9099121,278.4668274,59.19832993,33.36245728,71.31194305,200.0,1413.0,312.0,0.471211463,4551.508789,0.493196309,8.0,5.97,1.9416152247724325,46.55_-97.12
46.55,-97.12,60.5,615.9099121,278.4668274,59.19832993,33.36245728,71.31194305,200.0,1413.0,312.0,0.471211463,4551.508789,0.493196309,8.0,6.05,1.9530276168241771,46.55_-97.12
46.55,-97.12,60.5,615.9099121,278.4668274,59.19832993,33.36245728,71.31194305,200.0,1413.0,312.0,0.471211463,4551.508789,0.493196309,8.0,6.37,1.9974177062012453,46.55_-97.12
46.55,-97.12,60.5,615.9099121,278.4668274,59.19832993,33.36245728,71.31194305,200.0,1413.0,312.0,0.471211463,4551.508789,0.493196309,8.0,6.41,2.0028304393079956,46.55_-97.12
46.55,-97.12,60.5,615.9099121,278.4668274,59.19832993,33.36245728,71.31194305,200.0,1413.0,312.0,0.471211463,4551.508789,0.493196309,8.0,7.29,2.115049969147204,46.55_-97.12
46.55,-97.12,60.5,615.9099121,278.4668274,59.19832993,33.36245728,71.31194305,200.0,1413.0,312.0,0.471211463,4551.508789,0.493196309,8.0,7.63,2.1552445050953364,46.55_-97.12
46.55,-97.12,60.5,615.9099121,278.4668274,59.19832993,33.36245728,71.31194305,200.0,1413.0,312.0,0.471211463,4551.508789,0.493196309,8.0,7.76,2.1701959049483,46.55_-97.12
46.55,-97.12,60.5,615.9099121,278.4668274,59.19832993,33.36245728,71.31194305,200.0,1413.0,312.0,0.471211463,4551.508789,0.493196309,8.0,8.22,2.2213750375685026,46.55_-97.12
46.55,-97.12,60.5,615.9099121,278.4668274,59.19832993,33.36245728,71.31194305,200.0,1413.0,312.0,0.471211463,4551.508789,0.493196309,8.0,10.21,2.4168062370840686,46.55_-97.12
46.55,-97.12,60.5,615.9099121,278.4668274,59.19832993,33.36245728,71.31194305,200.0,1413.0,312.0,0.471211463,4551.508789,0.493196309,8.0,10.74,2.4630018143999504,46.55_-97.12
46.55,-97.12,60.5,615.9099121,278.4668274,59.19832993,33.36245728,71.31194305,200.0,1413.0,312.0,0.471211463,4551.508789,0.493196309,8.0,11.17,2.498973906999436,46.55_-97.12
46.55,-97.12,60.5,615.9099121,278.4668274,59.19832993,33.36245728,71.31194305,200.0,1413.0,312.0,0.471211463,4551.508789,0.493196309,8.0,13.69,2.6871669901857858,46.55_-97.12
-38.68,-72.4,115.4835587,1766.146973,233.5164185,59.20164108,84.79143524,57.66290283,200.0,357.0,197.0,0.437510222,8876.365234,0.71488291,12.0,5.085145631,1.805850658938644,-38.68_-72.4
-38.68,-72.4,115.4835587,1766.146973,233.5164185,59.20164108,84.79143524,57.66290283,200.0,357.0,197.0,0.437510222,8876.365234,0.71488291,12.0,8.266601942,2.22641674732783,-38.68_-72.4
-38.68,-72.4,115.4835587,1766.146973,233.5164185,59.20164108,84.79143524,57.66290283,200.0,357.0,197.0,0.437510222,8876.365234,0.71488291,12.0,8.745825243,2.276839013109308,-38.68_-72.4
-38.68,-72.4,115.4835587,1766.146973,233.5164185,59.20164108,84.79143524,57.66290283,200.0,357.0,197.0,0.437510222,8876.365234,0.71488291,12.0,11.06213592,2.490071283411667,-38.68_-72.4
-38.68,-72.4,115.4835587,1766.146973,233.5164185,59.20164108,84.79143524,57.66290283,200.0,357.0,197.0,0.437510222,8876.365234,0.71488291,12.0,12.03883495,2.5679322081819116,-38.68_-72.4
-38.68,-72.4,115.4835587,1766.146973,233.5164185,59.20164108,84.79143524,57.66290283,200.0,357.0,197.0,0.437510222,8876.365234,0.71488291,12.0,12.52427184,2.60448598520559,-38.68_-72.4
28.9,108.62,130.1975098,1256.222046,256.1971436,61.70332718,42.68457794,58.73252487,158.4507141,484.0,1066.5,27.18854904,6570.933594,0.324793279,1.0,3.23853211,1.44421700883095,28.9_108.62
28.9,108.62,130.1975098,1256.222046,256.1971436,61.70332718,42.68457794,58.73252487,158.4507141,484.0,1066.5,27.18854904,6570.933594,0.324793279,1.0,3.422018349,1.486596231906519,28.9_108.62
28.9,108.62,130.1975098,1256.222046,256.1971436,61.70332718,42.68457794,58.73252487,158.4507141,484.0,1066.5,27.18854904,6570.933594,0.324793279,1.0,4.155963303,1.64015396771259,28.9_108.62
28.9,108.62,130.1975098,1256.222046,256.1971436,61.70332718,42.68457794,58.73252487,158.4507141,484.0,1066.5,27.18854904,6570.933594,0.324793279,1.0,4.678899083,1.7367573905313813,28.9_108.62
34.4,-106.67,147.5,272.7234192,321.4833069,60.89999008,6.236287594,80.43531036,200.0,1003.0,1566.0,0.38858825,1320.846924,0.046711721,13.0,0.251805556,0.22458695390730582,34.4_-106.67
34.4,-106.67,147.5,272.7234192,321.4833069,60.89999008,6.236287594,80.43531036,200.0,1003.0,1566.0,0.38858825,1320.846924,0.046711721,13.0,0.253402778,0.2258620751774515,34.4_-106.67
34.4,-106.67,147.5,272.7234192,321.4833069,60.89999008,6.236287594,80.43531036,200.0,1003.0,1566.0,0.38858825,1320.846924,0.046711721,13.0,0.275416667,0.24327292287072802,34.4_-106.67
34.4,-106.67,147.5,272.7234192,321.4833069,60.89999008,6.236287594,80.43531036,200.0,1003.0,1566.0,0.38858825,1320.846924,0.046711721,13.0,0.319513889,0.27726340286264606,34.4_-106.67
34.4,-106.67,147.5,272.7234192,321.4833069,60.89999008,6.236287594,80.43531036,200.0,1003.0,1566.0,0.38858825,1320.846924,0.046711721,13.0,0.344652778,0.2961358221045699,34.4_-106.67
34.4,-106.67,147.5,272.7234192,321.4833069,60.89999008,6.236287594,80.43531036,200.0,1003.0,1566.0,0.38858825,1320.846924,0.046711721,13.0,0.355694444,0.30431382784298316,34.4_-106.67
34.4,-106.67,147.5,272.7234192,321.4833069,60.89999008,6.236287594,80.43531036,200.0,1003.0,1566.0,0.38858825,1320.846924,0.046711721,13.0,0.365138889,0.3112561736438745,34.4_-106.67
34.4,-106.67,147.5,272.7234192,321.4833069,60.89999008,6.236287594,80.43531036,200.0,1003.0,1566.0,0.38858825,1320.846924,0.046711721,13.0,0.371388889,0.3158240138956824,34.4_-106.67
39.11,-96.61,129.4835663,872.2440796,323.4671326,54.30167389,19.15773201,70.53792572,200.0,196.0,324.0,0.92099911,2779.470215,0.323998094,8.0,0.653289474,0.5027669238942769,39.11_-96.61
39.11,-96.61,129.4835663,872.2440796,323.4671326,54.30167389,19.15773201,70.53792572,200.0,196.0,324.0,0.92099911,2779.470215,0.323998094,8.0,0.685592105,0.5221168997047517,39.11_-96.61
39.11,-96.61,129.4835663,872.2440796,323.4671326,54.30167389,19.15773201,70.53792572,200.0,196.0,324.0,0.92099911,2779.470215,0.323998094,8.0,0.692105263,0.5259734714238753,39.11_-96.61
39.11,-96.61,129.4835663,872.2440796,323.4671326,54.30167389,19.15773201,70.53792572,200.0,196.0,324.0,0.92099911,2779.470215,0.323998094,8.0,0.724407895,0.5448837422844443,39.11_-96.61
39.11,-96.61,129.4835663,872.2440796,323.4671326,54.30167389,19.15773201,70.53792572,200.0,196.0,324.0,0.92099911,2779.470215,0.323998094,8.0,0.905526316,0.6447582517848256,39.11_-96.61
39.11,-96.61,129.4835663,872.2440796,323.4671326,54.30167389,19.15773201,70.53792572,200.0,196.0,324.0,0.92099911,2779.470215,0.323998094,8.0,0.950789474,0.6682341491041204,39.11_-96.61
39.11,-96.61,129.4835663,872.2440796,323.4671326,54.30167389,19.15773201,70.53792572,200.0,196.0,324.0,0.92099911,2779.470215,0.323998094,8.0,0.96375,0.6748559105876939,39.11_-96.61
39.11,-96.61,129.4835663,872.2440796,323.4671326,54.30167389,19.15773201,70.53792572,200.0,196.0,324.0,0.92099911,2779.470215,0.323998094,8.0,1.054276316,0.7199236282618926,39.11_-96.61
39.11,-96.61,129.4835663,872.2440796,323.4671326,54.30167389,19.15773201,70.53792572,200.0,196.0,324.0,0.92099911,2779.470215,0.323998094,8.0,1.177171053,0.7780263519723437,39.11_-96.61
39.11,-96.61,129.4835663,872.2440796,323.4671326,54.30167389,19.15773201,70.53792572,200.0,196.0,324.0,0.92099911,2779.470215,0.323998094,8.0,1.196578947,0.7869011259685346,39.11_-96.61
39.11,-96.61,129.4835663,872.2440796,323.4671326,54.30167389,19.15773201,70.53792572,200.0,196.0,324.0,0.92099911,2779.470215,0.323998094,8.0,1.37125,0.8634172422670869,39.11_-96.61
39.11,-96.61,129.4835663,872.2440796,323.4671326,54.30167389,19.15773201,70.53792572,200.0,196.0,324.0,0.92099911,2779.470215,0.323998094,8.0,1.597631579,0.9546000987236722,39.11_-96.61
40.82,-107.78,52.54988098,381.1306763,283.5169983,23.19832993,18.27762794,72.17503357,200.0,887.0,2165.5,1.722720146,1786.510254,0.04271061,13.0,0.294604317,0.2582051017444452,40.82_-107.78
40.82,-107.78,52.54988098,381.1306763,283.5169983,23.19832993,18.27762794,72.17503357,200.0,887.0,2165.5,1.722720146,1786.510254,0.04271061,13.0,0.315611511,0.27430158491443246,40.82_-107.78
40.82,-107.78,52.54988098,381.1306763,283.5169983,23.19832993,18.27762794,72.17503357,200.0,887.0,2165.5,1.722720146,1786.510254,0.04271061,13.0,0.468920863,0.3845280243995791,40.82_-107.78
40.82,-107.78,52.54988098,381.1306763,283.5169983,23.19832993,18.27762794,72.17503357,200.0,887.0,2165.5,1.722720146,1786.510254,0.04271061,13.0,0.483956835,0.3947120573949321,40.82_-107.78
40.82,-107.78,52.54988098,381.1306763,283.5169983,23.19832993,18.27762794,72.17503357,200.0,887.0,2165.5,1.722720146,1786.510254,0.04271061,13.0,0.483956835,0.3947120573949321,40.82_-107.78
40.82,-107.78,52.54988098,381.1306763,283.5169983,23.19832993,18.27762794,72.17503357,200.0,887.0,2165.5,1.722720146,1786.510254,0.04271061,13.0,0.571151079,0.45180852205898864,40.82_-107.78
40.82,-107.78,52.54988098,381.1306763,283.5169983,23.19832993,18.27762794,72.17503357,200.0,887.0,2165.5,1.722720146,1786.510254,0.04271061,13.0,0.583165468,0.45942630354737407,40.82_-107.78
40.82,-107.78,52.54988098,381.1306763,283.5169983,23.19832993,18.27762794,72.17503357,200.0,887.0,2165.5,1.722720146,1786.510254,0.04271061,13.0,0.610215827,0.4763682240491992,40.82_-107.78
45.4,-93.2,70.48357391,860.6798706,276.4835815,50.69832993,72.35490417,57.16270065,200.0,1422.0,275.0,0.437510222,4475.833984,0.369695306,4.0,0.428835616,0.3568598580410659,45.4_-93.2
45.4,-93.2,70.48357391,860.6798706,276.4835815,50.69832993,72.35490417,57.16270065,200.0,1422.0,275.0,0.437510222,4475.833984,0.369695306,4.0,0.452671233,0.3734040912637882,45.4_-93.2
45.4,-93.2,70.48357391,860.6798706,276.4835815,50.69832993,72.35490417,57.16270065,200.0,1422.0,275.0,0.437510222,4475.833984,0.369695306,4.0,0.452671233,0.3734040912637882,45.4_-93.2
45.4,-93.2,70.48357391,860.6798706,276.4835815,50.69832993,72.35490417,57.16270065,200.0,1422.0,275.0,0.437510222,4475.833984,0.369695306,4.0,0.460616438,0.3788585644196068,45.4_-93.2
45.4,-93.2,70.48357391,860.6798706,276.4835815,50.69832993,72.35490417,57.16270065,200.0,1422.0,275.0,0.437510222,4475.833984,0.369695306,4.0,0.607534247,0.47470148141280843,45.4_-93.2
45.4,-93.2,70.48357391,860.6798706,276.4835815,50.69832993,72.35490417,57.16270065,200.0,1422.0,275.0,0.437510222,4475.833984,0.369695306,4.0,0.837808219,0.6085736762696631,45.4_-93.2
45.4,-93.2,70.48357391,860.6798706,276.4835815,50.69832993,72.35490417,57.16270065,200.0,1422.0,275.0,0.437510222,4475.833984,0.369695306,4.0,0.841780822,0.6107329416111088,45.4_-93.2
45.4,-93.2,70.48357391,860.6798706,276.4835815,50.69832993,72.35490417,57.16270065,200.0,1422.0,275.0,0.437510222,4475.833984,0.369695306,4.0,1.016506849,0.7013667318045657,45.4_-93.2
36.95,116.6,141.5,608.7866211,314.5,109.5983429,9.079191208,79.34825134,200.0,667.0,23.0,0.110790431,3449.32373,0.813170373,4.0,1.183481481,0.7809206125702094,36.95_116.6
36.95,116.6,141.5,608.7866211,314.5,109.5983429,9.079191208,79.34825134,200.0,667.0,23.0,0.110790431,3449.32373,0.813170373,4.0,1.311185185,0.8377604600593472,36.95_116.6
36.95,116.6,141.5,608.7866211,314.5,109.5983429,9.079191208,79.34825134,200.0,667.0,23.0,0.110790431,3449.32373,0.813170373,4.0,1.395259259,0.8734914751086429,36.95_116.6
36.95,116.6,141.5,608.7866211,314.5,109.5983429,9.079191208,79.34825134,200.0,667.0,23.0,0.110790431,3449.32373,0.813170373,4.0,1.413333333,0.8810089175913938,36.95_116.6
36.95,116.6,141.5,608.7866211,314.5,109.5983429,9.079191208,79.34825134,200.0,667.0,23.0,0.110790431,3449.32373,0.813170373,4.0,1.481481481,0.9088557531926071,36.95_116.6
36.95,116.6,141.5,608.7866211,314.5,109.5983429,9.079191208,79.34825134,200.0,667.0,23.0,0.110790431,3449.32373,0.813170373,4.0,1.488222222,0.9115684884124762,36.95_116.6
36.95,116.6,141.5,608.7866211,314.5,109.5983429,9.079191208,79.34825134,200.0,667.0,23.0,0.110790431,3449.32373,0.813170373,4.0,1.522074074,0.9250816082454252,36.95_116.6
36.95,116.6,141.5,608.7866211,314.5,109.5983429,9.079191208,79.34825134,200.0,667.0,23.0,0.110790431,3449.32373,0.813170373,4.0,1.592148148,0.9524869327208916,36.95_116.6
36.95,116.6,141.5,608.7866211,314.5,109.5983429,9.079191208,79.34825134,200.0,667.0,23.0,0.110790431,3449.32373,0.813170373,4.0,1.592148148,0.9524869327208916,36.95_116.6
36.95,116.6,141.5,608.7866211,314.5,109.5983429,9.079191208,79.34825134,200.0,667.0,23.0,0.110790431,3449.32373,0.813170373,4.0,1.648888889,0.9741402649028759,36.95_116.6
36.95,116.6,141.5,608.7866211,314.5,109.5983429,9.079191208,79.34825134,200.0,667.0,23.0,0.110790431,3449.32373,0.813170373,4.0,1.648888889,0.9741402649028759,36.95_116.6
36.95,116.6,141.5,608.7866211,314.5,109.5983429,9.079191208,79.34825134,200.0,667.0,23.0,0.110790431,3449.32373,0.813170373,4.0,1.657333333,0.9773231135569995,36.95_116.6
36.95,116.6,141.5,608.7866211,314.5,109.5983429,9.079191208,79.34825134,200.0,667.0,23.0,0.110790431,3449.32373,0.813170373,4.0,1.685851852,0.9879979409581763,36.95_116.6
36.95,116.6,141.5,608.7866211,314.5,109.5983429,9.079191208,79.34825134,200.0,667.0,23.0,0.110790431,3449.32373,0.813170373,4.0,1.736888889,1.0068218333265775,36.95_116.6
36.95,116.6,141.5,608.7866211,314.5,109.5983429,9.079191208,79.34825134,200.0,667.0,23.0,0.110790431,3449.32373,0.813170373,4.0,1.741925926,1.00866056618733,36.95_116.6
36.95,116.6,141.5,608.7866211,314.5,109.5983429,9.079191208,79.34825134,200.0,667.0,23.0,0.110790431,3449.32373,0.813170373,4.0,1.775777778,1.0209309882875557,36.95_116.6
36.95,116.6,141.5,608.7866211,314.5,109.5983429,9.079191208,79.34825134,200.0,667.0,23.0,0.110790431,3449.32373,0.813170373,4.0,1.822074074,1.0374721018458746,36.95_116.6
36.95,116.6,141.5,608.7866211,314.5,109.5983429,9.079191208,79.34825134,200.0,667.0,23.0,0.110790431,3449.32373,0.813170373,4.0,1.851851852,1.0479685559013028,36.95_116.6
36.95,116.6,141.5,608.7866211,314.5,109.5983429,9.079191208,79.34825134,200.0,667.0,23.0,0.110790431,3449.32373,0.813170373,4.0,1.936444444,1.0771994766800652,36.95_116.6
36.95,116.6,141.5,608.7866211,314.5,109.5983429,9.079191208,79.34825134,200.0,667.0,23.0,0.110790431,3449.32373,0.813170373,4.0,1.944888889,1.0800710876991055,36.95_116.6
36.95,116.6,141.5,608.7866211,314.5,109.5983429,9.079191208,79.34825134,200.0,667.0,23.0,0.110790431,3449.32373,0.813170373,4.0,1.975333333,1.0903560774269363,36.95_116.6
36.95,116.6,141.5,608.7866211,314.5,109.5983429,9.079191208,79.34825134,200.0,667.0,23.0,0.110790431,3449.32373,0.813170373,4.0,1.99237037,1.0960658392159872,36.95_116.6
36.95,116.6,141.5,608.7866211,314.5,109.5983429,9.079191208,79.34825134,200.0,667.0,23.0,0.110790431,3449.32373,0.813170373,4.0,2.000814815,1.098883856790149,36.95_116.6
36.95,116.6,141.5,608.7866211,314.5,109.5983429,9.079191208,79.34825134,200.0,667.0,23.0,0.110790431,3449.32373,0.813170373,4.0,2.012518519,1.1027764461837704,36.95_116.6
36.95,116.6,141.5,608.7866211,314.5,109.5983429,9.079191208,79.34825134,200.0,667.0,23.0,0.110790431,3449.32373,0.813170373,4.0,2.054814815,1.116718973764996,36.95_116.6
36.95,116.6,141.5,608.7866211,314.5,109.5983429,9.079191208,79.34825134,200.0,667.0,23.0,0.110790431,3449.32373,0.813170373,4.0,2.094518519,1.129632326667981,36.95_116.6
36.95,116.6,141.5,608.7866211,314.5,109.5983429,9.079191208,79.34825134,200.0,667.0,23.0,0.110790431,3449.32373,0.813170373,4.0,2.128592593,1.1405832526301047,36.95_116.6
36.95,116.6,141.5,608.7866211,314.5,109.5983429,9.079191208,79.34825134,200.0,667.0,23.0,0.110790431,3449.32373,0.813170373,4.0,2.291555556,1.191360266410118,36.95_116.6
36.95,116.6,141.5,608.7866211,314.5,109.5983429,9.079191208,79.34825134,200.0,667.0,23.0,0.110790431,3449.32373,0.813170373,4.0,2.401037037,1.224080395998106,36.95_116.6
36.95,116.6,141.5,608.7866211,314.5,109.5983429,9.079191208,79.34825134,200.0,667.0,23.0,0.110790431,3449.32373,0.813170373,4.0,2.511407407,1.2560169277657944,36.95_116.6
36.95,116.6,141.5,608.7866211,314.5,109.5983429,9.079191208,79.34825134,200.0,667.0,23.0,0.110790431,3449.32373,0.813170373,4.0,2.571333333,1.2729390086973231,36.95_116.6
36.95,116.6,141.5,608.7866211,314.5,109.5983429,9.079191208,79.34825134,200.0,667.0,23.0,0.110790431,3449.32373,0.813170373,4.0,2.579851852,1.2753214174334402,36.95_116.6
36.95,116.6,141.5,608.7866211,314.5,109.5983429,9.079191208,79.34825134,200.0,667.0,23.0,0.110790431,3449.32373,0.813170373,4.0,2.705925926,1.309933140075718,36.95_116.6
36.95,116.6,141.5,608.7866211,314.5,109.5983429,9.079191208,79.34825134,200.0,667.0,23.0,0.110790431,3449.32373,0.813170373,4.0,2.792666667,1.333069377748235,36.95_116.6
36.95,116.6,141.5,608.7866211,314.5,109.5983429,9.079191208,79.34825134,200.0,667.0,23.0,0.110790431,3449.32373,0.813170373,4.0,2.798888889,1.334708626344239,36.95_116.6
36.95,116.6,141.5,608.7866211,314.5,109.5983429,9.079191208,79.34825134,200.0,667.0,23.0,0.110790431,3449.32373,0.813170373,4.0,2.84962963,1.347976943672176,36.95_116.6
36.95,116.6,141.5,608.7866211,314.5,109.5983429,9.079191208,79.34825134,200.0,667.0,23.0,0.110790431,3449.32373,0.813170373,4.0,2.88637037,1.3574756552144767,36.95_116.6
36.95,116.6,141.5,608.7866211,314.5,109.5983429,9.079191208,79.34825134,200.0,667.0,23.0,0.110790431,3449.32373,0.813170373,4.0,2.971481481,1.3791391941064906,36.95_116.6
36.95,116.6,141.5,608.7866211,314.5,109.5983429,9.079191208,79.34825134,200.0,667.0,23.0,0.110790431,3449.32373,0.813170373,4.0,3.33162963,1.4659438291771707,36.95_116.6
36.95,116.6,141.5,608.7866211,314.5,109.5983429,9.079191208,79.34825134,200.0,667.0,23.0,0.110790431,3449.32373,0.813170373,4.0,3.551481481,1.515452780186391,36.95_116.6
47.45,8.7,95.50032806,1258.623535,229.4671173,19.49497986,41.37052917,61.06148911,200.0,734.0,520.0,2.356645107,8344.599609,0.782534957,4.0,0.358270677,0.30621232959885364,47.45_8.7
47.45,8.7,95.50032806,1258.623535,229.4671173,19.49497986,41.37052917,61.06148911,200.0,734.0,520.0,2.356645107,8344.599609,0.782534957,4.0,0.425338346,0.3544092213266715,47.45_8.7
47.45,8.7,95.50032806,1258.623535,229.4671173,19.49497986,41.37052917,61.06148911,200.0,734.0,520.0,2.356645107,8344.599609,0.782534957,4.0,0.447154472,0.3695991952342744,47.45_8.7
47.45,8.7,95.50032806,1258.623535,229.4671173,19.49497986,41.37052917,61.06148911,200.0,734.0,520.0,2.356645107,8344.599609,0.782534957,4.0,0.453834586,0.3742046078528284,47.45_8.7
47.45,8.7,95.50032806,1258.623535,229.4671173,19.49497986,41.37052917,61.06148911,200.0,734.0,520.0,2.356645107,8344.599609,0.782534957,4.0,0.491578947,0.3998352548490932,47.45_8.7
47.45,8.7,95.50032806,1258.623535,229.4671173,19.49497986,41.37052917,61.06148911,200.0,734.0,520.0,2.356645107,8344.599609,0.782534957,4.0,0.492857143,0.40069182945120047,47.45_8.7
47.45,8.7,95.50032806,1258.623535,229.4671173,19.49497986,41.37052917,61.06148911,200.0,734.0,520.0,2.356645107,8344.599609,0.782534957,4.0,0.512706767,0.4139006070340658,47.45_8.7
47.45,8.7,95.50032806,1258.623535,229.4671173,19.49497986,41.37052917,61.06148911,200.0,734.0,520.0,2.356645107,8344.599609,0.782534957,4.0,0.516766917,0.41658104123117784,47.45_8.7
47.45,8.7,95.50032806,1258.623535,229.4671173,19.49497986,41.37052917,61.06148911,200.0,734.0,520.0,2.356645107,8344.599609,0.782534957,4.0,0.555639098,0.44188645669407417,47.45_8.7
47.45,8.7,95.50032806,1258.623535,229.4671173,19.49497986,41.37052917,61.06148911,200.0,734.0,520.0,2.356645107,8344.599609,0.782534957,4.0,0.57481203,0.454135919123546,47.45_8.7
47.45,8.7,95.50032806,1258.623535,229.4671173,19.49497986,41.37052917,61.06148911,200.0,734.0,520.0,2.356645107,8344.599609,0.782534957,4.0,0.58037594,0.4576627554452869,47.45_8.7
47.45,8.7,95.50032806,1258.623535,229.4671173,19.49497986,41.37052917,61.06148911,200.0,734.0,520.0,2.356645107,8344.599609,0.782534957,4.0,0.581578947,0.45842368158183106,47.45_8.7
47.45,8.7,95.50032806,1258.623535,229.4671173,19.49497986,41.37052917,61.06148911,200.0,734.0,520.0,2.356645107,8344.599609,0.782534957,4.0,0.584360902,0.4601811096118656,47.45_8.7
47.45,8.7,95.50032806,1258.623535,229.4671173,19.49497986,41.37052917,61.06148911,200.0,734.0,520.0,2.356645107,8344.599609,0.782534957,4.0,0.609774436,0.47609406731783477,47.45_8.7
47.45,8.7,95.50032806,1258.623535,229.4671173,19.49497986,41.37052917,61.06148911,200.0,734.0,520.0,2.356645107,8344.599609,0.782534957,4.0,0.621428571,0.4833075946077812,47.45_8.7
47.45,8.7,95.50032806,1258.623535,229.4671173,19.49497986,41.37052917,61.06148911,200.0,734.0,520.0,2.356645107,8344.599609,0.782534957,4.0,0.62962406,0.48834935018081893,47.45_8.7
47.45,8.7,95.50032806,1258.623535,229.4671173,19.49497986,41.37052917,61.06148911,200.0,734.0,520.0,2.356645107,8344.599609,0.782534957,4.0,0.652556391,0.502323416821078,47.45_8.7
47.45,8.7,95.50032806,1258.623535,229.4671173,19.49497986,41.37052917,61.06148911,200.0,734.0,520.0,2.356645107,8344.599609,0.782534957,4.0,0.706090226,0.5342043351270327,47.45_8.7
47.45,8.7,95.50032806,1258.623535,229.4671173,19.49497986,41.37052917,61.06148911,200.0,734.0,520.0,2.356645107,8344.599609,0.782534957,4.0,0.712030075,0.5376798447381466,47.45_8.7
47.45,8.7,95.50032806,1258.623535,229.4671173,19.49497986,41.37052917,61.06148911,200.0,734.0,520.0,2.356645107,8344.599609,0.782534957,4.0,0.727067669,0.5464249813731682,47.45_8.7
47.45,8.7,95.50032806,1258.623535,229.4671173,19.49497986,41.37052917,61.06148911,200.0,734.0,520.0,2.356645107,8344.599609,0.782534957,4.0,0.741428571,0.5547057941917635,47.45_8.7
47.45,8.7,95.50032806,1258.623535,229.4671173,19.49497986,41.37052917,61.06148911,200.0,734.0,520.0,2.356645107,8344.599609,0.782534957,4.0,0.756504065,0.5633255069823819,47.45_8.7
47.45,8.7,95.50032806,1258.623535,229.4671173,19.49497986,41.37052917,61.06148911,200.0,734.0,520.0,2.356645107,8344.599609,0.782534957,4.0,0.77,0.5709795465857378,47.45_8.7
47.45,8.7,95.50032806,1258.623535,229.4671173,19.49497986,41.37052917,61.06148911,200.0,734.0,520.0,2.356645107,8344.599609,0.782534957,4.0,0.774586466,0.5735674188826365,47.45_8.7
47.45,8.7,95.50032806,1258.623535,229.4671173,19.49497986,41.37052917,61.06148911,200.0,734.0,520.0,2.356645107,8344.599609,0.782534957,4.0,0.797218045,0.5862399387822015,47.45_8.7
47.45,8.7,95.50032806,1258.623535,229.4671173,19.49497986,41.37052917,61.06148911,200.0,734.0,520.0,2.356645107,8344.599609,0.782534957,4.0,0.801729323,0.588746938691626,47.45_8.7
47.45,8.7,95.50032806,1258.623535,229.4671173,19.49497986,41.37052917,61.06148911,200.0,734.0,520.0,2.356645107,8344.599609,0.782534957,4.0,0.825488722,0.6018477440610549,47.45_8.7
47.45,8.7,95.50032806,1258.623535,229.4671173,19.49497986,41.37052917,61.06148911,200.0,734.0,520.0,2.356645107,8344.599609,0.782534957,4.0,0.864661654,0.6230796178706477,47.45_8.7
47.45,8.7,95.50032806,1258.623535,229.4671173,19.49497986,41.37052917,61.06148911,200.0,734.0,520.0,2.356645107,8344.599609,0.782534957,4.0,0.896541353,0.6400318868128633,47.45_8.7
47.45,8.7,95.50032806,1258.623535,229.4671173,19.49497986,41.37052917,61.06148911,200.0,734.0,520.0,2.356645107,8344.599609,0.782534957,4.0,0.913821138,0.6491018393433086,47.45_8.7
47.45,8.7,95.50032806,1258.623535,229.4671173,19.49497986,41.37052917,61.06148911,200.0,734.0,520.0,2.356645107,8344.599609,0.782534957,4.0,0.916766917,0.6506398692950547,47.45_8.7
47.45,8.7,95.50032806,1258.623535,229.4671173,19.49497986,41.37052917,61.06148911,200.0,734.0,520.0,2.356645107,8344.599609,0.782534957,4.0,0.920451128,0.6525601209403251,47.45_8.7
47.45,8.7,95.50032806,1258.623535,229.4671173,19.49497986,41.37052917,61.06148911,200.0,734.0,520.0,2.356645107,8344.599609,0.782534957,4.0,0.970526316,0.6783006725497884,47.45_8.7
47.45,8.7,95.50032806,1258.623535,229.4671173,19.49497986,41.37052917,61.06148911,200.0,734.0,520.0,2.356645107,8344.599609,0.782534957,4.0,0.97518797,0.6806635685078066,47.45_8.7
47.45,8.7,95.50032806,1258.623535,229.4671173,19.49497986,41.37052917,61.06148911,200.0,734.0,520.0,2.356645107,8344.599609,0.782534957,4.0,1.053082707,0.7193424231483799,47.45_8.7
47.45,8.7,95.50032806,1258.623535,229.4671173,19.49497986,41.37052917,61.06148911,200.0,734.0,520.0,2.356645107,8344.599609,0.782534957,4.0,1.068496241,0.7268218896587947,47.45_8.7
47.45,8.7,95.50032806,1258.623535,229.4671173,19.49497986,41.37052917,61.06148911,200.0,734.0,520.0,2.356645107,8344.599609,0.782534957,4.0,1.126992481,0.7547090011859939,47.45_8.7
47.45,8.7,95.50032806,1258.623535,229.4671173,19.49497986,41.37052917,61.06148911,200.0,734.0,520.0,2.356645107,8344.599609,0.782534957,4.0,1.148780488,0.764900466328632,47.45_8.7
47.45,8.7,95.50032806,1258.623535,229.4671173,19.49497986,41.37052917,61.06148911,200.0,734.0,520.0,2.356645107,8344.599609,0.782534957,4.0,1.182706767,0.7805657428467223,47.45_8.7
47.45,8.7,95.50032806,1258.623535,229.4671173,19.49497986,41.37052917,61.06148911,200.0,734.0,520.0,2.356645107,8344.599609,0.782534957,4.0,1.787744361,1.025232796083062,47.45_8.7
31.91,-8.28,186.4832458,246.0166779,349.5,68.29333496,6.674467564,80.19622803,191.3649597,897.0,572.0,1.500304461,1766.800049,0.270249695,12.0,1.076470588,0.7306696197697206,31.91_-8.28
-4.18,-79.6,227.4342651,847.0697632,294.4008484,86.18659973,18.58182335,66.01222992,193.5471954,802.0,1009.0,5.006729126,7520.349609,0.238371924,1.0,10.7,2.4595888418037104,-4.18_-79.6
-4.18,-79.6,227.4342651,847.0697632,294.4008484,86.18659973,18.58182335,66.01222992,193.5471954,802.0,1009.0,5.006729126,7520.349609,0.238371924,1.0,12.4,2.5952547069568657,-4.18_-79.6
-4.18,-79.6,227.4342651,847.0697632,294.4008484,86.18659973,18.58182335,66.01222992,193.5471954,802.0,1009.0,5.006729126,7520.349609,0.238371924,1.0,19.2,3.005682604407159,-4.18_-79.6
-4.18,-79.6,227.4342651,847.0697632,294.4008484,86.18659973,18.58182335,66.01222992,193.5471954,802.0,1009.0,5.006729126,7520.349609,0.238371924,1.0,19.3,3.0106208860477417,-4.18_-79.6
50.1,14.2,86.51673126,577.4042358,230.5,45.40332413,18.56779671,69.61344147,200.0,497.0,371.0,0.271419644,4823.200195,0.785072744,4.0,0.346153846,0.2972515233536459,50.1_14.2
50.1,14.2,86.51673126,577.4042358,230.5,45.40332413,18.56779671,69.61344147,200.0,497.0,371.0,0.271419644,4823.200195,0.785072744,4.0,0.376923077,0.3198513554410385,50.1_14.2
50.1,14.2,86.51673126,577.4042358,230.5,45.40332413,18.56779671,69.61344147,200.0,497.0,371.0,0.271419644,4823.200195,0.785072744,4.0,0.423076923,0.35282137456868834,50.1_14.2
50.1,14.2,86.51673126,577.4042358,230.5,45.40332413,18.56779671,69.61344147,200.0,497.0,371.0,0.271419644,4823.200195,0.785072744,4.0,0.446153846,0.3689075122679838,50.1_14.2
50.1,14.2,86.51673126,577.4042358,230.5,45.40332413,18.56779671,69.61344147,200.0,497.0,371.0,0.271419644,4823.200195,0.785072744,4.0,0.546153846,0.4357704575039909,50.1_14.2
50.1,14.2,86.51673126,577.4042358,230.5,45.40332413,18.56779671,69.61344147,200.0,497.0,371.0,0.271419644,4823.200195,0.785072744,4.0,0.584615385,0.46034171857671713,50.1_14.2
50.1,14.2,86.51673126,577.4042358,230.5,45.40332413,18.56779671,69.61344147,200.0,497.0,371.0,0.271419644,4823.200195,0.785072744,4.0,0.6,0.4700036292457356,50.1_14.2
50.1,14.2,86.51673126,577.4042358,230.5,45.40332413,18.56779671,69.61344147,200.0,497.0,371.0,0.271419644,4823.200195,0.785072744,4.0,0.615384615,0.479573080023791,50.1_14.2
50.1,14.2,86.51673126,577.4042358,230.5,45.40332413,18.56779671,69.61344147,200.0,497.0,371.0,0.271419644,4823.200195,0.785072744,4.0,0.630769231,0.4890518243579395,50.1_14.2
50.1,14.2,86.51673126,577.4042358,230.5,45.40332413,18.56779671,69.61344147,200.0,497.0,371.0,0.271419644,4823.200195,0.785072744,4.0,0.738461538,0.5530005485512167,50.1_14.2
50.1,14.2,86.51673126,577.4042358,230.5,45.40332413,18.56779671,69.61344147,200.0,497.0,371.0,0.271419644,4823.200195,0.785072744,4.0,0.938461538,0.6618946368177456,50.1_14.2
50.1,14.2,86.51673126,577.4042358,230.5,45.40332413,18.56779671,69.61344147,200.0,497.0,371.0,0.271419644,4823.200195,0.785072744,4.0,1.092307692,0.7382676156933561,50.1_14.2
45.43,-73.93,69.5,1044.871826,253.5,13.99997234,49.93118668,62.12562561,200.0,826.0,35.0,0.306004524,5403.929199,0.70979768,4.0,0.41,0.3435897043900769,45.43_-73.93
45.43,-73.93,69.5,1044.871826,253.5,13.99997234,49.93118668,62.12562561,200.0,826.0,35.0,0.306004524,5403.929199,0.70979768,4.0,0.45,0.37156355643248307,45.43_-73.93
45.43,-73.93,69.5,1044.871826,253.5,13.99997234,49.93118668,62.12562561,200.0,826.0,35.0,0.306004524,5403.929199,0.70979768,4.0,0.76,0.5653138090500605,45.43_-73.93
45.43,-73.93,69.5,1044.871826,253.5,13.99997234,49.93118668,62.12562561,200.0,826.0,35.0,0.306004524,5403.929199,0.70979768,4.0,0.87,0.6259384308664953,45.43_-73.93
45.43,-73.93,69.5,1044.871826,253.5,13.99997234,49.93118668,62.12562561,200.0,826.0,35.0,0.306004524,5403.929199,0.70979768,4.0,1.2,0.7884573603642702,45.43_-73.93
45.43,-73.93,69.5,1044.871826,253.5,13.99997234,49.93118668,62.12562561,200.0,826.0,35.0,0.306004524,5403.929199,0.70979768,4.0,1.4,0.8754687373538999,45.43_-73.93
45.43,-73.93,69.5,1044.871826,253.5,13.99997234,49.93118668,62.12562561,200.0,826.0,35.0,0.306004524,5403.929199,0.70979768,4.0,1.6,0.9555114450274365,45.43_-73.93
45.43,-73.93,69.5,1044.871826,253.5,13.99997234,49.93118668,62.12562561,200.0,826.0,35.0,0.306004524,5403.929199,0.70979768,4.0,1.64,0.9707789171582247,45.43_-73.93
-32.33,116.67,168.4669495,476.8379822,311.450531,72.50332642,19.39768982,65.28206635,199.9857635,1636.0,248.0,1.146779299,5349.800293,0.198858619,12.0,8.114754098,2.209894430037703,-32.33_116.67
-32.33,116.67,168.4669495,476.8379822,311.450531,72.50332642,19.39768982,65.28206635,199.9857635,1636.0,248.0,1.146779299,5349.800293,0.198858619,12.0,8.606557377,2.262445925398582,-32.33_116.67
-32.33,116.67,168.4669495,476.8379822,311.450531,72.50332642,19.39768982,65.28206635,199.9857635,1636.0,248.0,1.146779299,5349.800293,0.198858619,12.0,11.55737705,2.530308305632554,-32.33_116.67
-31.79,116.37,171.5,679.2056274,317.4834595,80.29998779,21.06001663,62.97073364,200.0,1592.0,267.0,1.736911297,5868.797363,0.397393227,12.0,6.08,1.9572739077056285,-31.79_116.37
-31.79,116.37,171.5,679.2056274,317.4834595,80.29998779,21.06001663,62.97073364,200.0,1592.0,267.0,1.736911297,5868.797363,0.397393227,12.0,7.92,2.188295946591918,-31.79_116.37
-31.78,116.37,171.5002747,684.2987671,317.5002747,80.39832306,21.46986771,63.74998856,199.9022827,1594.0,266.5,1.945065022,5656.610352,0.501234889,12.0,5.6,1.8870696490323797,-31.78_116.37
-31.78,116.37,171.5002747,684.2987671,317.5002747,80.39832306,21.46986771,63.74998856,199.9022827,1594.0,266.5,1.945065022,5656.610352,0.501234889,12.0,11.12,2.4948569806411682,-31.78_116.37
-30.96,116.21,182.4998322,502.0693054,330.5165405,72.29330444,18.195158,63.92699432,198.1893005,1675.0,241.0,2.588071108,5338.385742,0.279933512,12.0,7.142857143,2.0971411187967806,-30.96_116.21
-30.96,116.21,182.4998322,502.0693054,330.5165405,72.29330444,18.195158,63.92699432,198.1893005,1675.0,241.0,2.588071108,5338.385742,0.279933512,12.0,14.36507937,2.7320973612052923,-30.96_116.21
-30.96,116.21,182.4998322,502.0693054,330.5165405,72.29330444,18.195158,63.92699432,198.1893005,1675.0,241.0,2.588071108,5338.385742,0.279933512,12.0,19.6031746,3.0254451707184193,-30.96_116.21
63.15,27.32,32.5,702.4472046,204.5,29.09667778,78.91949463,54.19724655,200.0,893.0,88.0,0.374958992,4057.392334,0.569533587,6.0,1.071851852,0.7284428218409897,63.15_27.32
63.15,27.32,32.5,702.4472046,204.5,29.09667778,78.91949463,54.19724655,200.0,893.0,88.0,0.374958992,4057.392334,0.569533587,6.0,1.831574074,1.0408327669217503,63.15_27.32
63.15,27.32,32.5,702.4472046,204.5,29.09667778,78.91949463,54.19724655,200.0,893.0,88.0,0.374958992,4057.392334,0.569533587,6.0,3.869259259,1.5829418226509397,63.15_27.32
63.15,27.32,32.5,702.4472046,204.5,29.09667778,78.91949463,54.19724655,200.0,893.0,88.0,0.374958992,4057.392334,0.569533587,6.0,4.266296296,1.6613273253476912,63.15_27.32
63.15,27.32,32.5,702.4472046,204.5,29.09667778,78.91949463,54.19724655,200.0,893.0,88.0,0.374958992,4057.392334,0.569533587,6.0,9.359444444,2.337898610296935,63.15_27.32
63.15,27.32,32.5,702.4472046,204.5,29.09667778,78.91949463,54.19724655,200.0,893.0,88.0,0.374958992,4057.392334,0.569533587,6.0,10.25287037,2.4206232401067345,63.15_27.32
47.75,9.5,95.48326874,1120.596069,222.4832611,25.20000076,30.37368774,60.5982399,200.0,708.0,513.0,1.243774891,6457.814453,0.672754049,4.0,20.35,3.0610517396746335,47.75_9.5
47.75,9.5,95.48326874,1120.596069,222.4832611,25.20000076,30.37368774,60.5982399,200.0,708.0,513.0,1.243774891,6457.814453,0.672754049,4.0,20.8,3.0819099697950434,47.75_9.5
47.75,9.5,95.48326874,1120.596069,222.4832611,25.20000076,30.37368774,60.5982399,200.0,708.0,513.0,1.243774891,6457.814453,0.672754049,4.0,23.53,3.199896858270398,47.75_9.5
47.75,9.5,95.48326874,1120.596069,222.4832611,25.20000076,30.37368774,60.5982399,200.0,708.0,513.0,1.243774891,6457.814453,0.672754049,4.0,24.68,3.2457124788217606,47.75_9.5
47.75,9.5,95.48326874,1120.596069,222.4832611,25.20000076,30.37368774,60.5982399,200.0,708.0,513.0,1.243774891,6457.814453,0.672754049,4.0,25.08,3.261168737058452,47.75_9.5
47.75,9.5,95.48326874,1120.596069,222.4832611,25.20000076,30.37368774,60.5982399,200.0,708.0,513.0,1.243774891,6457.814453,0.672754049,4.0,34.97,3.5826852577075323,47.75_9.5
48.42,11.83,93.5,872.7266235,232.4997253,29.29832649,24.47597694,65.02511597,200.0,487.0,465.5,1.717958927,6463.418457,0.619702399,4.0,17.66,2.926382195419198,48.42_11.83
48.42,11.83,93.5,872.7266235,232.4997253,29.29832649,24.47597694,65.02511597,200.0,487.0,465.5,1.717958927,6463.418457,0.619702399,4.0,20.8,3.0819099697950434,48.42_11.83
48.42,11.83,93.5,872.7266235,232.4997253,29.29832649,24.47597694,65.02511597,200.0,487.0,465.5,1.717958927,6463.418457,0.619702399,4.0,21.33,3.1059310658520665,48.42_11.83
48.42,11.83,93.5,872.7266235,232.4997253,29.29832649,24.47597694,65.02511597,200.0,487.0,465.5,1.717958927,6463.418457,0.619702399,4.0,22.03,3.136797713832594,48.42_11.83
48.42,11.83,93.5,872.7266235,232.4997253,29.29832649,24.47597694,65.02511597,200.0,487.0,465.5,1.717958927,6463.418457,0.619702399,4.0,23.05,3.1801349965517702,48.42_11.83
48.42,11.83,93.5,872.7266235,232.4997253,29.29832649,24.47597694,65.02511597,200.0,487.0,465.5,1.717958927,6463.418457,0.619702399,4.0,24.64,3.2441536320524693,48.42_11.83
29.14,118.04,167.6505585,2109.00415,308.7339478,57.90335464,30.13626671,52.12391663,199.9427795,590.0,439.5,13.56853485,5331.114746,0.233521149,4.0,0.4,0.33647223662121295,29.14_118.04
29.14,118.04,167.6505585,2109.00415,308.7339478,57.90335464,30.13626671,52.12391663,199.9427795,590.0,439.5,13.56853485,5331.114746,0.233521149,4.0,0.441666667,0.36579985194694686,29.14_118.04
29.14,118.04,167.6505585,2109.00415,308.7339478,57.90335464,30.13626671,52.12391663,199.9427795,590.0,439.5,13.56853485,5331.114746,0.233521149,4.0,0.441666667,0.36579985194694686,29.14_118.04
29.14,118.04,167.6505585,2109.00415,308.7339478,57.90335464,30.13626671,52.12391663,199.9427795,590.0,439.5,13.56853485,5331.114746,0.233521149,4.0,0.458333333,0.37729423091289666,29.14_118.04
29.14,118.04,167.6505585,2109.00415,308.7339478,57.90335464,30.13626671,52.12391663,199.9427795,590.0,439.5,13.56853485,5331.114746,0.233521149,4.0,0.466666667,0.3829922524833785,29.14_118.04
29.14,118.04,167.6505585,2109.00415,308.7339478,57.90335464,30.13626671,52.12391663,199.9427795,590.0,439.5,13.56853485,5331.114746,0.233521149,4.0,0.483333333,0.39429180728532004,29.14_118.04
29.14,118.04,167.6505585,2109.00415,308.7339478,57.90335464,30.13626671,52.12391663,199.9427795,590.0,439.5,13.56853485,5331.114746,0.233521149,4.0,0.558333333,0.4436168738586369,29.14_118.04
29.14,118.04,167.6505585,2109.00415,308.7339478,57.90335464,30.13626671,52.12391663,199.9427795,590.0,439.5,13.56853485,5331.114746,0.233521149,4.0,0.583333333,0.45953232916791387,29.14_118.04
29.14,118.04,167.6505585,2109.00415,308.7339478,57.90335464,30.13626671,52.12391663,199.9427795,590.0,439.5,13.56853485,5331.114746,0.233521149,4.0,0.683333333,0.520775954421139,29.14_118.04
29.14,118.04,167.6505585,2109.00415,308.7339478,57.90335464,30.13626671,52.12391663,199.9427795,590.0,439.5,13.56853485,5331.114746,0.233521149,4.0,0.708333333,0.5355182361612403,29.14_118.04
29.14,118.04,167.6505585,2109.00415,308.7339478,57.90335464,30.13626671,52.12391663,199.9427795,590.0,439.5,13.56853485,5331.114746,0.233521149,4.0,0.716666667,0.5403844262017099,29.14_118.04
29.14,118.04,167.6505585,2109.00415,308.7339478,57.90335464,30.13626671,52.12391663,199.9427795,590.0,439.5,13.56853485,5331.114746,0.233521149,4.0,0.716666667,0.5403844262017099,29.14_118.04
29.14,118.04,167.6505585,2109.00415,308.7339478,57.90335464,30.13626671,52.12391663,199.9427795,590.0,439.5,13.56853485,5331.114746,0.233521149,4.0,0.725,0.5452270504833231,29.14_118.04
29.14,118.04,167.6505585,2109.00415,308.7339478,57.90335464,30.13626671,52.12391663,199.9427795,590.0,439.5,13.56853485,5331.114746,0.233521149,4.0,0.758333333,0.564366390504447,29.14_118.04
29.14,118.04,167.6505585,2109.00415,308.7339478,57.90335464,30.13626671,52.12391663,199.9427795,590.0,439.5,13.56853485,5331.114746,0.233521149,4.0,0.858333333,0.6196800284987006,29.14_118.04
29.14,118.04,167.6505585,2109.00415,308.7339478,57.90335464,30.13626671,52.12391663,199.9427795,590.0,439.5,13.56853485,5331.114746,0.233521149,4.0,0.9,0.6418538861723948,29.14_118.04
29.14,118.04,167.6505585,2109.00415,308.7339478,57.90335464,30.13626671,52.12391663,199.9427795,590.0,439.5,13.56853485,5331.114746,0.233521149,4.0,0.933333333,0.6592456287118502,29.14_118.04
29.14,118.04,167.6505585,2109.00415,308.7339478,57.90335464,30.13626671,52.12391663,199.9427795,590.0,439.5,13.56853485,5331.114746,0.233521149,4.0,0.95,0.6678293725756554,29.14_118.04
29.14,118.04,167.6505585,2109.00415,308.7339478,57.90335464,30.13626671,52.12391663,199.9427795,590.0,439.5,13.56853485,5331.114746,0.233521149,4.0,0.958333333,0.6720937711919002,29.14_118.04
29.14,118.04,167.6505585,2109.00415,308.7339478,57.90335464,30.13626671,52.12391663,199.9427795,590.0,439.5,13.56853485,5331.114746,0.233521149,4.0,0.975,0.6805683983530851,29.14_118.04
29.14,118.04,167.6505585,2109.00415,308.7339478,57.90335464,30.13626671,52.12391663,199.9427795,590.0,439.5,13.56853485,5331.114746,0.233521149,4.0,1.0,0.6931471805599453,29.14_118.04
29.14,118.04,167.6505585,2109.00415,308.7339478,57.90335464,30.13626671,52.12391663,199.9427795,590.0,439.5,13.56853485,5331.114746,0.233521149,4.0,1.05,0.7178397931503169,29.14_118.04
29.14,118.04,167.6505585,2109.00415,308.7339478,57.90335464,30.13626671,52.12391663,199.9427795,590.0,439.5,13.56853485,5331.114746,0.233521149,4.0,1.1,0.7419373447293773,29.14_118.04
31.27,92.1,-17.48334694,565.2764282,143.5002136,104.9916229,27.96734238,77.04894257,200.0,1165.0,4468.0,2.350940228,863.7023926,0.167592838,10.0,9.773109244,2.377053144397167,31.27_92.1
31.27,92.1,-17.48334694,565.2764282,143.5002136,104.9916229,27.96734238,77.04894257,200.0,1165.0,4468.0,2.350940228,863.7023926,0.167592838,10.0,17.52941176,2.9193592945154485,31.27_92.1
31.27,92.1,-17.48334694,565.2764282,143.5002136,104.9916229,27.96734238,77.04894257,200.0,1165.0,4468.0,2.350940228,863.7023926,0.167592838,10.0,21.19327731,3.099789419143952,31.27_92.1
42.03,116.28,37.51673126,377.6148987,248.4999237,104.7000275,26.39584923,80.686409,200.0,1120.0,1343.0,0.904352129,2077.007568,0.39812845,8.0,0.870656934,0.6262896707788126,42.03_116.28
42.03,116.28,37.51673126,377.6148987,248.4999237,104.7000275,26.39584923,80.686409,200.0,1120.0,1343.0,0.904352129,2077.007568,0.39812845,8.0,0.902116788,0.6429673649720921,42.03_116.28
42.03,116.28,37.51673126,377.6148987,248.4999237,104.7000275,26.39584923,80.686409,200.0,1120.0,1343.0,0.904352129,2077.007568,0.39812845,8.0,0.931824818,0.658465057766155,42.03_116.28
42.03,116.28,37.51673126,377.6148987,248.4999237,104.7000275,26.39584923,80.686409,200.0,1120.0,1343.0,0.904352129,2077.007568,0.39812845,8.0,1.002554745,0.6944237379137832,42.03_116.28
42.03,116.28,37.51673126,377.6148987,248.4999237,104.7000275,26.39584923,80.686409,200.0,1120.0,1343.0,0.904352129,2077.007568,0.39812845,8.0,1.025912409,0.7060201714269428,42.03_116.28
42.03,116.28,37.51673126,377.6148987,248.4999237,104.7000275,26.39584923,80.686409,200.0,1120.0,1343.0,0.904352129,2077.007568,0.39812845,8.0,1.415620438,0.8819561642537034,42.03_116.28
42.03,116.28,37.51673126,377.6148987,248.4999237,104.7000275,26.39584923,80.686409,200.0,1120.0,1343.0,0.904352129,2077.007568,0.39812845,8.0,2.36540146,1.2135472605867033,42.03_116.28
42.03,116.28,37.51673126,377.6148987,248.4999237,104.7000275,26.39584923,80.686409,200.0,1120.0,1343.0,0.904352129,2077.007568,0.39812845,8.0,2.453576642,1.2394104018589136,42.03_116.28
42.03,116.28,37.51673126,377.6148987,248.4999237,104.7000275,26.39584923,80.686409,200.0,1120.0,1343.0,0.904352129,2077.007568,0.39812845,8.0,2.494014599,1.2510513900088027,42.03_116.28
42.03,116.28,37.51673126,377.6148987,248.4999237,104.7000275,26.39584923,80.686409,200.0,1120.0,1343.0,0.904352129,2077.007568,0.39812845,8.0,2.582481752,1.2760557870575313,42.03_116.28
42.03,116.28,37.51673126,377.6148987,248.4999237,104.7000275,26.39584923,80.686409,200.0,1120.0,1343.0,0.904352129,2077.007568,0.39812845,8.0,2.61189781,1.2842333433494242,42.03_116.28
42.03,116.28,37.51673126,377.6148987,248.4999237,104.7000275,26.39584923,80.686409,200.0,1120.0,1343.0,0.904352129,2077.007568,0.39812845,8.0,2.735036496,1.3177575898891163,42.03_116.28
42.03,116.28,37.51673126,377.6148987,248.4999237,104.7000275,26.39584923,80.686409,200.0,1120.0,1343.0,0.904352129,2077.007568,0.39812845,8.0,2.759343066,1.3242442256477376,42.03_116.28
42.03,116.28,37.51673126,377.6148987,248.4999237,104.7000275,26.39584923,80.686409,200.0,1120.0,1343.0,0.904352129,2077.007568,0.39812845,8.0,2.919708029,1.3660171686304605,42.03_116.28
42.03,116.28,37.51673126,377.6148987,248.4999237,104.7000275,26.39584923,80.686409,200.0,1120.0,1343.0,0.904352129,2077.007568,0.39812845,8.0,2.93620438,1.3702169036549168,42.03_116.28
42.03,116.28,37.51673126,377.6148987,248.4999237,104.7000275,26.39584923,80.686409,200.0,1120.0,1343.0,0.904352129,2077.007568,0.39812845,8.0,4.551605839,1.714087226267854,42.03_116.28
42.03,116.28,37.51673126,377.6148987,248.4999237,104.7000275,26.39584923,80.686409,200.0,1120.0,1343.0,0.904352129,2077.007568,0.39812845,8.0,5.662627737,1.8965139618410054,42.03_116.28
42.03,116.28,37.51673126,377.6148987,248.4999237,104.7000275,26.39584923,80.686409,200.0,1120.0,1343.0,0.904352129,2077.007568,0.39812845,8.0,5.788029197,1.915160648629671,42.03_116.28
37.6,101.2,-25.46723938,485.7913513,154.5330353,96.88999176,91.06906128,74.17841339,200.0,873.0,3155.5,1.616398692,3279.326172,0.234988093,10.0,0.498449612,0.4044309815836012,37.6_101.2
37.6,101.2,-25.46723938,485.7913513,154.5330353,96.88999176,91.06906128,74.17841339,200.0,873.0,3155.5,1.616398692,3279.326172,0.234988093,10.0,0.572093023,0.45240786719263404,37.6_101.2
37.6,101.2,-25.46723938,485.7913513,154.5330353,96.88999176,91.06906128,74.17841339,200.0,873.0,3155.5,1.616398692,3279.326172,0.234988093,10.0,0.724031008,0.5446651581586401,37.6_101.2
37.6,101.2,-25.46723938,485.7913513,154.5330353,96.88999176,91.06906128,74.17841339,200.0,873.0,3155.5,1.616398692,3279.326172,0.234988093,10.0,0.792248062,0.5834707324278998,37.6_101.2
37.6,101.2,-25.46723938,485.7913513,154.5330353,96.88999176,91.06906128,74.17841339,200.0,873.0,3155.5,1.616398692,3279.326172,0.234988093,10.0,0.926356589,0.6556304410985525,37.6_101.2
37.6,101.2,-25.46723938,485.7913513,154.5330353,96.88999176,91.06906128,74.17841339,200.0,873.0,3155.5,1.616398692,3279.326172,0.234988093,10.0,0.947286822,0.6664370303836454,37.6_101.2
37.6,101.2,-25.46723938,485.7913513,154.5330353,96.88999176,91.06906128,74.17841339,200.0,873.0,3155.5,1.616398692,3279.326172,0.234988093,10.0,1.124806202,0.7536805991586696,37.6_101.2
37.6,101.2,-25.46723938,485.7913513,154.5330353,96.88999176,91.06906128,74.17841339,200.0,873.0,3155.5,1.616398692,3279.326172,0.234988093,10.0,1.148062016,0.7645660477382241,37.6_101.2
37.6,101.2,-25.46723938,485.7913513,154.5330353,96.88999176,91.06906128,74.17841339,200.0,873.0,3155.5,1.616398692,3279.326172,0.234988093,10.0,1.517829457,0.9233972037811463,37.6_101.2
31.52,89.77,4.483203888,340.6307373,145.5,113.7933578,23.91390419,78.87425995,200.0,1153.0,4594.0,0.408056438,224.75914,0.130794287,10.0,11.384,2.5164053168473712,31.52_89.77
31.52,89.77,4.483203888,340.6307373,145.5,113.7933578,23.91390419,78.87425995,200.0,1153.0,4594.0,0.408056438,224.75914,0.130794287,10.0,11.784,2.548194389023919,31.52_89.77
31.52,89.77,4.483203888,340.6307373,145.5,113.7933578,23.91390419,78.87425995,200.0,1153.0,4594.0,0.408056438,224.75914,0.130794287,10.0,12.264,2.585053598392939,31.52_89.77
31.87,88.25,6.499789238,393.2747803,151.4997253,130.6999969,9.842115402,80.05466461,200.0,924.0,4639.0,1.380741119,154.8211975,0.125913352,10.0,7.314516129,2.1180029184080436,31.87_88.25
31.87,88.25,6.499789238,393.2747803,151.4997253,130.6999969,9.842115402,80.05466461,200.0,924.0,4639.0,1.380741119,154.8211975,0.125913352,10.0,14.22580645,2.722991780994477,31.87_88.25
31.87,88.25,6.499789238,393.2747803,151.4997253,130.6999969,9.842115402,80.05466461,200.0,924.0,4639.0,1.380741119,154.8211975,0.125913352,10.0,14.4516129,2.737713392717001,31.87_88.25
32.45,80.93,-8.53345108,137.6633606,161.4832764,122.4949951,18.24822617,82.1877594,200.0,1140.0,4465.5,0.332937539,155.8000031,0.1234705,10.0,1.875968992,1.0563896581595096,32.45_80.93
32.45,80.93,-8.53345108,137.6633606,161.4832764,122.4949951,18.24822617,82.1877594,200.0,1140.0,4465.5,0.332937539,155.8000031,0.1234705,10.0,6.240310078,1.9796640339335516,32.45_80.93
43.59,-119.05,89.5,287.4034729,301.5,38.89999771,24.17688179,73.00274658,200.0,929.0,1268.0,0.48261863,3844.867188,0.488517553,13.0,3.681481481,1.5436146156055799,43.59_-119.05
43.59,-119.05,89.5,287.4034729,301.5,38.89999771,24.17688179,73.00274658,200.0,929.0,1268.0,0.48261863,3844.867188,0.488517553,13.0,5.155555556,1.817355016489221,43.59_-119.05
43.59,-119.05,89.5,287.4034729,301.5,38.89999771,24.17688179,73.00274658,200.0,929.0,1268.0,0.48261863,3844.867188,0.488517553,13.0,5.259259259,1.8340618488773244,43.59_-119.05
43.59,-119.05,89.5,287.4034729,301.5,38.89999771,24.17688179,73.00274658,200.0,929.0,1268.0,0.48261863,3844.867188,0.488517553,13.0,5.503703704,1.8723718152422453,43.59_-119.05
43.59,-119.05,89.5,287.4034729,301.5,38.89999771,24.17688179,73.00274658,200.0,929.0,1268.0,0.48261863,3844.867188,0.488517553,13.0,6.325925926,1.991419553194394,43.59_-119.05
43.59,-119.05,89.5,287.4034729,301.5,38.89999771,24.17688179,73.00274658,200.0,929.0,1268.0,0.48261863,3844.867188,0.488517553,13.0,6.762962963,2.049364086447329,43.59_-119.05
43.59,-119.05,89.5,287.4034729,301.5,38.89999771,24.17688179,73.00274658,200.0,929.0,1268.0,0.48261863,3844.867188,0.488517553,13.0,7.755555556,2.1696884195783754,43.59_-119.05
43.59,-119.05,89.5,287.4034729,301.5,38.89999771,24.17688179,73.00274658,200.0,929.0,1268.0,0.48261863,3844.867188,0.488517553,13.0,8.377777778,2.2383428242893886,43.59_-119.05
44.57,-123.24,116.5,1500.272705,282.483551,69.79830933,34.41382217,57.66276169,200.0,144.0,65.0,0.131052047,6448.765137,0.590274453,8.0,3.574468085,1.5204904263943484,44.57_-123.24
44.57,-123.24,116.5,1500.272705,282.483551,69.79830933,34.41382217,57.66276169,200.0,144.0,65.0,0.131052047,6448.765137,0.590274453,8.0,4.255319149,1.6592407349300644,44.57_-123.24
44.57,-123.24,116.5,1500.272705,282.483551,69.79830933,34.41382217,57.66276169,200.0,144.0,65.0,0.131052047,6448.765137,0.590274453,8.0,5.028368794,1.7964764590520763,44.57_-123.24
44.57,-123.24,116.5,1500.272705,282.483551,69.79830933,34.41382217,57.66276169,200.0,144.0,65.0,0.131052047,6448.765137,0.590274453,8.0,6.056737589,1.9539828468296707,44.57_-123.24
44.57,-123.24,116.5,1500.272705,282.483551,69.79830933,34.41382217,57.66276169,200.0,144.0,65.0,0.131052047,6448.765137,0.590274453,8.0,6.184397163,1.9719116138537331,44.57_-123.24
44.57,-123.24,116.5,1500.272705,282.483551,69.79830933,34.41382217,57.66276169,200.0,144.0,65.0,0.131052047,6448.765137,0.590274453,8.0,7.0,2.0794415416798357,44.57_-123.24
44.57,-123.24,116.5,1500.272705,282.483551,69.79830933,34.41382217,57.66276169,200.0,144.0,65.0,0.131052047,6448.765137,0.590274453,8.0,7.106382979,2.092651773450763,44.57_-123.24
44.57,-123.24,116.5,1500.272705,282.483551,69.79830933,34.41382217,57.66276169,200.0,144.0,65.0,0.131052047,6448.765137,0.590274453,8.0,10.26950355,2.4221002765046773,44.57_-123.24
50.28,-107.76,43.5,375.6964417,256.4835815,62.70167542,26.09796715,70.83766937,200.0,646.0,739.0,0.544678688,4497.457031,0.561142743,8.0,0.015172414,0.015058464078005809,50.28_-107.76
50.28,-107.76,43.5,375.6964417,256.4835815,62.70167542,26.09796715,70.83766937,200.0,646.0,739.0,0.544678688,4497.457031,0.561142743,8.0,0.015862069,0.015737581081954517,50.28_-107.76
50.28,-107.76,43.5,375.6964417,256.4835815,62.70167542,26.09796715,70.83766937,200.0,646.0,739.0,0.544678688,4497.457031,0.561142743,8.0,0.015862069,0.015737581081954517,50.28_-107.76
35.58,104.6,74.5838623,400.9274597,242.6171112,82.70331573,17.86425781,80.85980988,200.0,558.0,2018.0,6.365461349,2527.0,0.755427361,10.0,2.761904762,1.324925414768915,35.58_104.6
35.58,104.6,74.5838623,400.9274597,242.6171112,82.70331573,17.86425781,80.85980988,200.0,558.0,2018.0,6.365461349,2527.0,0.755427361,10.0,2.849206349,1.347866983932397,35.58_104.6
35.58,104.6,74.5838623,400.9274597,242.6171112,82.70331573,17.86425781,80.85980988,200.0,558.0,2018.0,6.365461349,2527.0,0.755427361,10.0,2.944444444,1.3723081190324746,35.58_104.6
35.58,104.6,74.5838623,400.9274597,242.6171112,82.70331573,17.86425781,80.85980988,200.0,558.0,2018.0,6.365461349,2527.0,0.755427361,10.0,3.119047619,1.41562197620285,35.58_104.6
35.58,104.6,74.5838623,400.9274597,242.6171112,82.70331573,17.86425781,80.85980988,200.0,558.0,2018.0,6.365461349,2527.0,0.755427361,10.0,3.174603175,1.429019305881289,35.58_104.6
35.58,104.6,74.5838623,400.9274597,242.6171112,82.70331573,17.86425781,80.85980988,200.0,558.0,2018.0,6.365461349,2527.0,0.755427361,10.0,3.341269841,1.468166895408346,35.58_104.6
35.58,104.6,74.5838623,400.9274597,242.6171112,82.70331573,17.86425781,80.85980988,200.0,558.0,2018.0,6.365461349,2527.0,0.755427361,10.0,4.412698413,1.6887477509477027,35.58_104.6
35.58,104.6,74.5838623,400.9274597,242.6171112,82.70331573,17.86425781,80.85980988,200.0,558.0,2018.0,6.365461349,2527.0,0.755427361,10.0,4.420634921,1.690212952686662,35.58_104.6
35.58,104.6,74.5838623,400.9274597,242.6171112,82.70331573,17.86425781,80.85980988,200.0,558.0,2018.0,6.365461349,2527.0,0.755427361,10.0,4.428571429,1.6916760107500197,35.58_104.6
35.58,104.6,74.5838623,400.9274597,242.6171112,82.70331573,17.86425781,80.85980988,200.0,558.0,2018.0,6.365461349,2527.0,0.755427361,10.0,4.992063492,1.7904358422869506,35.58_104.6
35.58,104.6,74.5838623,400.9274597,242.6171112,82.70331573,17.86425781,80.85980988,200.0,558.0,2018.0,6.365461349,2527.0,0.755427361,10.0,5.46031746,1.8656784590019222,35.58_104.6
35.58,104.6,74.5838623,400.9274597,242.6171112,82.70331573,17.86425781,80.85980988,200.0,558.0,2018.0,6.365461349,2527.0,0.755427361,10.0,6.658730159,2.0358461944227413,35.58_104.6
45.43,-73.93,69.5,1044.871826,253.5,13.99997234,49.93118668,62.12562561,200.0,826.0,35.0,0.306004524,5403.929199,0.70979768,4.0,0.166666667,0.1541506801129726,45.43_-73.93
45.43,-73.93,69.5,1044.871826,253.5,13.99997234,49.93118668,62.12562561,200.0,826.0,35.0,0.306004524,5403.929199,0.70979768,4.0,0.202898551,0.18473410342825422,45.43_-73.93
45.43,-73.93,69.5,1044.871826,253.5,13.99997234,49.93118668,62.12562561,200.0,826.0,35.0,0.306004524,5403.929199,0.70979768,4.0,0.246376812,0.22024079198182975,45.43_-73.93
45.43,-73.93,69.5,1044.871826,253.5,13.99997234,49.93118668,62.12562561,200.0,826.0,35.0,0.306004524,5403.929199,0.70979768,4.0,0.311594203,0.2712433461859691,45.43_-73.93
45.43,-73.93,69.5,1044.871826,253.5,13.99997234,49.93118668,62.12562561,200.0,826.0,35.0,0.306004524,5403.929199,0.70979768,4.0,0.398550725,0.3354365040067482,45.43_-73.93
45.43,-73.93,69.5,1044.871826,253.5,13.99997234,49.93118668,62.12562561,200.0,826.0,35.0,0.306004524,5403.929199,0.70979768,4.0,0.405797101,0.3406044735865358,45.43_-73.93
45.43,-73.93,69.5,1044.871826,253.5,13.99997234,49.93118668,62.12562561,200.0,826.0,35.0,0.306004524,5403.929199,0.70979768,4.0,0.427536232,0.3559500436620021,45.43_-73.93
45.43,-73.93,69.5,1044.871826,253.5,13.99997234,49.93118668,62.12562561,200.0,826.0,35.0,0.306004524,5403.929199,0.70979768,4.0,0.471014493,0.3859522940520703,45.43_-73.93
45.43,-73.93,69.5,1044.871826,253.5,13.99997234,49.93118668,62.12562561,200.0,826.0,35.0,0.306004524,5403.929199,0.70979768,4.0,0.485507246,0.39575629372754495,45.43_-73.93
45.43,-73.93,69.5,1044.871826,253.5,13.99997234,49.93118668,62.12562561,200.0,826.0,35.0,0.306004524,5403.929199,0.70979768,4.0,0.5,0.4054651081081644,45.43_-73.93
45.43,-73.93,69.5,1044.871826,253.5,13.99997234,49.93118668,62.12562561,200.0,826.0,35.0,0.306004524,5403.929199,0.70979768,4.0,0.507246377,0.41028439466911326,45.43_-73.93
45.43,-73.93,69.5,1044.871826,253.5,13.99997234,49.93118668,62.12562561,200.0,826.0,35.0,0.306004524,5403.929199,0.70979768,4.0,0.52173913,0.4198538452745497,45.43_-73.93
45.43,-73.93,69.5,1044.871826,253.5,13.99997234,49.93118668,62.12562561,200.0,826.0,35.0,0.306004524,5403.929199,0.70979768,4.0,0.528985507,0.42460444815772436,45.43_-73.93
45.43,-73.93,69.5,1044.871826,253.5,13.99997234,49.93118668,62.12562561,200.0,826.0,35.0,0.306004524,5403.929199,0.70979768,4.0,0.543478261,0.43403848063672745,45.43_-73.93
45.43,-73.93,69.5,1044.871826,253.5,13.99997234,49.93118668,62.12562561,200.0,826.0,35.0,0.306004524,5403.929199,0.70979768,4.0,0.586956522,0.4618180448236797,45.43_-73.93
45.43,-73.93,69.5,1044.871826,253.5,13.99997234,49.93118668,62.12562561,200.0,826.0,35.0,0.306004524,5403.929199,0.70979768,4.0,0.586956522,0.4618180448236797,45.43_-73.93
45.43,-73.93,69.5,1044.871826,253.5,13.99997234,49.93118668,62.12562561,200.0,826.0,35.0,0.306004524,5403.929199,0.70979768,4.0,0.644927536,0.49769633218322884,45.43_-73.93
45.43,-73.93,69.5,1044.871826,253.5,13.99997234,49.93118668,62.12562561,200.0,826.0,35.0,0.306004524,5403.929199,0.70979768,4.0,0.644927536,0.49769633218322884,45.43_-73.93
45.43,-73.93,69.5,1044.871826,253.5,13.99997234,49.93118668,62.12562561,200.0,826.0,35.0,0.306004524,5403.929199,0.70979768,4.0,0.65942029,0.5064683184843712,45.43_-73.93
45.43,-73.93,69.5,1044.871826,253.5,13.99997234,49.93118668,62.12562561,200.0,826.0,35.0,0.306004524,5403.929199,0.70979768,4.0,0.68115942,0.5194836863366914,45.43_-73.93
45.43,-73.93,69.5,1044.871826,253.5,13.99997234,49.93118668,62.12562561,200.0,826.0,35.0,0.306004524,5403.929199,0.70979768,4.0,0.702898551,0.5323318291486564,45.43_-73.93
45.43,-73.93,69.5,1044.871826,253.5,13.99997234,49.93118668,62.12562561,200.0,826.0,35.0,0.306004524,5403.929199,0.70979768,4.0,0.753623188,0.5616840407680768,45.43_-73.93
45.43,-73.93,69.5,1044.871826,253.5,13.99997234,49.93118668,62.12562561,200.0,826.0,35.0,0.306004524,5403.929199,0.70979768,4.0,0.768115942,0.5699145401196037,45.43_-73.93
45.43,-73.93,69.5,1044.871826,253.5,13.99997234,49.93118668,62.12562561,200.0,826.0,35.0,0.306004524,5403.929199,0.70979768,4.0,0.789855072,0.5821346512116632,45.43_-73.93
45.43,-73.93,69.5,1044.871826,253.5,13.99997234,49.93118668,62.12562561,200.0,826.0,35.0,0.306004524,5403.929199,0.70979768,4.0,0.811594203,0.5942072327610417,45.43_-73.93
45.43,-73.93,69.5,1044.871826,253.5,13.99997234,49.93118668,62.12562561,200.0,826.0,35.0,0.306004524,5403.929199,0.70979768,4.0,0.81884058,0.5981992541339418,45.43_-73.93
45.43,-73.93,69.5,1044.871826,253.5,13.99997234,49.93118668,62.12562561,200.0,826.0,35.0,0.306004524,5403.929199,0.70979768,4.0,0.855072464,0.6179237594473578,45.43_-73.93
45.43,-73.93,69.5,1044.871826,253.5,13.99997234,49.93118668,62.12562561,200.0,826.0,35.0,0.306004524,5403.929199,0.70979768,4.0,0.913043478,0.6486954178527479,45.43_-73.93
45.43,-73.93,69.5,1044.871826,253.5,13.99997234,49.93118668,62.12562561,200.0,826.0,35.0,0.306004524,5403.929199,0.70979768,4.0,0.920289855,0.6524761407912817,45.43_-73.93
45.43,-73.93,69.5,1044.871826,253.5,13.99997234,49.93118668,62.12562561,200.0,826.0,35.0,0.306004524,5403.929199,0.70979768,4.0,0.942028986,0.6637332956073833,45.43_-73.93
45.43,-73.93,69.5,1044.871826,253.5,13.99997234,49.93118668,62.12562561,200.0,826.0,35.0,0.306004524,5403.929199,0.70979768,4.0,1.202898551,0.789774016374017,45.43_-73.93
45.43,-73.93,69.5,1044.871826,253.5,13.99997234,49.93118668,62.12562561,200.0,826.0,35.0,0.306004524,5403.929199,0.70979768,4.0,1.268115942,0.818949505370169,45.43_-73.93
-22.41,-45.45,204.4320526,1649.596558,267.4155884,69.90002441,22.37273216,52.23571014,200.0,727.0,884.5,3.940750599,13163.66113,0.558817565,1.0,0.564516129,0.44757659343767275,-22.41_-45.45
-22.41,-45.45,204.4320526,1649.596558,267.4155884,69.90002441,22.37273216,52.23571014,200.0,727.0,884.5,3.940750599,13163.66113,0.558817565,1.0,0.806451613,0.5913644863035744,-22.41_-45.45
-22.41,-45.45,204.4320526,1649.596558,267.4155884,69.90002441,22.37273216,52.23571014,200.0,727.0,884.5,3.940750599,13163.66113,0.558817565,1.0,0.806451613,0.5913644863035744,-22.41_-45.45
-22.41,-45.45,204.4320526,1649.596558,267.4155884,69.90002441,22.37273216,52.23571014,200.0,727.0,884.5,3.940750599,13163.66113,0.558817565,1.0,0.887096774,0.6350395496501005,-22.41_-45.45
-22.41,-45.45,204.4320526,1649.596558,267.4155884,69.90002441,22.37273216,52.23571014,200.0,727.0,884.5,3.940750599,13163.66113,0.558817565,1.0,0.887096774,0.6350395496501005,-22.41_-45.45
-22.41,-45.45,204.4320526,1649.596558,267.4155884,69.90002441,22.37273216,52.23571014,200.0,727.0,884.5,3.940750599,13163.66113,0.558817565,1.0,0.967741935,0.6768866594422633,-22.41_-45.45
-22.41,-45.45,204.4320526,1649.596558,267.4155884,69.90002441,22.37273216,52.23571014,200.0,727.0,884.5,3.940750599,13163.66113,0.558817565,1.0,0.967741935,0.6768866594422633,-22.41_-45.45
-22.41,-45.45,204.4320526,1649.596558,267.4155884,69.90002441,22.37273216,52.23571014,200.0,727.0,884.5,3.940750599,13163.66113,0.558817565,1.0,1.209677419,0.7928465406224494,-22.41_-45.45
-22.41,-45.45,204.4320526,1649.596558,267.4155884,69.90002441,22.37273216,52.23571014,200.0,727.0,884.5,3.940750599,13163.66113,0.558817565,1.0,1.209677419,0.7928465406224494,-22.41_-45.45
-36.82,-72.67,127.5002823,1176.239258,258.5331421,84.10334015,44.05793762,58.97671509,200.0,726.0,259.5,2.850781679,11009.60449,0.539769232,4.0,12.09090909,2.5719180267081856,-36.82_-72.67
-36.82,-72.67,127.5002823,1176.239258,258.5331421,84.10334015,44.05793762,58.97671509,200.0,726.0,259.5,2.850781679,11009.60449,0.539769232,4.0,13.45454545,2.6710089291073955,-36.82_-72.67
-36.82,-72.67,127.5002823,1176.239258,258.5331421,84.10334015,44.05793762,58.97671509,200.0,726.0,259.5,2.850781679,11009.60449,0.539769232,4.0,14.18181818,2.720098539498624,-36.82_-72.67
-36.82,-72.67,127.5002823,1176.239258,258.5331421,84.10334015,44.05793762,58.97671509,200.0,726.0,259.5,2.850781679,11009.60449,0.539769232,4.0,17.54545455,2.920224721290944,-36.82_-72.67
30.87,110.74,124.2971725,1798.540527,259.2971802,56.69832993,32.61397171,58.46247864,181.1523132,661.0,1098.5,27.23901749,5458.927734,0.444591701,4.0,0.726016949,0.5458164124276224,30.87_110.74
30.87,110.74,124.2971725,1798.540527,259.2971802,56.69832993,32.61397171,58.46247864,181.1523132,661.0,1098.5,27.23901749,5458.927734,0.444591701,4.0,1.076440678,0.730655215416685,30.87_110.74
30.87,110.74,124.2971725,1798.540527,259.2971802,56.69832993,32.61397171,58.46247864,181.1523132,661.0,1098.5,27.23901749,5458.927734,0.444591701,4.0,1.652288136,0.9754227149889071,30.87_110.74
30.87,110.74,124.2971725,1798.540527,259.2971802,56.69832993,32.61397171,58.46247864,181.1523132,661.0,1098.5,27.23901749,5458.927734,0.444591701,4.0,1.713474576,0.9982299450283779,30.87_110.74
30.91,110.77,152.1283417,1439.803711,287.1280518,57.10502243,33.0262413,62.56227875,190.0352478,655.0,667.0,16.58760071,6135.451172,0.478682995,4.0,0.4128125,0.34558239850678724,30.91_110.77
30.91,110.77,152.1283417,1439.803711,287.1280518,57.10502243,33.0262413,62.56227875,190.0352478,655.0,667.0,16.58760071,6135.451172,0.478682995,4.0,0.494921875,0.4020739479520941,30.91_110.77
30.91,110.77,152.1283417,1439.803711,287.1280518,57.10502243,33.0262413,62.56227875,190.0352478,655.0,667.0,16.58760071,6135.451172,0.478682995,4.0,0.694921875,0.5276366483247426,30.91_110.77
30.91,110.77,152.1283417,1439.803711,287.1280518,57.10502243,33.0262413,62.56227875,190.0352478,655.0,667.0,16.58760071,6135.451172,0.478682995,4.0,1.100078125,0.7419745464183383,30.91_110.77
30.92,110.76,165.8295441,1311.344727,300.8295593,57.20502472,30.17422104,62.91339493,198.1694946,685.0,445.5,17.68446732,6679.043457,0.480509698,4.0,0.61968,0.4822285988683045,30.92_110.76
30.92,110.76,165.8295441,1311.344727,300.8295593,57.20502472,30.17422104,62.91339493,198.1694946,685.0,445.5,17.68446732,6679.043457,0.480509698,4.0,0.74312,0.5556766109838853,30.92_110.76
30.92,110.76,165.8295441,1311.344727,300.8295593,57.20502472,30.17422104,62.91339493,198.1694946,685.0,445.5,17.68446732,6679.043457,0.480509698,4.0,1.34968,0.8542791486712965,30.92_110.76
30.92,110.76,165.8295441,1311.344727,300.8295593,57.20502472,30.17422104,62.91339493,198.1694946,685.0,445.5,17.68446732,6679.043457,0.480509698,4.0,1.90112,1.0650968693302927,30.92_110.76
30.93,110.74,157.9979095,1172.074097,292.9811707,57.10671234,26.82268333,62.48126602,174.8168793,675.0,576.5,27.27068329,5268.377441,0.367512375,4.0,0.638769231,0.493945491190913,30.93_110.74
30.93,110.74,157.9979095,1172.074097,292.9811707,57.10671234,26.82268333,62.48126602,174.8168793,675.0,576.5,27.27068329,5268.377441,0.367512375,4.0,1.103384615,0.7435477687288429,30.93_110.74
30.93,110.74,157.9979095,1172.074097,292.9811707,57.10671234,26.82268333,62.48126602,174.8168793,675.0,576.5,27.27068329,5268.377441,0.367512375,4.0,1.734538462,1.0059626691656374,30.93_110.74
30.93,110.74,157.9979095,1172.074097,292.9811707,57.10671234,26.82268333,62.48126602,174.8168793,675.0,576.5,27.27068329,5268.377441,0.367512375,4.0,1.754769231,1.0133336753941435,30.93_110.74
30.94,110.71,167.6174774,1221.835083,301.6177673,55.90501404,26.58147621,61.49702835,191.9513092,677.0,458.0,9.66459465,6271.911133,0.55898726,4.0,0.492307692,0.4003237084015602,30.94_110.71
30.94,110.71,167.6174774,1221.835083,301.6177673,55.90501404,26.58147621,61.49702835,191.9513092,677.0,458.0,9.66459465,6271.911133,0.55898726,4.0,0.552923077,0.4401390110660136,30.94_110.71
30.94,110.71,167.6174774,1221.835083,301.6177673,55.90501404,26.58147621,61.49702835,191.9513092,677.0,458.0,9.66459465,6271.911133,0.55898726,4.0,0.724615385,0.5450040604054923,30.94_110.71
30.94,110.71,167.6174774,1221.835083,301.6177673,55.90501404,26.58147621,61.49702835,191.9513092,677.0,458.0,9.66459465,6271.911133,0.55898726,4.0,1.186692308,0.7823900404386486,30.94_110.71
44.42,-123.3,116.5,1510.74939,279.5002747,70.09830475,31.76976776,57.73801041,200.0,249.0,79.0,0.087503679,7460.543945,0.247980967,8.0,0.676470588,0.5166907430780379,44.42_-123.3
44.42,-123.3,116.5,1510.74939,279.5002747,70.09830475,31.76976776,57.73801041,200.0,249.0,79.0,0.087503679,7460.543945,0.247980967,8.0,0.752058824,0.5607915672930263,44.42_-123.3
44.42,-123.3,116.5,1510.74939,279.5002747,70.09830475,31.76976776,57.73801041,200.0,249.0,79.0,0.087503679,7460.543945,0.247980967,8.0,0.767794118,0.5697325083397068,44.42_-123.3
44.42,-123.3,116.5,1510.74939,279.5002747,70.09830475,31.76976776,57.73801041,200.0,249.0,79.0,0.087503679,7460.543945,0.247980967,8.0,0.962867647,0.6744064891801751,44.42_-123.3
44.42,-123.3,116.5,1510.74939,279.5002747,70.09830475,31.76976776,57.73801041,200.0,249.0,79.0,0.087503679,7460.543945,0.247980967,8.0,1.898823529,1.0643049750270028,44.42_-123.3
44.42,-123.3,116.5,1510.74939,279.5002747,70.09830475,31.76976776,57.73801041,200.0,249.0,79.0,0.087503679,7460.543945,0.247980967,8.0,2.147426471,1.1465851255832686,44.42_-123.3
44.42,-123.3,116.5,1510.74939,279.5002747,70.09830475,31.76976776,57.73801041,200.0,249.0,79.0,0.087503679,7460.543945,0.247980967,8.0,2.293235294,1.1918704536202203,44.42_-123.3
44.42,-123.3,116.5,1510.74939,279.5002747,70.09830475,31.76976776,57.73801041,200.0,249.0,79.0,0.087503679,7460.543945,0.247980967,8.0,2.365588235,1.2136027576260724,44.42_-123.3
44.42,-123.3,116.5,1510.74939,279.5002747,70.09830475,31.76976776,57.73801041,200.0,249.0,79.0,0.087503679,7460.543945,0.247980967,8.0,2.392941176,1.2216971487817814,44.42_-123.3
44.42,-123.3,116.5,1510.74939,279.5002747,70.09830475,31.76976776,57.73801041,200.0,249.0,79.0,0.087503679,7460.543945,0.247980967,8.0,2.808382353,1.3372045197142208,44.42_-123.3
44.42,-123.3,116.5,1510.74939,279.5002747,70.09830475,31.76976776,57.73801041,200.0,249.0,79.0,0.087503679,7460.543945,0.247980967,8.0,2.837794118,1.344897753103417,44.42_-123.3
44.42,-123.3,116.5,1510.74939,279.5002747,70.09830475,31.76976776,57.73801041,200.0,249.0,79.0,0.087503679,7460.543945,0.247980967,8.0,3.032941176,1.3944959301166222,44.42_-123.3
42.49,-85.46,91.48355103,1003.360291,269.5164185,24.59668159,74.15111542,56.78863525,200.0,957.0,291.0,1.267440677,5750.536621,0.401297987,4.0,0.048289474,0.04715976340718622,42.49_-85.46
42.49,-85.46,91.48355103,1003.360291,269.5164185,24.59668159,74.15111542,56.78863525,200.0,957.0,291.0,1.267440677,5750.536621,0.401297987,4.0,0.070197368,0.06784308753865109,42.49_-85.46
42.49,-85.46,91.48355103,1003.360291,269.5164185,24.59668159,74.15111542,56.78863525,200.0,957.0,291.0,1.267440677,5750.536621,0.401297987,4.0,0.081842105,0.07866524094015145,42.49_-85.46
42.49,-85.46,91.48355103,1003.360291,269.5164185,24.59668159,74.15111542,56.78863525,200.0,957.0,291.0,1.267440677,5750.536621,0.401297987,4.0,0.098618421,0.09405340949015759,42.49_-85.46
42.49,-85.46,91.48355103,1003.360291,269.5164185,24.59668159,74.15111542,56.78863525,200.0,957.0,291.0,1.267440677,5750.536621,0.401297987,4.0,0.102565789,0.09763999912088576,42.49_-85.46
42.49,-85.46,91.48355103,1003.360291,269.5164185,24.59668159,74.15111542,56.78863525,200.0,957.0,291.0,1.267440677,5750.536621,0.401297987,4.0,0.110065789,0.10441928293725246,42.49_-85.46
42.49,-85.46,91.48355103,1003.360291,269.5164185,24.59668159,74.15111542,56.78863525,200.0,957.0,291.0,1.267440677,5750.536621,0.401297987,4.0,0.117565789,0.11115291736108979,42.49_-85.46
42.49,-85.46,91.48355103,1003.360291,269.5164185,24.59668159,74.15111542,56.78863525,200.0,957.0,291.0,1.267440677,5750.536621,0.401297987,4.0,0.118815789,0.11227079468799007,42.49_-85.46
42.49,-85.46,91.48355103,1003.360291,269.5164185,24.59668159,74.15111542,56.78863525,200.0,957.0,291.0,1.267440677,5750.536621,0.401297987,4.0,0.122763158,0.11579275235591605,42.49_-85.46
42.49,-85.46,91.48355103,1003.360291,269.5164185,24.59668159,74.15111542,56.78863525,200.0,957.0,291.0,1.267440677,5750.536621,0.401297987,4.0,0.126907895,0.1194775058971393,42.49_-85.46
42.49,-85.46,91.48355103,1003.360291,269.5164185,24.59668159,74.15111542,56.78863525,200.0,957.0,291.0,1.267440677,5750.536621,0.401297987,4.0,0.134078947,0.12582082104811312,42.49_-85.46
42.49,-85.46,91.48355103,1003.360291,269.5164185,24.59668159,74.15111542,56.78863525,200.0,957.0,291.0,1.267440677,5750.536621,0.401297987,4.0,0.135592105,0.12715419332058517,42.49_-85.46
42.49,-85.46,91.48355103,1003.360291,269.5164185,24.59668159,74.15111542,56.78863525,200.0,957.0,291.0,1.267440677,5750.536621,0.401297987,4.0,0.140131579,0.13114367592144674,42.49_-85.46
42.49,-85.46,91.48355103,1003.360291,269.5164185,24.59668159,74.15111542,56.78863525,200.0,957.0,291.0,1.267440677,5750.536621,0.401297987,4.0,0.140131579,0.13114367592144674,42.49_-85.46
42.49,-85.46,91.48355103,1003.360291,269.5164185,24.59668159,74.15111542,56.78863525,200.0,957.0,291.0,1.267440677,5750.536621,0.401297987,4.0,0.143223684,0.13385206470373517,42.49_-85.46
42.49,-85.46,91.48355103,1003.360291,269.5164185,24.59668159,74.15111542,56.78863525,200.0,957.0,291.0,1.267440677,5750.536621,0.401297987,4.0,0.165197368,0.15289048726090715,42.49_-85.46
42.49,-85.46,91.48355103,1003.360291,269.5164185,24.59668159,74.15111542,56.78863525,200.0,957.0,291.0,1.267440677,5750.536621,0.401297987,4.0,0.172631579,0.15925043593752614,42.49_-85.46
42.49,-85.46,91.48355103,1003.360291,269.5164185,24.59668159,74.15111542,56.78863525,200.0,957.0,291.0,1.267440677,5750.536621,0.401297987,4.0,0.182368421,0.16751956331116913,42.49_-85.46
42.49,-85.46,91.48355103,1003.360291,269.5164185,24.59668159,74.15111542,56.78863525,200.0,957.0,291.0,1.267440677,5750.536621,0.401297987,4.0,0.184407895,0.16924298304543997,42.49_-85.46
42.49,-85.46,91.48355103,1003.360291,269.5164185,24.59668159,74.15111542,56.78863525,200.0,957.0,291.0,1.267440677,5750.536621,0.401297987,4.0,0.188026316,0.1722933722102635,42.49_-85.46
42.49,-85.46,91.48355103,1003.360291,269.5164185,24.59668159,74.15111542,56.78863525,200.0,957.0,291.0,1.267440677,5750.536621,0.401297987,4.0,0.190526316,0.1743954916983686,42.49_-85.46
42.49,-85.46,91.48355103,1003.360291,269.5164185,24.59668159,74.15111542,56.78863525,200.0,957.0,291.0,1.267440677,5750.536621,0.401297987,4.0,0.19375,0.17709961281280295,42.49_-85.46
42.49,-85.46,91.48355103,1003.360291,269.5164185,24.59668159,74.15111542,56.78863525,200.0,957.0,291.0,1.267440677,5750.536621,0.401297987,4.0,0.194802632,0.1779810102365343,42.49_-85.46
42.49,-85.46,91.48355103,1003.360291,269.5164185,24.59668159,74.15111542,56.78863525,200.0,957.0,291.0,1.267440677,5750.536621,0.401297987,4.0,0.195197368,0.17831133325209017,42.49_-85.46
42.49,-85.46,91.48355103,1003.360291,269.5164185,24.59668159,74.15111542,56.78863525,200.0,957.0,291.0,1.267440677,5750.536621,0.401297987,4.0,0.198157895,0.18078528983994036,42.49_-85.46
42.49,-85.46,91.48355103,1003.360291,269.5164185,24.59668159,74.15111542,56.78863525,200.0,957.0,291.0,1.267440677,5750.536621,0.401297987,4.0,0.201184211,0.183307912685006,42.49_-85.46
42.49,-85.46,91.48355103,1003.360291,269.5164185,24.59668159,74.15111542,56.78863525,200.0,957.0,291.0,1.267440677,5750.536621,0.401297987,4.0,0.213552632,0.1935521173082551,42.49_-85.46
42.49,-85.46,91.48355103,1003.360291,269.5164185,24.59668159,74.15111542,56.78863525,200.0,957.0,291.0,1.267440677,5750.536621,0.401297987,4.0,0.216776316,0.19620499760520635,42.49_-85.46
42.49,-85.46,91.48355103,1003.360291,269.5164185,24.59668159,74.15111542,56.78863525,200.0,957.0,291.0,1.267440677,5750.536621,0.401297987,4.0,0.218421053,0.19755580166817843,42.49_-85.46
42.49,-85.46,91.48355103,1003.360291,269.5164185,24.59668159,74.15111542,56.78863525,200.0,957.0,291.0,1.267440677,5750.536621,0.401297987,4.0,0.222236842,0.200682657026975,42.49_-85.46
42.49,-85.46,91.48355103,1003.360291,269.5164185,24.59668159,74.15111542,56.78863525,200.0,957.0,291.0,1.267440677,5750.536621,0.401297987,4.0,0.222236842,0.200682657026975,42.49_-85.46
42.49,-85.46,91.48355103,1003.360291,269.5164185,24.59668159,74.15111542,56.78863525,200.0,957.0,291.0,1.267440677,5750.536621,0.401297987,4.0,0.230131579,0.20712113845967856,42.49_-85.46
42.49,-85.46,91.48355103,1003.360291,269.5164185,24.59668159,74.15111542,56.78863525,200.0,957.0,291.0,1.267440677,5750.536621,0.401297987,4.0,0.232171053,0.20877769719448758,42.49_-85.46
42.49,-85.46,91.48355103,1003.360291,269.5164185,24.59668159,74.15111542,56.78863525,200.0,957.0,291.0,1.267440677,5750.536621,0.401297987,4.0,0.237368421,0.2129868833430026,42.49_-85.46
42.49,-85.46,91.48355103,1003.360291,269.5164185,24.59668159,74.15111542,56.78863525,200.0,957.0,291.0,1.267440677,5750.536621,0.401297987,4.0,0.242631579,0.21723137197333603,42.49_-85.46
42.49,-85.46,91.48355103,1003.360291,269.5164185,24.59668159,74.15111542,56.78863525,200.0,957.0,291.0,1.267440677,5750.536621,0.401297987,4.0,0.245263158,0.21934687946833112,42.49_-85.46
42.49,-85.46,91.48355103,1003.360291,269.5164185,24.59668159,74.15111542,56.78863525,200.0,957.0,291.0,1.267440677,5750.536621,0.401297987,4.0,0.245263158,0.21934687946833112,42.49_-85.46
42.49,-85.46,91.48355103,1003.360291,269.5164185,24.59668159,74.15111542,56.78863525,200.0,957.0,291.0,1.267440677,5750.536621,0.401297987,4.0,0.253486842,0.2259291415527405,42.49_-85.46
42.49,-85.46,91.48355103,1003.360291,269.5164185,24.59668159,74.15111542,56.78863525,200.0,957.0,291.0,1.267440677,5750.536621,0.401297987,4.0,0.256315789,0.22818346080725596,42.49_-85.46
42.49,-85.46,91.48355103,1003.360291,269.5164185,24.59668159,74.15111542,56.78863525,200.0,957.0,291.0,1.267440677,5750.536621,0.401297987,4.0,0.259144737,0.2304327103291038,42.49_-85.46
42.49,-85.46,91.48355103,1003.360291,269.5164185,24.59668159,74.15111542,56.78863525,200.0,957.0,291.0,1.267440677,5750.536621,0.401297987,4.0,0.259407895,0.23064168591104248,42.49_-85.46
42.49,-85.46,91.48355103,1003.360291,269.5164185,24.59668159,74.15111542,56.78863525,200.0,957.0,291.0,1.267440677,5750.536621,0.401297987,4.0,0.264868421,0.23496810174978341,42.49_-85.46
42.49,-85.46,91.48355103,1003.360291,269.5164185,24.59668159,74.15111542,56.78863525,200.0,957.0,291.0,1.267440677,5750.536621,0.401297987,4.0,0.270789474,0.2396383404075634,42.49_-85.46
42.49,-85.46,91.48355103,1003.360291,269.5164185,24.59668159,74.15111542,56.78863525,200.0,957.0,291.0,1.267440677,5750.536621,0.401297987,4.0,0.275460526,0.2433073102572511,42.49_-85.46
42.49,-85.46,91.48355103,1003.360291,269.5164185,24.59668159,74.15111542,56.78863525,200.0,957.0,291.0,1.267440677,5750.536621,0.401297987,4.0,0.279802632,0.24670587229244736,42.49_-85.46
42.49,-85.46,91.48355103,1003.360291,269.5164185,24.59668159,74.15111542,56.78863525,200.0,957.0,291.0,1.267440677,5750.536621,0.401297987,4.0,0.281710526,0.24819553425015195,42.49_-85.46
42.49,-85.46,91.48355103,1003.360291,269.5164185,24.59668159,74.15111542,56.78863525,200.0,957.0,291.0,1.267440677,5750.536621,0.401297987,4.0,0.288092105,0.25316213521860476,42.49_-85.46
42.49,-85.46,91.48355103,1003.360291,269.5164185,24.59668159,74.15111542,56.78863525,200.0,957.0,291.0,1.267440677,5750.536621,0.401297987,4.0,0.292434211,0.25652742552469787,42.49_-85.46
42.49,-85.46,91.48355103,1003.360291,269.5164185,24.59668159,74.15111542,56.78863525,200.0,957.0,291.0,1.267440677,5750.536621,0.401297987,4.0,0.295592105,0.2589678145947107,42.49_-85.46
42.49,-85.46,91.48355103,1003.360291,269.5164185,24.59668159,74.15111542,56.78863525,200.0,957.0,291.0,1.267440677,5750.536621,0.401297987,4.0,0.301315789,0.26337589797833133,42.49_-85.46
42.49,-85.46,91.48355103,1003.360291,269.5164185,24.59668159,74.15111542,56.78863525,200.0,957.0,291.0,1.267440677,5750.536621,0.401297987,4.0,0.301315789,0.26337589797833133,42.49_-85.46
42.49,-85.46,91.48355103,1003.360291,269.5164185,24.59668159,74.15111542,56.78863525,200.0,957.0,291.0,1.267440677,5750.536621,0.401297987,4.0,0.302171053,0.2640329122692957,42.49_-85.46
42.49,-85.46,91.48355103,1003.360291,269.5164185,24.59668159,74.15111542,56.78863525,200.0,957.0,291.0,1.267440677,5750.536621,0.401297987,4.0,0.305526316,0.2666062667478296,42.49_-85.46
42.49,-85.46,91.48355103,1003.360291,269.5164185,24.59668159,74.15111542,56.78863525,200.0,957.0,291.0,1.267440677,5750.536621,0.401297987,4.0,0.308157895,0.2686199605813622,42.49_-85.46
42.49,-85.46,91.48355103,1003.360291,269.5164185,24.59668159,74.15111542,56.78863525,200.0,957.0,291.0,1.267440677,5750.536621,0.401297987,4.0,0.312302632,0.2717833285570471,42.49_-85.46
42.49,-85.46,91.48355103,1003.360291,269.5164185,24.59668159,74.15111542,56.78863525,200.0,957.0,291.0,1.267440677,5750.536621,0.401297987,4.0,0.312302632,0.2717833285570471,42.49_-85.46
42.49,-85.46,91.48355103,1003.360291,269.5164185,24.59668159,74.15111542,56.78863525,200.0,957.0,291.0,1.267440677,5750.536621,0.401297987,4.0,0.3175,0.27573600143338034,42.49_-85.46
42.49,-85.46,91.48355103,1003.360291,269.5164185,24.59668159,74.15111542,56.78863525,200.0,957.0,291.0,1.267440677,5750.536621,0.401297987,4.0,0.322763158,0.27972285021057586,42.49_-85.46
42.49,-85.46,91.48355103,1003.360291,269.5164185,24.59668159,74.15111542,56.78863525,200.0,957.0,291.0,1.267440677,5750.536621,0.401297987,4.0,0.339605263,0.2923749907149067,42.49_-85.46
42.49,-85.46,91.48355103,1003.360291,269.5164185,24.59668159,74.15111542,56.78863525,200.0,957.0,291.0,1.267440677,5750.536621,0.401297987,4.0,0.340986842,0.2934057921708658,42.49_-85.46
42.49,-85.46,91.48355103,1003.360291,269.5164185,24.59668159,74.15111542,56.78863525,200.0,957.0,291.0,1.267440677,5750.536621,0.401297987,4.0,0.344736842,0.29619833740499507,42.49_-85.46
42.49,-85.46,91.48355103,1003.360291,269.5164185,24.59668159,74.15111542,56.78863525,200.0,957.0,291.0,1.267440677,5750.536621,0.401297987,4.0,0.347368421,0.2981533722800138,42.49_-85.46
42.49,-85.46,91.48355103,1003.360291,269.5164185,24.59668159,74.15111542,56.78863525,200.0,957.0,291.0,1.267440677,5750.536621,0.401297987,4.0,0.349934211,0.3000558586702741,42.49_-85.46
42.49,-85.46,91.48355103,1003.360291,269.5164185,24.59668159,74.15111542,56.78863525,200.0,957.0,291.0,1.267440677,5750.536621,0.401297987,4.0,0.368223684,0.31351331752968487,42.49_-85.46
42.49,-85.46,91.48355103,1003.360291,269.5164185,24.59668159,74.15111542,56.78863525,200.0,957.0,291.0,1.267440677,5750.536621,0.401297987,4.0,0.36875,0.3138979145826739,42.49_-85.46
42.49,-85.46,91.48355103,1003.360291,269.5164185,24.59668159,74.15111542,56.78863525,200.0,957.0,291.0,1.267440677,5750.536621,0.401297987,4.0,0.372302632,0.31649008223958175,42.49_-85.46
42.49,-85.46,91.48355103,1003.360291,269.5164185,24.59668159,74.15111542,56.78863525,200.0,957.0,291.0,1.267440677,5750.536621,0.401297987,4.0,0.372302632,0.31649008223958175,42.49_-85.46
42.49,-85.46,91.48355103,1003.360291,269.5164185,24.59668159,74.15111542,56.78863525,200.0,957.0,291.0,1.267440677,5750.536621,0.401297987,4.0,0.372302632,0.31649008223958175,42.49_-85.46
42.49,-85.46,91.48355103,1003.360291,269.5164185,24.59668159,74.15111542,56.78863525,200.0,957.0,291.0,1.267440677,5750.536621,0.401297987,4.0,0.374342105,0.3179751475247645,42.49_-85.46
42.49,-85.46,91.48355103,1003.360291,269.5164185,24.59668159,74.15111542,56.78863525,200.0,957.0,291.0,1.267440677,5750.536621,0.401297987,4.0,0.382828947,0.3241313624591866,42.49_-85.46
42.49,-85.46,91.48355103,1003.360291,269.5164185,24.59668159,74.15111542,56.78863525,200.0,957.0,291.0,1.267440677,5750.536621,0.401297987,4.0,0.384736842,0.3255101158097442,42.49_-85.46
42.49,-85.46,91.48355103,1003.360291,269.5164185,24.59668159,74.15111542,56.78863525,200.0,957.0,291.0,1.267440677,5750.536621,0.401297987,4.0,0.388618421,0.3283093111283478,42.49_-85.46
42.49,-85.46,91.48355103,1003.360291,269.5164185,24.59668159,74.15111542,56.78863525,200.0,957.0,291.0,1.267440677,5750.536621,0.401297987,4.0,0.388618421,0.3283093111283478,42.49_-85.46
42.49,-85.46,91.48355103,1003.360291,269.5164185,24.59668159,74.15111542,56.78863525,200.0,957.0,291.0,1.267440677,5750.536621,0.401297987,4.0,0.403421053,0.3389128651486415,42.49_-85.46
42.49,-85.46,91.48355103,1003.360291,269.5164185,24.59668159,74.15111542,56.78863525,200.0,957.0,291.0,1.267440677,5750.536621,0.401297987,4.0,0.406447368,0.34106692770015007,42.49_-85.46
42.49,-85.46,91.48355103,1003.360291,269.5164185,24.59668159,74.15111542,56.78863525,200.0,957.0,291.0,1.267440677,5750.536621,0.401297987,4.0,0.410921053,0.34424272020684415,42.49_-85.46
42.49,-85.46,91.48355103,1003.360291,269.5164185,24.59668159,74.15111542,56.78863525,200.0,957.0,291.0,1.267440677,5750.536621,0.401297987,4.0,0.418815789,0.34982257227379104,42.49_-85.46
42.49,-85.46,91.48355103,1003.360291,269.5164185,24.59668159,74.15111542,56.78863525,200.0,957.0,291.0,1.267440677,5750.536621,0.401297987,4.0,0.420065789,0.3507032008216452,42.49_-85.46
42.49,-85.46,91.48355103,1003.360291,269.5164185,24.59668159,74.15111542,56.78863525,200.0,957.0,291.0,1.267440677,5750.536621,0.401297987,4.0,0.420065789,0.3507032008216452,42.49_-85.46
42.49,-85.46,91.48355103,1003.360291,269.5164185,24.59668159,74.15111542,56.78863525,200.0,957.0,291.0,1.267440677,5750.536621,0.401297987,4.0,0.425131579,0.3542641455982457,42.49_-85.46
42.49,-85.46,91.48355103,1003.360291,269.5164185,24.59668159,74.15111542,56.78863525,200.0,957.0,291.0,1.267440677,5750.536621,0.401297987,4.0,0.441315789,0.3655564387405971,42.49_-85.46
42.49,-85.46,91.48355103,1003.360291,269.5164185,24.59668159,74.15111542,56.78863525,200.0,957.0,291.0,1.267440677,5750.536621,0.401297987,4.0,0.461578947,0.37951732190019716,42.49_-85.46
42.49,-85.46,91.48355103,1003.360291,269.5164185,24.59668159,74.15111542,56.78863525,200.0,957.0,291.0,1.267440677,5750.536621,0.401297987,4.0,0.468552632,0.38427731166800516,42.49_-85.46
42.49,-85.46,91.48355103,1003.360291,269.5164185,24.59668159,74.15111542,56.78863525,200.0,957.0,291.0,1.267440677,5750.536621,0.401297987,4.0,0.468552632,0.38427731166800516,42.49_-85.46
42.49,-85.46,91.48355103,1003.360291,269.5164185,24.59668159,74.15111542,56.78863525,200.0,957.0,291.0,1.267440677,5750.536621,0.401297987,4.0,0.468815789,0.38445649041781577,42.49_-85.46
42.49,-85.46,91.48355103,1003.360291,269.5164185,24.59668159,74.15111542,56.78863525,200.0,957.0,291.0,1.267440677,5750.536621,0.401297987,4.0,0.472039474,0.3866488365232135,42.49_-85.46
42.49,-85.46,91.48355103,1003.360291,269.5164185,24.59668159,74.15111542,56.78863525,200.0,957.0,291.0,1.267440677,5750.536621,0.401297987,4.0,0.475592105,0.3890593363601174,42.49_-85.46
42.49,-85.46,91.48355103,1003.360291,269.5164185,24.59668159,74.15111542,56.78863525,200.0,957.0,291.0,1.267440677,5750.536621,0.401297987,4.0,0.479144737,0.391464040333382,42.49_-85.46
42.49,-85.46,91.48355103,1003.360291,269.5164185,24.59668159,74.15111542,56.78863525,200.0,957.0,291.0,1.267440677,5750.536621,0.401297987,4.0,0.482763158,0.3939073457489181,42.49_-85.46
42.49,-85.46,91.48355103,1003.360291,269.5164185,24.59668159,74.15111542,56.78863525,200.0,957.0,291.0,1.267440677,5750.536621,0.401297987,4.0,0.482763158,0.3939073457489181,42.49_-85.46
42.49,-85.46,91.48355103,1003.360291,269.5164185,24.59668159,74.15111542,56.78863525,200.0,957.0,291.0,1.267440677,5750.536621,0.401297987,4.0,0.490065789,0.3988202726738974,42.49_-85.46
42.49,-85.46,91.48355103,1003.360291,269.5164185,24.59668159,74.15111542,56.78863525,200.0,957.0,291.0,1.267440677,5750.536621,0.401297987,4.0,0.500723684,0.40594744776368763,42.49_-85.46
42.49,-85.46,91.48355103,1003.360291,269.5164185,24.59668159,74.15111542,56.78863525,200.0,957.0,291.0,1.267440677,5750.536621,0.401297987,4.0,0.501184211,0.40625427063748726,42.49_-85.46
42.49,-85.46,91.48355103,1003.360291,269.5164185,24.59668159,74.15111542,56.78863525,200.0,957.0,291.0,1.267440677,5750.536621,0.401297987,4.0,0.501184211,0.40625427063748726,42.49_-85.46
42.49,-85.46,91.48355103,1003.360291,269.5164185,24.59668159,74.15111542,56.78863525,200.0,957.0,291.0,1.267440677,5750.536621,0.401297987,4.0,0.5175,0.41706424395151626,42.49_-85.46
42.49,-85.46,91.48355103,1003.360291,269.5164185,24.59668159,74.15111542,56.78863525,200.0,957.0,291.0,1.267440677,5750.536621,0.401297987,4.0,0.524210526,0.4214765881438928,42.49_-85.46
42.49,-85.46,91.48355103,1003.360291,269.5164185,24.59668159,74.15111542,56.78863525,200.0,957.0,291.0,1.267440677,5750.536621,0.401297987,4.0,0.536052632,0.4292158997634273,42.49_-85.46
42.49,-85.46,91.48355103,1003.360291,269.5164185,24.59668159,74.15111542,56.78863525,200.0,957.0,291.0,1.267440677,5750.536621,0.401297987,4.0,0.540131579,0.4318678536847621,42.49_-85.46
42.49,-85.46,91.48355103,1003.360291,269.5164185,24.59668159,74.15111542,56.78863525,200.0,957.0,291.0,1.267440677,5750.536621,0.401297987,4.0,0.560723684,0.44514961369310674,42.49_-85.46
42.49,-85.46,91.48355103,1003.360291,269.5164185,24.59668159,74.15111542,56.78863525,200.0,957.0,291.0,1.267440677,5750.536621,0.401297987,4.0,0.57125,0.45187148092232016,42.49_-85.46
42.49,-85.46,91.48355103,1003.360291,269.5164185,24.59668159,74.15111542,56.78863525,200.0,957.0,291.0,1.267440677,5750.536621,0.401297987,4.0,0.577763158,0.4560081211717275,42.49_-85.46
42.49,-85.46,91.48355103,1003.360291,269.5164185,24.59668159,74.15111542,56.78863525,200.0,957.0,291.0,1.267440677,5750.536621,0.401297987,4.0,0.586447368,0.46149715657748236,42.49_-85.46
42.49,-85.46,91.48355103,1003.360291,269.5164185,24.59668159,74.15111542,56.78863525,200.0,957.0,291.0,1.267440677,5750.536621,0.401297987,4.0,0.590394737,0.46398224768431473,42.49_-85.46
42.49,-85.46,91.48355103,1003.360291,269.5164185,24.59668159,74.15111542,56.78863525,200.0,957.0,291.0,1.267440677,5750.536621,0.401297987,4.0,0.610131579,0.47631590174393346,42.49_-85.46
42.49,-85.46,91.48355103,1003.360291,269.5164185,24.59668159,74.15111542,56.78863525,200.0,957.0,291.0,1.267440677,5750.536621,0.401297987,4.0,0.613355263,0.4783160247366448,42.49_-85.46
42.49,-85.46,91.48355103,1003.360291,269.5164185,24.59668159,74.15111542,56.78863525,200.0,957.0,291.0,1.267440677,5750.536621,0.401297987,4.0,0.623684211,0.4846977714766906,42.49_-85.46
42.49,-85.46,91.48355103,1003.360291,269.5164185,24.59668159,74.15111542,56.78863525,200.0,957.0,291.0,1.267440677,5750.536621,0.401297987,4.0,0.632039474,0.48983044374940243,42.49_-85.46
42.49,-85.46,91.48355103,1003.360291,269.5164185,24.59668159,74.15111542,56.78863525,200.0,957.0,291.0,1.267440677,5750.536621,0.401297987,4.0,0.636776316,0.49272864641356817,42.49_-85.46
42.49,-85.46,91.48355103,1003.360291,269.5164185,24.59668159,74.15111542,56.78863525,200.0,957.0,291.0,1.267440677,5750.536621,0.401297987,4.0,0.661052632,0.5074515170647185,42.49_-85.46
42.49,-85.46,91.48355103,1003.360291,269.5164185,24.59668159,74.15111542,56.78863525,200.0,957.0,291.0,1.267440677,5750.536621,0.401297987,4.0,0.68625,0.5225071285398286,42.49_-85.46
42.49,-85.46,91.48355103,1003.360291,269.5164185,24.59668159,74.15111542,56.78863525,200.0,957.0,291.0,1.267440677,5750.536621,0.401297987,4.0,0.717763158,0.541022954920086,42.49_-85.46
42.49,-85.46,91.48355103,1003.360291,269.5164185,24.59668159,74.15111542,56.78863525,200.0,957.0,291.0,1.267440677,5750.536621,0.401297987,4.0,0.728552632,0.5472844294386724,42.49_-85.46
42.49,-85.46,91.48355103,1003.360291,269.5164185,24.59668159,74.15111542,56.78863525,200.0,957.0,291.0,1.267440677,5750.536621,0.401297987,4.0,0.743421053,0.5558493053512666,42.49_-85.46
42.49,-85.46,91.48355103,1003.360291,269.5164185,24.59668159,74.15111542,56.78863525,200.0,957.0,291.0,1.267440677,5750.536621,0.401297987,4.0,0.764868421,0.568076138597846,42.49_-85.46
42.49,-85.46,91.48355103,1003.360291,269.5164185,24.59668159,74.15111542,56.78863525,200.0,957.0,291.0,1.267440677,5750.536621,0.401297987,4.0,0.833618421,0.6062912938447127,42.49_-85.46
42.49,-85.46,91.48355103,1003.360291,269.5164185,24.59668159,74.15111542,56.78863525,200.0,957.0,291.0,1.267440677,5750.536621,0.401297987,4.0,0.848157895,0.6141894105869327,42.49_-85.46
42.49,-85.46,91.48355103,1003.360291,269.5164185,24.59668159,74.15111542,56.78863525,200.0,957.0,291.0,1.267440677,5750.536621,0.401297987,4.0,0.925657895,0.6552676729882224,42.49_-85.46
42.49,-85.46,91.48355103,1003.360291,269.5164185,24.59668159,74.15111542,56.78863525,200.0,957.0,291.0,1.267440677,5750.536621,0.401297987,4.0,1.258026316,0.8144911202211154,42.49_-85.46
44.75,123.75,61.5,416.8522034,278.5,116.0,12.98869228,82.9954071,200.0,1036.0,151.0,0.127502084,2776.416992,0.627094865,8.0,9.777777778,2.377486401187782,44.75_123.75
44.75,123.75,61.5,416.8522034,278.5,116.0,12.98869228,82.9954071,200.0,1036.0,151.0,0.127502084,2776.416992,0.627094865,8.0,11.33333333,2.5123056237058448,44.75_123.75
44.75,123.75,61.5,416.8522034,278.5,116.0,12.98869228,82.9954071,200.0,1036.0,151.0,0.127502084,2776.416992,0.627094865,8.0,14.37037037,2.732441654202273,44.75_123.75
44.75,123.75,61.5,416.8522034,278.5,116.0,12.98869228,82.9954071,200.0,1036.0,151.0,0.127502084,2776.416992,0.627094865,8.0,14.44444444,2.7372493555067026,44.75_123.75
33.58,102.95,8.499718666,871.1787109,161.5,81.39832306,105.6334,69.08534241,200.0,666.0,3440.0,0.176706389,4086.759277,0.413197309,10.0,0.886982759,0.6349791296197128,33.58_102.95
33.58,102.95,8.499718666,871.1787109,161.5,81.39832306,105.6334,69.08534241,200.0,666.0,3440.0,0.176706389,4086.759277,0.413197309,10.0,1.074741379,0.7298365092883659,33.58_102.95
12.47,-1.53,283.5167542,716.9581909,394.5164795,120.7016678,6.000518799,61.59126663,200.0,1348.0,299.5,0.408056438,1458.622192,0.798586249,7.0,2.46835443,1.2436802538115597,12.47_-1.53
43.64,-80.4,70.5,935.3922729,251.5,12.50002766,38.98334122,69.54708862,200.0,600.0,371.5,0.406936318,5323.117676,0.641671002,4.0,26.57235294,3.3168135656088213,43.64_-80.4
43.64,-80.4,70.5,935.3922729,251.5,12.50002766,38.98334122,69.54708862,200.0,600.0,371.5,0.406936318,5323.117676,0.641671002,4.0,26.67954248,3.320693601711131,43.64_-80.4
43.64,-80.4,70.5,935.3922729,251.5,12.50002766,38.98334122,69.54708862,200.0,600.0,371.5,0.406936318,5323.117676,0.641671002,4.0,28.12601307,3.371631694800245,43.64_-80.4
43.64,-80.4,70.5,935.3922729,251.5,12.50002766,38.98334122,69.54708862,200.0,600.0,371.5,0.406936318,5323.117676,0.641671002,4.0,30.4296732,3.4477524530462245,43.64_-80.4
43.64,-80.4,70.5,935.3922729,251.5,12.50002766,38.98334122,69.54708862,200.0,600.0,371.5,0.406936318,5323.117676,0.641671002,4.0,31.28686275,3.4746604214869623,43.64_-80.4
43.64,-80.4,70.5,935.3922729,251.5,12.50002766,38.98334122,69.54708862,200.0,600.0,371.5,0.406936318,5323.117676,0.641671002,4.0,32.46542484,3.5105128115265587,43.64_-80.4
43.64,-80.4,70.5,935.3922729,251.5,12.50002766,38.98334122,69.54708862,200.0,600.0,371.5,0.406936318,5323.117676,0.641671002,4.0,34.07261438,3.557420608850037,43.64_-80.4
43.64,-80.4,70.5,935.3922729,251.5,12.50002766,38.98334122,69.54708862,200.0,600.0,371.5,0.406936318,5323.117676,0.641671002,4.0,34.82267974,3.5785812051129566,43.64_-80.4
43.64,-80.4,70.5,935.3922729,251.5,12.50002766,38.98334122,69.54708862,200.0,600.0,371.5,0.406936318,5323.117676,0.641671002,4.0,36.75130719,3.631020102645183,43.64_-80.4
43.64,-80.4,70.5,935.3922729,251.5,12.50002766,38.98334122,69.54708862,200.0,600.0,371.5,0.406936318,5323.117676,0.641671002,4.0,45.21588235,3.83332351282054,43.64_-80.4
49.24,-121.77,106.4815903,1967.127441,263.4815979,45.39327621,67.07124329,56.75128555,200.0,834.0,17.0,0.213944703,9736.394531,0.602607489,5.0,28.97191304,3.400260711123239,49.24_-121.77
49.24,-121.77,106.4815903,1967.127441,263.4815979,45.39327621,67.07124329,56.75128555,200.0,834.0,17.0,0.213944703,9736.394531,0.602607489,5.0,36.10521739,3.6137575901840746,49.24_-121.77
49.24,-121.77,106.4815903,1967.127441,263.4815979,45.39327621,67.07124329,56.75128555,200.0,834.0,17.0,0.213944703,9736.394531,0.602607489,5.0,36.87373913,3.6342579729783693,49.24_-121.77
49.24,-121.77,106.4815903,1967.127441,263.4815979,45.39327621,67.07124329,56.75128555,200.0,834.0,17.0,0.213944703,9736.394531,0.602607489,5.0,39.68773913,3.70592679718654,49.24_-121.77
49.24,-121.77,106.4815903,1967.127441,263.4815979,45.39327621,67.07124329,56.75128555,200.0,834.0,17.0,0.213944703,9736.394531,0.602607489,5.0,39.70565217,3.706366956762228,49.24_-121.77
49.24,-121.77,106.4815903,1967.127441,263.4815979,45.39327621,67.07124329,56.75128555,200.0,834.0,17.0,0.213944703,9736.394531,0.602607489,5.0,42.36017391,3.7695413679628307,49.24_-121.77
49.24,-121.77,106.4815903,1967.127441,263.4815979,45.39327621,67.07124329,56.75128555,200.0,834.0,17.0,0.213944703,9736.394531,0.602607489,5.0,43.44756522,3.794310184756633,49.24_-121.77
49.24,-121.77,106.4815903,1967.127441,263.4815979,45.39327621,67.07124329,56.75128555,200.0,834.0,17.0,0.213944703,9736.394531,0.602607489,5.0,43.53556522,3.7962880883941788,49.24_-121.77
49.24,-121.77,106.4815903,1967.127441,263.4815979,45.39327621,67.07124329,56.75128555,200.0,834.0,17.0,0.213944703,9736.394531,0.602607489,5.0,43.57817391,3.7972443650281296,49.24_-121.77
49.24,-121.77,106.4815903,1967.127441,263.4815979,45.39327621,67.07124329,56.75128555,200.0,834.0,17.0,0.213944703,9736.394531,0.602607489,5.0,47.37095652,3.8788995617065583,49.24_-121.77
49.24,-121.77,106.4815903,1967.127441,263.4815979,45.39327621,67.07124329,56.75128555,200.0,834.0,17.0,0.213944703,9736.394531,0.602607489,5.0,50.44069565,3.9404296033604727,49.24_-121.77
49.24,-121.77,106.4815903,1967.127441,263.4815979,45.39327621,67.07124329,56.75128555,200.0,834.0,17.0,0.213944703,9736.394531,0.602607489,5.0,50.49295652,3.9414450317143443,49.24_-121.77
49.24,-121.77,106.4815903,1967.127441,263.4815979,45.39327621,67.07124329,56.75128555,200.0,834.0,17.0,0.213944703,9736.394531,0.602607489,5.0,50.57678261,3.9430716218112978,49.24_-121.77
49.24,-121.77,106.4815903,1967.127441,263.4815979,45.39327621,67.07124329,56.75128555,200.0,834.0,17.0,0.213944703,9736.394531,0.602607489,5.0,51.06478261,3.9524887626154164,49.24_-121.77
49.24,-121.77,106.4815903,1967.127441,263.4815979,45.39327621,67.07124329,56.75128555,200.0,834.0,17.0,0.213944703,9736.394531,0.602607489,5.0,51.65452174,3.9637521178932005,49.24_-121.77
49.24,-121.77,106.4815903,1967.127441,263.4815979,45.39327621,67.07124329,56.75128555,200.0,834.0,17.0,0.213944703,9736.394531,0.602607489,5.0,51.86626087,3.9677653446519803,49.24_-121.77
49.24,-121.77,106.4815903,1967.127441,263.4815979,45.39327621,67.07124329,56.75128555,200.0,834.0,17.0,0.213944703,9736.394531,0.602607489,5.0,53.14886957,3.991737097328818,49.24_-121.77
49.24,-121.77,106.4815903,1967.127441,263.4815979,45.39327621,67.07124329,56.75128555,200.0,834.0,17.0,0.213944703,9736.394531,0.602607489,5.0,60.30965217,4.115937288458879,49.24_-121.77
49.24,-121.77,106.4815903,1967.127441,263.4815979,45.39327621,67.07124329,56.75128555,200.0,834.0,17.0,0.213944703,9736.394531,0.602607489,5.0,61.97582609,4.142750939897774,49.24_-121.77
49.24,-121.77,106.4815903,1967.127441,263.4815979,45.39327621,67.07124329,56.75128555,200.0,834.0,17.0,0.213944703,9736.394531,0.602607489,5.0,64.26886957,4.178515193208039,49.24_-121.77
49.24,-121.77,106.4815903,1967.127441,263.4815979,45.39327621,67.07124329,56.75128555,200.0,834.0,17.0,0.213944703,9736.394531,0.602607489,5.0,65.04417391,4.190323819810622,49.24_-121.77
49.24,-121.77,106.4815903,1967.127441,263.4815979,45.39327621,67.07124329,56.75128555,200.0,834.0,17.0,0.213944703,9736.394531,0.602607489,5.0,66.83408696,4.217064826128254,49.24_-121.77
49.24,-121.77,106.4815903,1967.127441,263.4815979,45.39327621,67.07124329,56.75128555,200.0,834.0,17.0,0.213944703,9736.394531,0.602607489,5.0,68.92634783,4.2474425142687195,49.24_-121.77
49.24,-121.77,106.4815903,1967.127441,263.4815979,45.39327621,67.07124329,56.75128555,200.0,834.0,17.0,0.213944703,9736.394531,0.602607489,5.0,72.58582609,4.29845242688995,49.24_-121.77
49.24,-121.77,106.4815903,1967.127441,263.4815979,45.39327621,67.07124329,56.75128555,200.0,834.0,17.0,0.213944703,9736.394531,0.602607489,5.0,72.75356522,4.3007293360175955,49.24_-121.77
49.24,-121.77,106.4815903,1967.127441,263.4815979,45.39327621,67.07124329,56.75128555,200.0,834.0,17.0,0.213944703,9736.394531,0.602607489,5.0,72.97347826,4.303706627070969,49.24_-121.77
49.24,-121.77,106.4815903,1967.127441,263.4815979,45.39327621,67.07124329,56.75128555,200.0,834.0,17.0,0.213944703,9736.394531,0.602607489,5.0,74.74408696,4.32736038140865,49.24_-121.77
49.24,-121.77,106.4815903,1967.127441,263.4815979,45.39327621,67.07124329,56.75128555,200.0,834.0,17.0,0.213944703,9736.394531,0.602607489,5.0,75.28156522,4.334431299923901,49.24_-121.77
49.24,-121.77,106.4815903,1967.127441,263.4815979,45.39327621,67.07124329,56.75128555,200.0,834.0,17.0,0.213944703,9736.394531,0.602607489,5.0,77.9113913,4.368325593856411,49.24_-121.77
49.24,-121.77,106.4815903,1967.127441,263.4815979,45.39327621,67.07124329,56.75128555,200.0,834.0,17.0,0.213944703,9736.394531,0.602607489,5.0,78.08878261,4.37057105194858,49.24_-121.77
49.24,-121.77,106.4815903,1967.127441,263.4815979,45.39327621,67.07124329,56.75128555,200.0,834.0,17.0,0.213944703,9736.394531,0.602607489,5.0,81.04573913,4.407276886023149,49.24_-121.77
49.24,-121.77,106.4815903,1967.127441,263.4815979,45.39327621,67.07124329,56.75128555,200.0,834.0,17.0,0.213944703,9736.394531,0.602607489,5.0,81.13921739,4.408415580725536,49.24_-121.77
49.24,-121.77,106.4815903,1967.127441,263.4815979,45.39327621,67.07124329,56.75128555,200.0,834.0,17.0,0.213944703,9736.394531,0.602607489,5.0,87.65947826,4.484802944571418,49.24_-121.77
49.24,-121.77,106.4815903,1967.127441,263.4815979,45.39327621,67.07124329,56.75128555,200.0,834.0,17.0,0.213944703,9736.394531,0.602607489,5.0,88.13373913,4.490137928681965,49.24_-121.77
49.24,-121.77,106.4815903,1967.127441,263.4815979,45.39327621,67.07124329,56.75128555,200.0,834.0,17.0,0.213944703,9736.394531,0.602607489,5.0,89.74626087,4.5080672697616775,49.24_-121.77
49.24,-121.77,106.4815903,1967.127441,263.4815979,45.39327621,67.07124329,56.75128555,200.0,834.0,17.0,0.213944703,9736.394531,0.602607489,5.0,90.468,4.515989184336848,49.24_-121.77
49.24,-121.77,106.4815903,1967.127441,263.4815979,45.39327621,67.07124329,56.75128555,200.0,834.0,17.0,0.213944703,9736.394531,0.602607489,5.0,92.44756522,4.537400479201531,49.24_-121.77
49.24,-121.77,106.4815903,1967.127441,263.4815979,45.39327621,67.07124329,56.75128555,200.0,834.0,17.0,0.213944703,9736.394531,0.602607489,5.0,99.88330435,4.6139644463739895,49.24_-121.77
49.24,-121.77,106.4815903,1967.127441,263.4815979,45.39327621,67.07124329,56.75128555,200.0,834.0,17.0,0.213944703,9736.394531,0.602607489,5.0,101.2264348,4.627190301857758,49.24_-121.77
49.24,-121.77,106.4815903,1967.127441,263.4815979,45.39327621,67.07124329,56.75128555,200.0,834.0,17.0,0.213944703,9736.394531,0.602607489,5.0,101.873913,4.633504092720269,49.24_-121.77
49.24,-121.77,106.4815903,1967.127441,263.4815979,45.39327621,67.07124329,56.75128555,200.0,834.0,17.0,0.213944703,9736.394531,0.602607489,5.0,108.8684348,4.699283602684311,49.24_-121.77
49.24,-121.77,106.4815903,1967.127441,263.4815979,45.39327621,67.07124329,56.75128555,200.0,834.0,17.0,0.213944703,9736.394531,0.602607489,5.0,110.188087,4.711223244782551,49.24_-121.77
49.24,-121.77,106.4815903,1967.127441,263.4815979,45.39327621,67.07124329,56.75128555,200.0,834.0,17.0,0.213944703,9736.394531,0.602607489,5.0,110.496087,4.713989496113955,49.24_-121.77
49.24,-121.77,106.4815903,1967.127441,263.4815979,45.39327621,67.07124329,56.75128555,200.0,834.0,17.0,0.213944703,9736.394531,0.602607489,5.0,111.0913043,4.7193137561505125,49.24_-121.77
49.24,-121.77,106.4815903,1967.127441,263.4815979,45.39327621,67.07124329,56.75128555,200.0,834.0,17.0,0.213944703,9736.394531,0.602607489,5.0,112.3587826,4.730557856086932,49.24_-121.77
49.24,-121.77,106.4815903,1967.127441,263.4815979,45.39327621,67.07124329,56.75128555,200.0,834.0,17.0,0.213944703,9736.394531,0.602607489,5.0,114.2270435,4.746904473315876,49.24_-121.77
49.24,-121.77,106.4815903,1967.127441,263.4815979,45.39327621,67.07124329,56.75128555,200.0,834.0,17.0,0.213944703,9736.394531,0.602607489,5.0,121.9143478,4.811487753452035,49.24_-121.77
49.24,-121.77,106.4815903,1967.127441,263.4815979,45.39327621,67.07124329,56.75128555,200.0,834.0,17.0,0.213944703,9736.394531,0.602607489,5.0,127.310087,4.854449888952056,49.24_-121.77
49.24,-121.77,106.4815903,1967.127441,263.4815979,45.39327621,67.07124329,56.75128555,200.0,834.0,17.0,0.213944703,9736.394531,0.602607489,5.0,147.9677391,5.003729766395081,49.24_-121.77
49.24,-121.77,106.4815903,1967.127441,263.4815979,45.39327621,67.07124329,56.75128555,200.0,834.0,17.0,0.213944703,9736.394531,0.602607489,5.0,152.9675652,5.0367419646466365,49.24_-121.77
49.24,-121.77,106.4815903,1967.127441,263.4815979,45.39327621,67.07124329,56.75128555,200.0,834.0,17.0,0.213944703,9736.394531,0.602607489,5.0,173.852087,5.163940399383248,49.24_-121.77
49.24,-121.77,106.4815903,1967.127441,263.4815979,45.39327621,67.07124329,56.75128555,200.0,834.0,17.0,0.213944703,9736.394531,0.602607489,5.0,174.8405217,5.169577457552639,49.24_-121.77
49.24,-121.77,106.4815903,1967.127441,263.4815979,45.39327621,67.07124329,56.75128555,200.0,834.0,17.0,0.213944703,9736.394531,0.602607489,5.0,174.9614783,5.170265097786442,49.24_-121.77
49.24,-121.77,106.4815903,1967.127441,263.4815979,45.39327621,67.07124329,56.75128555,200.0,834.0,17.0,0.213944703,9736.394531,0.602607489,5.0,187.4218261,5.23868320521988,49.24_-121.77
49.24,-121.77,106.4815903,1967.127441,263.4815979,45.39327621,67.07124329,56.75128555,200.0,834.0,17.0,0.213944703,9736.394531,0.602607489,5.0,229.5001739,5.440251616883273,49.24_-121.77
-6.44,-77.53,179.5827179,1578.276123,227.5827179,49.19164658,45.70562744,52.62617874,200.0,812.0,1681.0,5.193297386,15334.86426,0.597537875,1.0,0.512820513,0.41397579789471706,-6.44_-77.53
-6.44,-77.53,179.5827179,1578.276123,227.5827179,49.19164658,45.70562744,52.62617874,200.0,812.0,1681.0,5.193297386,15334.86426,0.597537875,1.0,0.683760684,0.5210297940823644,-6.44_-77.53
-6.44,-77.53,179.5827179,1578.276123,227.5827179,49.19164658,45.70562744,52.62617874,200.0,812.0,1681.0,5.193297386,15334.86426,0.597537875,1.0,0.726495726,0.5460937623163199,-6.44_-77.53
-6.44,-77.53,179.5827179,1578.276123,227.5827179,49.19164658,45.70562744,52.62617874,200.0,812.0,1681.0,5.193297386,15334.86426,0.597537875,1.0,0.769230769,0.5705448583371782,-6.44_-77.53
-6.44,-77.53,179.5827179,1578.276123,227.5827179,49.19164658,45.70562744,52.62617874,200.0,812.0,1681.0,5.193297386,15334.86426,0.597537875,1.0,0.769230769,0.5705448583371782,-6.44_-77.53
-6.44,-77.53,179.5827179,1578.276123,227.5827179,49.19164658,45.70562744,52.62617874,200.0,812.0,1681.0,5.193297386,15334.86426,0.597537875,1.0,0.811965812,0.5944123398931243,-6.44_-77.53
-6.44,-77.53,179.5827179,1578.276123,227.5827179,49.19164658,45.70562744,52.62617874,200.0,812.0,1681.0,5.193297386,15334.86426,0.597537875,1.0,0.897435897,0.6405034468447937,-6.44_-77.53
-6.44,-77.53,179.5827179,1578.276123,227.5827179,49.19164658,45.70562744,52.62617874,200.0,812.0,1681.0,5.193297386,15334.86426,0.597537875,1.0,0.94017094,0.6627760825955409,-6.44_-77.53
-6.44,-77.53,179.5827179,1578.276123,227.5827179,49.19164658,45.70562744,52.62617874,200.0,812.0,1681.0,5.193297386,15334.86426,0.597537875,1.0,0.94017094,0.6627760825955409,-6.44_-77.53
-6.44,-77.53,179.5827179,1578.276123,227.5827179,49.19164658,45.70562744,52.62617874,200.0,812.0,1681.0,5.193297386,15334.86426,0.597537875,1.0,0.94017094,0.6627760825955409,-6.44_-77.53
-6.44,-77.53,179.5827179,1578.276123,227.5827179,49.19164658,45.70562744,52.62617874,200.0,812.0,1681.0,5.193297386,15334.86426,0.597537875,1.0,0.94017094,0.6627760825955409,-6.44_-77.53
-6.44,-77.53,179.5827179,1578.276123,227.5827179,49.19164658,45.70562744,52.62617874,200.0,812.0,1681.0,5.193297386,15334.86426,0.597537875,1.0,1.111111111,0.7472144017775895,-6.44_-77.53
45.42,-73.93,69.5,1044.141479,253.5,14.09832764,40.76091003,61.16116714,200.0,826.0,34.0,0.321285009,6252.561523,0.741488218,4.0,0.61,0.4762341789963716,45.42_-73.93
45.42,-73.93,69.5,1044.141479,253.5,14.09832764,40.76091003,61.16116714,200.0,826.0,34.0,0.321285009,6252.561523,0.741488218,4.0,0.79,0.5822156198526637,45.42_-73.93
45.42,-73.93,69.5,1044.141479,253.5,14.09832764,40.76091003,61.16116714,200.0,826.0,34.0,0.321285009,6252.561523,0.741488218,4.0,1.0,0.6931471805599453,45.42_-73.93
45.42,-73.93,69.5,1044.141479,253.5,14.09832764,40.76091003,61.16116714,200.0,826.0,34.0,0.321285009,6252.561523,0.741488218,4.0,1.28,0.8241754429663495,45.42_-73.93
45.42,-73.93,69.5,1044.141479,253.5,14.09832764,40.76091003,61.16116714,200.0,826.0,34.0,0.321285009,6252.561523,0.741488218,4.0,1.37,0.8628899551470399,45.42_-73.93
45.42,-73.93,69.5,1044.141479,253.5,14.09832764,40.76091003,61.16116714,200.0,826.0,34.0,0.321285009,6252.561523,0.741488218,4.0,1.42,0.8837675401685949,45.42_-73.93
45.42,-73.93,69.5,1044.141479,253.5,14.09832764,40.76091003,61.16116714,200.0,826.0,34.0,0.321285009,6252.561523,0.741488218,4.0,1.51,0.9202827531436926,45.42_-73.93
45.42,-73.93,69.5,1044.141479,253.5,14.09832764,40.76091003,61.16116714,200.0,826.0,34.0,0.321285009,6252.561523,0.741488218,4.0,1.53,0.9282193027394289,45.42_-73.93
45.42,-73.93,69.5,1044.141479,253.5,14.09832764,40.76091003,61.16116714,200.0,826.0,34.0,0.321285009,6252.561523,0.741488218,4.0,1.61,0.9593502213346021,45.42_-73.93
45.42,-73.93,69.5,1044.141479,253.5,14.09832764,40.76091003,61.16116714,200.0,826.0,34.0,0.321285009,6252.561523,0.741488218,4.0,1.66,0.9783261227936076,45.42_-73.93
45.42,-73.93,69.5,1044.141479,253.5,14.09832764,40.76091003,61.16116714,200.0,826.0,34.0,0.321285009,6252.561523,0.741488218,4.0,1.73,1.0043016091968684,45.42_-73.93
45.42,-73.93,69.5,1044.141479,253.5,14.09832764,40.76091003,61.16116714,200.0,826.0,34.0,0.321285009,6252.561523,0.741488218,4.0,1.87,1.0543120297715298,45.42_-73.93
45.42,-73.93,69.5,1044.141479,253.5,14.09832764,40.76091003,61.16116714,200.0,826.0,34.0,0.321285009,6252.561523,0.741488218,4.0,1.9,1.0647107369924282,45.42_-73.93
45.42,-73.93,69.5,1044.141479,253.5,14.09832764,40.76091003,61.16116714,200.0,826.0,34.0,0.321285009,6252.561523,0.741488218,4.0,1.92,1.0715836162801904,45.42_-73.93
45.42,-73.93,69.5,1044.141479,253.5,14.09832764,40.76091003,61.16116714,200.0,826.0,34.0,0.321285009,6252.561523,0.741488218,4.0,1.93,1.0750024230289759,45.42_-73.93
45.42,-73.93,69.5,1044.141479,253.5,14.09832764,40.76091003,61.16116714,200.0,826.0,34.0,0.321285009,6252.561523,0.741488218,4.0,2.08,1.1249295969854831,45.42_-73.93
45.42,-73.93,69.5,1044.141479,253.5,14.09832764,40.76091003,61.16116714,200.0,826.0,34.0,0.321285009,6252.561523,0.741488218,4.0,2.13,1.1410330045520618,45.42_-73.93
45.42,-73.93,69.5,1044.141479,253.5,14.09832764,40.76091003,61.16116714,200.0,826.0,34.0,0.321285009,6252.561523,0.741488218,4.0,2.21,1.1662709371419244,45.42_-73.93
45.42,-73.93,69.5,1044.141479,253.5,14.09832764,40.76091003,61.16116714,200.0,826.0,34.0,0.321285009,6252.561523,0.741488218,4.0,2.34,1.205970806988609,45.42_-73.93
45.42,-73.93,69.5,1044.141479,253.5,14.09832764,40.76091003,61.16116714,200.0,826.0,34.0,0.321285009,6252.561523,0.741488218,4.0,2.72,1.3137236682850553,45.42_-73.93
45.42,-73.93,69.5,1044.141479,253.5,14.09832764,40.76091003,61.16116714,200.0,826.0,34.0,0.321285009,6252.561523,0.741488218,4.0,2.82,1.3402504226184837,45.42_-73.93
45.42,-73.93,69.5,1044.141479,253.5,14.09832764,40.76091003,61.16116714,200.0,826.0,34.0,0.321285009,6252.561523,0.741488218,4.0,2.88,1.355835153635182,45.42_-73.93
45.42,-73.93,69.5,1044.141479,253.5,14.09832764,40.76091003,61.16116714,200.0,826.0,34.0,0.321285009,6252.561523,0.741488218,4.0,3.23,1.4422019930581866,45.42_-73.93
43.63,116.7,26.49971962,318.2250977,255.4832764,104.7983246,36.90354156,79.90888977,200.0,1063.0,1184.5,0.628689766,2206.57959,0.292899013,8.0,1.002573529,0.6944331178880137,43.63_116.7
43.63,116.7,26.49971962,318.2250977,255.4832764,104.7983246,36.90354156,79.90888977,200.0,1063.0,1184.5,0.628689766,2206.57959,0.292899013,8.0,1.393235294,0.8726461300432463,43.63_116.7
43.63,116.7,26.49971962,318.2250977,255.4832764,104.7983246,36.90354156,79.90888977,200.0,1063.0,1184.5,0.628689766,2206.57959,0.292899013,8.0,1.395735294,0.8736901958528644,43.63_116.7
43.63,116.7,26.49971962,318.2250977,255.4832764,104.7983246,36.90354156,79.90888977,200.0,1063.0,1184.5,0.628689766,2206.57959,0.292899013,8.0,1.429485294,0.8876794217481554,43.63_116.7
43.63,116.7,26.49971962,318.2250977,255.4832764,104.7983246,36.90354156,79.90888977,200.0,1063.0,1184.5,0.628689766,2206.57959,0.292899013,8.0,1.624191176,0.9647727251352387,43.63_116.7
43.63,116.7,26.49971962,318.2250977,255.4832764,104.7983246,36.90354156,79.90888977,200.0,1063.0,1184.5,0.628689766,2206.57959,0.292899013,8.0,1.964779412,1.0868026323802171,43.63_116.7
43.63,116.7,26.49971962,318.2250977,255.4832764,104.7983246,36.90354156,79.90888977,200.0,1063.0,1184.5,0.628689766,2206.57959,0.292899013,8.0,2.159338235,1.1503625863637388,43.63_116.7
43.63,116.7,26.49971962,318.2250977,255.4832764,104.7983246,36.90354156,79.90888977,200.0,1063.0,1184.5,0.628689766,2206.57959,0.292899013,8.0,2.290588235,1.191066343628216,43.63_116.7
43.63,116.7,26.49971962,318.2250977,255.4832764,104.7983246,36.90354156,79.90888977,200.0,1063.0,1184.5,0.628689766,2206.57959,0.292899013,8.0,2.295514706,1.1925623639494747,43.63_116.7
43.63,116.7,26.49971962,318.2250977,255.4832764,104.7983246,36.90354156,79.90888977,200.0,1063.0,1184.5,0.628689766,2206.57959,0.292899013,8.0,2.323235294,1.2009387945695922,43.63_116.7
43.63,116.7,26.49971962,318.2250977,255.4832764,104.7983246,36.90354156,79.90888977,200.0,1063.0,1184.5,0.628689766,2206.57959,0.292899013,8.0,2.418970588,1.229339508104807,43.63_116.7
43.63,116.7,26.49971962,318.2250977,255.4832764,104.7983246,36.90354156,79.90888977,200.0,1063.0,1184.5,0.628689766,2206.57959,0.292899013,8.0,2.434117647,1.2337600213526234,43.63_116.7
43.63,116.7,26.49971962,318.2250977,255.4832764,104.7983246,36.90354156,79.90888977,200.0,1063.0,1184.5,0.628689766,2206.57959,0.292899013,8.0,2.568161765,1.2720505514142546,43.63_116.7
43.63,116.7,26.49971962,318.2250977,255.4832764,104.7983246,36.90354156,79.90888977,200.0,1063.0,1184.5,0.628689766,2206.57959,0.292899013,8.0,2.582720588,1.2761224525859434,43.63_116.7
43.63,116.7,26.49971962,318.2250977,255.4832764,104.7983246,36.90354156,79.90888977,200.0,1063.0,1184.5,0.628689766,2206.57959,0.292899013,8.0,2.582720588,1.2761224525859434,43.63_116.7
43.63,116.7,26.49971962,318.2250977,255.4832764,104.7983246,36.90354156,79.90888977,200.0,1063.0,1184.5,0.628689766,2206.57959,0.292899013,8.0,2.681102941,1.3032124195043626,43.63_116.7
43.63,116.7,26.49971962,318.2250977,255.4832764,104.7983246,36.90354156,79.90888977,200.0,1063.0,1184.5,0.628689766,2206.57959,0.292899013,8.0,2.718970588,1.3134469063340855,43.63_116.7
43.63,116.7,26.49971962,318.2250977,255.4832764,104.7983246,36.90354156,79.90888977,200.0,1063.0,1184.5,0.628689766,2206.57959,0.292899013,8.0,2.743235294,1.3199502893563653,43.63_116.7
43.63,116.7,26.49971962,318.2250977,255.4832764,104.7983246,36.90354156,79.90888977,200.0,1063.0,1184.5,0.628689766,2206.57959,0.292899013,8.0,2.870073529,1.3532735066027997,43.63_116.7
43.63,116.7,26.49971962,318.2250977,255.4832764,104.7983246,36.90354156,79.90888977,200.0,1063.0,1184.5,0.628689766,2206.57959,0.292899013,8.0,2.908529412,1.3631611937874553,43.63_116.7
43.63,116.7,26.49971962,318.2250977,255.4832764,104.7983246,36.90354156,79.90888977,200.0,1063.0,1184.5,0.628689766,2206.57959,0.292899013,8.0,3.176176471,1.4293961080687034,43.63_116.7
43.63,116.7,26.49971962,318.2250977,255.4832764,104.7983246,36.90354156,79.90888977,200.0,1063.0,1184.5,0.628689766,2206.57959,0.292899013,8.0,3.298529412,1.4582729669958319,43.63_116.7
43.63,116.7,26.49971962,318.2250977,255.4832764,104.7983246,36.90354156,79.90888977,200.0,1063.0,1184.5,0.628689766,2206.57959,0.292899013,8.0,3.307647059,1.4603918290577291,43.63_116.7
43.63,116.7,26.49971962,318.2250977,255.4832764,104.7983246,36.90354156,79.90888977,200.0,1063.0,1184.5,0.628689766,2206.57959,0.292899013,8.0,3.446323529,1.4920775814505072,43.63_116.7
43.63,116.7,26.49971962,318.2250977,255.4832764,104.7983246,36.90354156,79.90888977,200.0,1063.0,1184.5,0.628689766,2206.57959,0.292899013,8.0,3.472426471,1.4979310960196475,43.63_116.7
43.63,116.7,26.49971962,318.2250977,255.4832764,104.7983246,36.90354156,79.90888977,200.0,1063.0,1184.5,0.628689766,2206.57959,0.292899013,8.0,3.584926471,1.5227740687205125,43.63_116.7
43.63,116.7,26.49971962,318.2250977,255.4832764,104.7983246,36.90354156,79.90888977,200.0,1063.0,1184.5,0.628689766,2206.57959,0.292899013,8.0,3.729558824,1.5538319262721425,43.63_116.7
43.63,116.7,26.49971962,318.2250977,255.4832764,104.7983246,36.90354156,79.90888977,200.0,1063.0,1184.5,0.628689766,2206.57959,0.292899013,8.0,3.847941176,1.5785541150300335,43.63_116.7
43.63,116.7,26.49971962,318.2250977,255.4832764,104.7983246,36.90354156,79.90888977,200.0,1063.0,1184.5,0.628689766,2206.57959,0.292899013,8.0,4.1025,1.6297306157018627,43.63_116.7
43.63,116.7,26.49971962,318.2250977,255.4832764,104.7983246,36.90354156,79.90888977,200.0,1063.0,1184.5,0.628689766,2206.57959,0.292899013,8.0,4.203382353,1.6493088666348426,43.63_116.7
43.63,116.7,26.49971962,318.2250977,255.4832764,104.7983246,36.90354156,79.90888977,200.0,1063.0,1184.5,0.628689766,2206.57959,0.292899013,8.0,4.241102941,1.6565319611077713,43.63_116.7
43.63,116.7,26.49971962,318.2250977,255.4832764,104.7983246,36.90354156,79.90888977,200.0,1063.0,1184.5,0.628689766,2206.57959,0.292899013,8.0,4.280735294,1.6640653482496375,43.63_116.7
43.63,116.7,26.49971962,318.2250977,255.4832764,104.7983246,36.90354156,79.90888977,200.0,1063.0,1184.5,0.628689766,2206.57959,0.292899013,8.0,4.283970588,1.6646778204068886,43.63_116.7
43.63,116.7,26.49971962,318.2250977,255.4832764,104.7983246,36.90354156,79.90888977,200.0,1063.0,1184.5,0.628689766,2206.57959,0.292899013,8.0,4.356323529,1.6782778309710125,43.63_116.7
43.63,116.7,26.49971962,318.2250977,255.4832764,104.7983246,36.90354156,79.90888977,200.0,1063.0,1184.5,0.628689766,2206.57959,0.292899013,8.0,4.586397059,1.72033454609244,43.63_116.7
43.63,116.7,26.49971962,318.2250977,255.4832764,104.7983246,36.90354156,79.90888977,200.0,1063.0,1184.5,0.628689766,2206.57959,0.292899013,8.0,4.679632353,1.7368865040536972,43.63_116.7
43.63,116.7,26.49971962,318.2250977,255.4832764,104.7983246,36.90354156,79.90888977,200.0,1063.0,1184.5,0.628689766,2206.57959,0.292899013,8.0,4.752867647,1.7496984517065564,43.63_116.7
43.63,116.7,26.49971962,318.2250977,255.4832764,104.7983246,36.90354156,79.90888977,200.0,1063.0,1184.5,0.628689766,2206.57959,0.292899013,8.0,4.803161765,1.7584029009185096,43.63_116.7
43.63,116.7,26.49971962,318.2250977,255.4832764,104.7983246,36.90354156,79.90888977,200.0,1063.0,1184.5,0.628689766,2206.57959,0.292899013,8.0,5.010661765,1.793534853134302,43.63_116.7
43.63,116.7,26.49971962,318.2250977,255.4832764,104.7983246,36.90354156,79.90888977,200.0,1063.0,1184.5,0.628689766,2206.57959,0.292899013,8.0,5.049705882,1.80000965631557,43.63_116.7
43.63,116.7,26.49971962,318.2250977,255.4832764,104.7983246,36.90354156,79.90888977,200.0,1063.0,1184.5,0.628689766,2206.57959,0.292899013,8.0,5.983823529,1.9435965503200097,43.63_116.7
43.63,116.7,26.49971962,318.2250977,255.4832764,104.7983246,36.90354156,79.90888977,200.0,1063.0,1184.5,0.628689766,2206.57959,0.292899013,8.0,6.537132353,2.0198417851423365,43.63_116.7
46.92,-114.01,79.3829422,458.3264465,283.3829346,30.60501671,22.86289024,68.0009079,200.0,382.0,1061.0,2.964846373,2561.204102,0.392868161,8.0,30.2429771,3.441794618126211,46.92_-114.01
46.92,-114.01,79.3829422,458.3264465,283.3829346,30.60501671,22.86289024,68.0009079,200.0,382.0,1061.0,2.964846373,2561.204102,0.392868161,8.0,33.91412214,3.552891393206602,46.92_-114.01
46.92,-114.01,79.3829422,458.3264465,283.3829346,30.60501671,22.86289024,68.0009079,200.0,382.0,1061.0,2.964846373,2561.204102,0.392868161,8.0,34.0889313,3.5578857331609695,46.92_-114.01
46.92,-114.01,79.3829422,458.3264465,283.3829346,30.60501671,22.86289024,68.0009079,200.0,382.0,1061.0,2.964846373,2561.204102,0.392868161,8.0,34.43854962,3.5678001999558653,46.92_-114.01
46.92,-114.01,79.3829422,458.3264465,283.3829346,30.60501671,22.86289024,68.0009079,200.0,382.0,1061.0,2.964846373,2561.204102,0.392868161,8.0,34.78816794,3.5776173343087416,46.92_-114.01
46.92,-114.01,79.3829422,458.3264465,283.3829346,30.60501671,22.86289024,68.0009079,200.0,382.0,1061.0,2.964846373,2561.204102,0.392868161,8.0,36.53633588,3.6253094206407486,46.92_-114.01
46.92,-114.01,79.3829422,458.3264465,283.3829346,30.60501671,22.86289024,68.0009079,200.0,382.0,1061.0,2.964846373,2561.204102,0.392868161,8.0,38.63412214,3.679690417437805,46.92_-114.01
46.92,-114.01,79.3829422,458.3264465,283.3829346,30.60501671,22.86289024,68.0009079,200.0,382.0,1061.0,2.964846373,2561.204102,0.392868161,8.0,40.7319084,3.7312660256450085,46.92_-114.01
46.92,-114.01,79.3829422,458.3264465,283.3829346,30.60501671,22.86289024,68.0009079,200.0,382.0,1061.0,2.964846373,2561.204102,0.392868161,8.0,40.90671756,3.735446137705318,46.92_-114.01
46.92,-114.01,79.3829422,458.3264465,283.3829346,30.60501671,22.86289024,68.0009079,200.0,382.0,1061.0,2.964846373,2561.204102,0.392868161,8.0,43.5289313,3.796139119494753,46.92_-114.01
46.92,-114.01,79.3829422,458.3264465,283.3829346,30.60501671,22.86289024,68.0009079,200.0,382.0,1061.0,2.964846373,2561.204102,0.392868161,8.0,47.54969466,3.882587905531151,46.92_-114.01
46.92,-114.01,79.3829422,458.3264465,283.3829346,30.60501671,22.86289024,68.0009079,200.0,382.0,1061.0,2.964846373,2561.204102,0.392868161,8.0,58.56305344,4.087035473123613,46.92_-114.01
46.92,-114.01,79.3829422,458.3264465,283.3829346,30.60501671,22.86289024,68.0009079,200.0,382.0,1061.0,2.964846373,2561.204102,0.392868161,8.0,63.10824427,4.160572971412957,46.92_-114.01
45.4,-93.2,70.48357391,860.6798706,276.4835815,50.69832993,72.35490417,57.16270065,200.0,1422.0,275.0,0.437510222,4475.833984,0.369695306,4.0,5.477191781,1.8682870493038806,45.4_-93.2
45.4,-93.2,70.48357391,860.6798706,276.4835815,50.69832993,72.35490417,57.16270065,200.0,1422.0,275.0,0.437510222,4475.833984,0.369695306,4.0,6.666986301,2.036923617826759,45.4_-93.2
45.4,-93.2,70.48357391,860.6798706,276.4835815,50.69832993,72.35490417,57.16270065,200.0,1422.0,275.0,0.437510222,4475.833984,0.369695306,4.0,7.364452055,2.12399082781031,45.4_-93.2
45.4,-93.2,70.48357391,860.6798706,276.4835815,50.69832993,72.35490417,57.16270065,200.0,1422.0,275.0,0.437510222,4475.833984,0.369695306,4.0,7.651643836,2.157749341732625,45.4_-93.2
45.4,-93.2,70.48357391,860.6798706,276.4835815,50.69832993,72.35490417,57.16270065,200.0,1422.0,275.0,0.437510222,4475.833984,0.369695306,4.0,7.938835616,2.190405336407596,45.4_-93.2
45.4,-93.2,70.48357391,860.6798706,276.4835815,50.69832993,72.35490417,57.16270065,200.0,1422.0,275.0,0.437510222,4475.833984,0.369695306,4.0,8.226027397,2.2220285546738165,45.4_-93.2
45.4,-93.2,70.48357391,860.6798706,276.4835815,50.69832993,72.35490417,57.16270065,200.0,1422.0,275.0,0.437510222,4475.833984,0.369695306,4.0,8.759383562,2.2782292387992,45.4_-93.2
45.4,-93.2,70.48357391,860.6798706,276.4835815,50.69832993,72.35490417,57.16270065,200.0,1422.0,275.0,0.437510222,4475.833984,0.369695306,4.0,8.882465753,2.2907620507640294,45.4_-93.2
45.4,-93.2,70.48357391,860.6798706,276.4835815,50.69832993,72.35490417,57.16270065,200.0,1422.0,275.0,0.437510222,4475.833984,0.369695306,4.0,9.08760274,2.3113072184264816,45.4_-93.2
45.4,-93.2,70.48357391,860.6798706,276.4835815,50.69832993,72.35490417,57.16270065,200.0,1422.0,275.0,0.437510222,4475.833984,0.369695306,4.0,9.333767123,2.335416894581077,45.4_-93.2
45.4,-93.2,70.48357391,860.6798706,276.4835815,50.69832993,72.35490417,57.16270065,200.0,1422.0,275.0,0.437510222,4475.833984,0.369695306,4.0,9.579931507,2.3589589525906725,45.4_-93.2
45.4,-93.2,70.48357391,860.6798706,276.4835815,50.69832993,72.35490417,57.16270065,200.0,1422.0,275.0,0.437510222,4475.833984,0.369695306,4.0,9.703013699,2.3705253559229367,45.4_-93.2
45.4,-93.2,70.48357391,860.6798706,276.4835815,50.69832993,72.35490417,57.16270065,200.0,1422.0,275.0,0.437510222,4475.833984,0.369695306,4.0,10.03123288,2.4007306021776915,45.4_-93.2
45.4,-93.2,70.48357391,860.6798706,276.4835815,50.69832993,72.35490417,57.16270065,200.0,1422.0,275.0,0.437510222,4475.833984,0.369695306,4.0,10.23636986,2.4191558261085615,45.4_-93.2
45.4,-93.2,70.48357391,860.6798706,276.4835815,50.69832993,72.35490417,57.16270065,200.0,1422.0,275.0,0.437510222,4475.833984,0.369695306,4.0,10.27739726,2.422800480083789,45.4_-93.2
45.4,-93.2,70.48357391,860.6798706,276.4835815,50.69832993,72.35490417,57.16270065,200.0,1422.0,275.0,0.437510222,4475.833984,0.369695306,4.0,10.76972603,2.465530644025911,45.4_-93.2
44.57,123.0,66.5,392.898407,284.5,115.3000031,29.05951118,85.55046844,200.0,1146.0,149.5,0.114543729,1902.834351,0.552007496,8.0,0.015839416,0.01571528154615343,44.57_123.0
44.57,123.0,66.5,392.898407,284.5,115.3000031,29.05951118,85.55046844,200.0,1146.0,149.5,0.114543729,1902.834351,0.552007496,8.0,0.017007299,0.016864294031818865,44.57_123.0
44.57,123.0,66.5,392.898407,284.5,115.3000031,29.05951118,85.55046844,200.0,1146.0,149.5,0.114543729,1902.834351,0.552007496,8.0,0.017372263,0.017223090404661405,44.57_123.0
44.57,123.0,66.5,392.898407,284.5,115.3000031,29.05951118,85.55046844,200.0,1146.0,149.5,0.114543729,1902.834351,0.552007496,8.0,0.018978102,0.018800264313900764,44.57_123.0
44.57,123.0,66.5,392.898407,284.5,115.3000031,29.05951118,85.55046844,200.0,1146.0,149.5,0.114543729,1902.834351,0.552007496,8.0,0.019124088,0.01894352111521912,44.57_123.0
44.57,123.0,66.5,392.898407,284.5,115.3000031,29.05951118,85.55046844,200.0,1146.0,149.5,0.114543729,1902.834351,0.552007496,8.0,0.020072993,0.019874186500464665,44.57_123.0
44.57,123.0,66.5,392.898407,284.5,115.3000031,29.05951118,85.55046844,200.0,1146.0,149.5,0.114543729,1902.834351,0.552007496,8.0,0.021094891,0.020875474139162013,44.57_123.0
44.57,123.0,66.5,392.898407,284.5,115.3000031,29.05951118,85.55046844,200.0,1146.0,149.5,0.114543729,1902.834351,0.552007496,8.0,0.021094891,0.020875474139162013,44.57_123.0
44.57,123.0,66.5,392.898407,284.5,115.3000031,29.05951118,85.55046844,200.0,1146.0,149.5,0.114543729,1902.834351,0.552007496,8.0,0.021240876,0.02101843300283903,44.57_123.0
44.57,123.0,66.5,392.898407,284.5,115.3000031,29.05951118,85.55046844,200.0,1146.0,149.5,0.114543729,1902.834351,0.552007496,8.0,0.022043796,0.021804344092302124,44.57_123.0
44.57,123.0,66.5,392.898407,284.5,115.3000031,29.05951118,85.55046844,200.0,1146.0,149.5,0.114543729,1902.834351,0.552007496,8.0,0.023211679,0.022946385408128545,44.57_123.0
44.57,123.0,66.5,392.898407,284.5,115.3000031,29.05951118,85.55046844,200.0,1146.0,149.5,0.114543729,1902.834351,0.552007496,8.0,0.023430657,0.023160372969104705,44.57_123.0
44.57,123.0,66.5,392.898407,284.5,115.3000031,29.05951118,85.55046844,200.0,1146.0,149.5,0.114543729,1902.834351,0.552007496,8.0,0.023722628,0.023445618831365273,44.57_123.0
44.57,123.0,66.5,392.898407,284.5,115.3000031,29.05951118,85.55046844,200.0,1146.0,149.5,0.114543729,1902.834351,0.552007496,8.0,0.023722628,0.023445618831365273,44.57_123.0
44.57,123.0,66.5,392.898407,284.5,115.3000031,29.05951118,85.55046844,200.0,1146.0,149.5,0.114543729,1902.834351,0.552007496,8.0,0.024306569,0.024015865599994614,44.57_123.0
44.57,123.0,66.5,392.898407,284.5,115.3000031,29.05951118,85.55046844,200.0,1146.0,149.5,0.114543729,1902.834351,0.552007496,8.0,0.024525547,0.0242296244522927,44.57_123.0
44.57,123.0,66.5,392.898407,284.5,115.3000031,29.05951118,85.55046844,200.0,1146.0,149.5,0.114543729,1902.834351,0.552007496,8.0,0.025474453,0.025155386469629767,44.57_123.0
44.57,123.0,66.5,392.898407,284.5,115.3000031,29.05951118,85.55046844,200.0,1146.0,149.5,0.114543729,1902.834351,0.552007496,8.0,0.025547445,0.02522656269656522,44.57_123.0
44.57,123.0,66.5,392.898407,284.5,115.3000031,29.05951118,85.55046844,200.0,1146.0,149.5,0.114543729,1902.834351,0.552007496,8.0,0.026058394,0.025724659359043944,44.57_123.0
44.57,123.0,66.5,392.898407,284.5,115.3000031,29.05951118,85.55046844,200.0,1146.0,149.5,0.114543729,1902.834351,0.552007496,8.0,0.026131387,0.025795796054788735,44.57_123.0
44.57,123.0,66.5,392.898407,284.5,115.3000031,29.05951118,85.55046844,200.0,1146.0,149.5,0.114543729,1902.834351,0.552007496,8.0,0.026788321,0.026435795777976476,44.57_123.0
44.57,123.0,66.5,392.898407,284.5,115.3000031,29.05951118,85.55046844,200.0,1146.0,149.5,0.114543729,1902.834351,0.552007496,8.0,0.027153285,0.026791174920961783,44.57_123.0
44.57,123.0,66.5,392.898407,284.5,115.3000031,29.05951118,85.55046844,200.0,1146.0,149.5,0.114543729,1902.834351,0.552007496,8.0,0.027737226,0.027359517625930748,44.57_123.0
44.57,123.0,66.5,392.898407,284.5,115.3000031,29.05951118,85.55046844,200.0,1146.0,149.5,0.114543729,1902.834351,0.552007496,8.0,0.027883212,0.02750155357531785,44.57_123.0
42.04,116.29,38.5,377.0149536,248.5167236,104.8016586,24.78186798,80.79751587,200.0,1073.0,1331.5,0.779401362,1958.37207,0.38675943,8.0,0.51459854,0.41515041374624256,42.04_116.29
42.04,116.29,38.5,377.0149536,248.5167236,104.8016586,24.78186798,80.79751587,200.0,1073.0,1331.5,0.779401362,1958.37207,0.38675943,8.0,1.10540146,0.7445061662897723,42.04_116.29
42.04,116.29,38.5,377.0149536,248.5167236,104.8016586,24.78186798,80.79751587,200.0,1073.0,1331.5,0.779401362,1958.37207,0.38675943,8.0,1.318832117,0.8410636610861579,42.04_116.29
42.04,116.29,38.5,377.0149536,248.5167236,104.8016586,24.78186798,80.79751587,200.0,1073.0,1331.5,0.779401362,1958.37207,0.38675943,8.0,1.547518248,0.9351196491901674,42.04_116.29
39.11,-96.61,129.4835663,872.2440796,323.4671326,54.30167389,19.15773201,70.53792572,200.0,196.0,324.0,0.92099911,2779.470215,0.323998094,8.0,7.697368421,2.1630204995593036,39.11_-96.61
39.11,-96.61,129.4835663,872.2440796,323.4671326,54.30167389,19.15773201,70.53792572,200.0,196.0,324.0,0.92099911,2779.470215,0.323998094,8.0,13.22368421,2.6549084773158746,39.11_-96.61
39.11,-96.61,129.4835663,872.2440796,323.4671326,54.30167389,19.15773201,70.53792572,200.0,196.0,324.0,0.92099911,2779.470215,0.323998094,8.0,18.68421053,2.9798168184352574,39.11_-96.61
39.11,-96.61,129.4835663,872.2440796,323.4671326,54.30167389,19.15773201,70.53792572,200.0,196.0,324.0,0.92099911,2779.470215,0.323998094,8.0,18.68421053,2.9798168184352574,39.11_-96.61
39.11,-96.61,129.4835663,872.2440796,323.4671326,54.30167389,19.15773201,70.53792572,200.0,196.0,324.0,0.92099911,2779.470215,0.323998094,8.0,20.59210526,3.0723277506575077,39.11_-96.61
39.11,-96.61,129.4835663,872.2440796,323.4671326,54.30167389,19.15773201,70.53792572,200.0,196.0,324.0,0.92099911,2779.470215,0.323998094,8.0,24.60526316,3.2427979225418393,39.11_-96.61
44.57,-123.29,115.4670944,1667.018188,279.483551,71.09833527,37.34430695,57.15184784,200.0,291.0,82.5,1.002367735,7558.831543,0.803551018,8.0,13.0238,2.6407558862508402,44.57_-123.29
44.57,-123.29,115.4670944,1667.018188,279.483551,71.09833527,37.34430695,57.15184784,200.0,291.0,82.5,1.002367735,7558.831543,0.803551018,8.0,13.052,2.6427647344035807,44.57_-123.29
44.57,-123.29,115.4670944,1667.018188,279.483551,71.09833527,37.34430695,57.15184784,200.0,291.0,82.5,1.002367735,7558.831543,0.803551018,8.0,13.528,2.6760778218589376,44.57_-123.29
44.57,-123.29,115.4670944,1667.018188,279.483551,71.09833527,37.34430695,57.15184784,200.0,291.0,82.5,1.002367735,7558.831543,0.803551018,8.0,15.5539,2.8066217236089064,44.57_-123.29
44.57,-123.29,115.4670944,1667.018188,279.483551,71.09833527,37.34430695,57.15184784,200.0,291.0,82.5,1.002367735,7558.831543,0.803551018,8.0,15.8788,2.8260583965934005,44.57_-123.29
44.57,-123.29,115.4670944,1667.018188,279.483551,71.09833527,37.34430695,57.15184784,200.0,291.0,82.5,1.002367735,7558.831543,0.803551018,8.0,16.2604,2.848414860357778,44.57_-123.29
44.57,-123.29,115.4670944,1667.018188,279.483551,71.09833527,37.34430695,57.15184784,200.0,291.0,82.5,1.002367735,7558.831543,0.803551018,8.0,17.6471,2.925690638020519,44.57_-123.29
44.57,-123.29,115.4670944,1667.018188,279.483551,71.09833527,37.34430695,57.15184784,200.0,291.0,82.5,1.002367735,7558.831543,0.803551018,8.0,17.7703,2.9322758334222097,44.57_-123.29
44.57,-123.29,115.4670944,1667.018188,279.483551,71.09833527,37.34430695,57.15184784,200.0,291.0,82.5,1.002367735,7558.831543,0.803551018,8.0,18.0229,2.9456435165777806,44.57_-123.29
44.57,-123.29,115.4670944,1667.018188,279.483551,71.09833527,37.34430695,57.15184784,200.0,291.0,82.5,1.002367735,7558.831543,0.803551018,8.0,18.3678,2.963611893270999,44.57_-123.29
44.57,-123.29,115.4670944,1667.018188,279.483551,71.09833527,37.34430695,57.15184784,200.0,291.0,82.5,1.002367735,7558.831543,0.803551018,8.0,18.8935,2.990393045208386,44.57_-123.29
44.57,-123.29,115.4670944,1667.018188,279.483551,71.09833527,37.34430695,57.15184784,200.0,291.0,82.5,1.002367735,7558.831543,0.803551018,8.0,18.9522,2.9933394129451787,44.57_-123.29
44.57,-123.29,115.4670944,1667.018188,279.483551,71.09833527,37.34430695,57.15184784,200.0,291.0,82.5,1.002367735,7558.831543,0.803551018,8.0,20.5887,3.0721700296522343,44.57_-123.29
44.57,-123.29,115.4670944,1667.018188,279.483551,71.09833527,37.34430695,57.15184784,200.0,291.0,82.5,1.002367735,7558.831543,0.803551018,8.0,22.0687,3.138476720359523,44.57_-123.29
44.57,-123.29,115.4670944,1667.018188,279.483551,71.09833527,37.34430695,57.15184784,200.0,291.0,82.5,1.002367735,7558.831543,0.803551018,8.0,22.4398,3.1544354322492025,44.57_-123.29
44.57,-123.29,115.4670944,1667.018188,279.483551,71.09833527,37.34430695,57.15184784,200.0,291.0,82.5,1.002367735,7558.831543,0.803551018,8.0,24.973,3.257057536908253,44.57_-123.29
44.57,-123.29,115.4670944,1667.018188,279.483551,71.09833527,37.34430695,57.15184784,200.0,291.0,82.5,1.002367735,7558.831543,0.803551018,8.0,27.8871,3.3633951286850725,44.57_-123.29
44.57,-123.29,115.4670944,1667.018188,279.483551,71.09833527,37.34430695,57.15184784,200.0,291.0,82.5,1.002367735,7558.831543,0.803551018,8.0,28.2055,3.3743570477018245,44.57_-123.29
-0.23,-78.36,138.4997101,1057.146118,183.4829865,42.7983551,41.5704155,61.22697067,198.1878052,756.0,2503.0,3.972457886,8546.794922,0.814591467,1.0,0.765217391,0.5682738505061234,-0.23_-78.36
-0.23,-78.36,138.4997101,1057.146118,183.4829865,42.7983551,41.5704155,61.22697067,198.1878052,756.0,2503.0,3.972457886,8546.794922,0.814591467,1.0,0.765217391,0.5682738505061234,-0.23_-78.36
-0.23,-78.36,138.4997101,1057.146118,183.4829865,42.7983551,41.5704155,61.22697067,198.1878052,756.0,2503.0,3.972457886,8546.794922,0.814591467,1.0,0.982608696,0.6844135007666293,-0.23_-78.36
37.4,-122.22,140.5166931,754.4686279,244.5498352,91.40167236,33.87889862,65.34775543,199.6605072,643.0,96.0,7.73054409,9937.915039,0.524386048,12.0,17.46428571,2.9158383641011167,37.4_-122.22
37.4,-122.22,140.5166931,754.4686279,244.5498352,91.40167236,33.87889862,65.34775543,199.6605072,643.0,96.0,7.73054409,9937.915039,0.524386048,12.0,27.04285714,3.3337339521252174,37.4_-122.22
37.4,-122.22,140.5166931,754.4686279,244.5498352,91.40167236,33.87889862,65.34775543,199.6605072,643.0,96.0,7.73054409,9937.915039,0.524386048,12.0,28.02857143,3.368280566698226,37.4_-122.22
37.4,-122.22,140.5166931,754.4686279,244.5498352,91.40167236,33.87889862,65.34775543,199.6605072,643.0,96.0,7.73054409,9937.915039,0.524386048,12.0,32.55,3.5130368634176907,37.4_-122.22
45.57,-84.75,66.5,764.5134277,244.4671173,27.50167274,75.41207123,54.64402771,200.0,1101.0,216.5,0.317005605,6966.70752,0.233245909,4.0,1.7534,1.0128365116467057,45.57_-84.75
45.57,-84.75,66.5,764.5134277,244.4671173,27.50167274,75.41207123,54.64402771,200.0,1101.0,216.5,0.317005605,6966.70752,0.233245909,4.0,1.7872,1.0250375076760465,45.57_-84.75
45.57,-84.75,66.5,764.5134277,244.4671173,27.50167274,75.41207123,54.64402771,200.0,1101.0,216.5,0.317005605,6966.70752,0.233245909,4.0,1.9149,1.0698355138966906,45.57_-84.75
45.57,-84.75,66.5,764.5134277,244.4671173,27.50167274,75.41207123,54.64402771,200.0,1101.0,216.5,0.317005605,6966.70752,0.233245909,4.0,1.9155,1.0700413316800736,45.57_-84.75
45.57,-84.75,66.5,764.5134277,244.4671173,27.50167274,75.41207123,54.64402771,200.0,1101.0,216.5,0.317005605,6966.70752,0.233245909,4.0,4.6857,1.7379542506691081,45.57_-84.75
45.57,-84.75,66.5,764.5134277,244.4671173,27.50167274,75.41207123,54.64402771,200.0,1101.0,216.5,0.317005605,6966.70752,0.233245909,4.0,4.7234,1.7445630343970802,45.57_-84.75
45.57,-84.75,66.5,764.5134277,244.4671173,27.50167274,75.41207123,54.64402771,200.0,1101.0,216.5,0.317005605,6966.70752,0.233245909,4.0,8.2662,2.2263733710481586,45.57_-84.75
45.57,-84.75,66.5,764.5134277,244.4671173,27.50167274,75.41207123,54.64402771,200.0,1101.0,216.5,0.317005605,6966.70752,0.233245909,4.0,8.3617,2.2366268979294954,45.57_-84.75
35.58,104.6,74.5838623,400.9274597,242.6171112,82.70331573,17.86425781,80.85980988,200.0,558.0,2018.0,6.365461349,2527.0,0.755427361,10.0,2.833333333,1.3437347466141383,35.58_104.6
35.58,104.6,74.5838623,400.9274597,242.6171112,82.70331573,17.86425781,80.85980988,200.0,558.0,2018.0,6.365461349,2527.0,0.755427361,10.0,2.841269841,1.3458029996949057,35.58_104.6
35.58,104.6,74.5838623,400.9274597,242.6171112,82.70331573,17.86425781,80.85980988,200.0,558.0,2018.0,6.365461349,2527.0,0.755427361,10.0,3.349206349,1.4699933799490923,35.58_104.6
35.58,104.6,74.5838623,400.9274597,242.6171112,82.70331573,17.86425781,80.85980988,200.0,558.0,2018.0,6.365461349,2527.0,0.755427361,10.0,3.349206349,1.4699933799490923,35.58_104.6
35.58,104.6,74.5838623,400.9274597,242.6171112,82.70331573,17.86425781,80.85980988,200.0,558.0,2018.0,6.365461349,2527.0,0.755427361,10.0,3.706349206,1.5489124919720485,35.58_104.6
35.58,104.6,74.5838623,400.9274597,242.6171112,82.70331573,17.86425781,80.85980988,200.0,558.0,2018.0,6.365461349,2527.0,0.755427361,10.0,4.26984127,1.6620002425550764,35.58_104.6
35.58,104.6,74.5838623,400.9274597,242.6171112,82.70331573,17.86425781,80.85980988,200.0,558.0,2018.0,6.365461349,2527.0,0.755427361,10.0,4.380952381,1.6828653809977672,35.58_104.6
35.58,104.6,74.5838623,400.9274597,242.6171112,82.70331573,17.86425781,80.85980988,200.0,558.0,2018.0,6.365461349,2527.0,0.755427361,10.0,4.873015873,1.7703682792440347,35.58_104.6
35.58,104.6,74.5838623,400.9274597,242.6171112,82.70331573,17.86425781,80.85980988,200.0,558.0,2018.0,6.365461349,2527.0,0.755427361,10.0,4.976190476,1.7877833208165432,35.58_104.6
35.58,104.6,74.5838623,400.9274597,242.6171112,82.70331573,17.86425781,80.85980988,200.0,558.0,2018.0,6.365461349,2527.0,0.755427361,10.0,5.404761905,1.8570417613556456,35.58_104.6
35.58,104.6,74.5838623,400.9274597,242.6171112,82.70331573,17.86425781,80.85980988,200.0,558.0,2018.0,6.365461349,2527.0,0.755427361,10.0,5.841269841,1.922973363672772,35.58_104.6
35.58,104.6,74.5838623,400.9274597,242.6171112,82.70331573,17.86425781,80.85980988,200.0,558.0,2018.0,6.365461349,2527.0,0.755427361,10.0,7.349206349,2.122166486321462,35.58_104.6
42.4,-85.37,92.48355103,932.4348755,271.5,27.29668045,34.30491257,61.92737961,200.0,1207.0,286.0,0.361988068,6249.830566,0.450100183,4.0,0.197388535,0.18014296455096485,42.4_-85.37
42.4,-85.37,92.48355103,932.4348755,271.5,27.29668045,34.30491257,61.92737961,200.0,1207.0,286.0,0.361988068,6249.830566,0.450100183,4.0,0.204840764,0.18634741215246742,42.4_-85.37
42.4,-85.37,92.48355103,932.4348755,271.5,27.29668045,34.30491257,61.92737961,200.0,1207.0,286.0,0.361988068,6249.830566,0.450100183,4.0,0.271910828,0.24052035868696112,42.4_-85.37
42.4,-85.37,92.48355103,932.4348755,271.5,27.29668045,34.30491257,61.92737961,200.0,1207.0,286.0,0.361988068,6249.830566,0.450100183,4.0,0.404140127,0.33942510617893185,42.4_-85.37
42.4,-85.37,92.48355103,932.4348755,271.5,27.29668045,34.30491257,61.92737961,200.0,1207.0,286.0,0.361988068,6249.830566,0.450100183,4.0,0.428343949,0.3565156955593823,42.4_-85.37
42.4,-85.37,92.48355103,932.4348755,271.5,27.29668045,34.30491257,61.92737961,200.0,1207.0,286.0,0.361988068,6249.830566,0.450100183,4.0,0.43388535,0.3603877877956671,42.4_-85.37
42.4,-85.37,92.48355103,932.4348755,271.5,27.29668045,34.30491257,61.92737961,200.0,1207.0,286.0,0.361988068,6249.830566,0.450100183,4.0,0.482356688,0.3936331780770147,42.4_-85.37
42.4,-85.37,92.48355103,932.4348755,271.5,27.29668045,34.30491257,61.92737961,200.0,1207.0,286.0,0.361988068,6249.830566,0.450100183,4.0,0.510254777,0.41227836308418586,42.4_-85.37
42.4,-85.37,92.48355103,932.4348755,271.5,27.29668045,34.30491257,61.92737961,200.0,1207.0,286.0,0.361988068,6249.830566,0.450100183,4.0,0.569872611,0.4509944765777843,42.4_-85.37
42.4,-85.37,92.48355103,932.4348755,271.5,27.29668045,34.30491257,61.92737961,200.0,1207.0,286.0,0.361988068,6249.830566,0.450100183,4.0,0.825031847,0.6015974372931571,42.4_-85.37
42.4,-85.37,92.48355103,932.4348755,271.5,27.29668045,34.30491257,61.92737961,200.0,1207.0,286.0,0.361988068,6249.830566,0.450100183,4.0,1.143503185,0.7624414929423579,42.4_-85.37
42.4,-85.37,92.48355103,932.4348755,271.5,27.29668045,34.30491257,61.92737961,200.0,1207.0,286.0,0.361988068,6249.830566,0.450100183,4.0,1.370700637,0.8631855388840229,42.4_-85.37
47.1,125.92,29.5,542.1204224,260.516449,119.0966721,46.99856949,72.89875031,200.0,617.0,257.5,0.372526288,2701.756104,0.757396519,4.0,4.369911504,1.6808114286829332,47.1_125.92
47.1,125.92,29.5,542.1204224,260.516449,119.0966721,46.99856949,72.89875031,200.0,617.0,257.5,0.372526288,2701.756104,0.757396519,4.0,5.599557522,1.8870026046637443,47.1_125.92
47.1,125.92,29.5,542.1204224,260.516449,119.0966721,46.99856949,72.89875031,200.0,617.0,257.5,0.372526288,2701.756104,0.757396519,4.0,6.219646018,1.9768059237249849,47.1_125.92
47.1,125.92,29.5,542.1204224,260.516449,119.0966721,46.99856949,72.89875031,200.0,617.0,257.5,0.372526288,2701.756104,0.757396519,4.0,6.417079646,2.003785401000662,47.1_125.92
47.1,125.92,29.5,542.1204224,260.516449,119.0966721,46.99856949,72.89875031,200.0,617.0,257.5,0.372526288,2701.756104,0.757396519,4.0,7.181858407,2.10191931393092,47.1_125.92
47.1,125.92,29.5,542.1204224,260.516449,119.0966721,46.99856949,72.89875031,200.0,617.0,257.5,0.372526288,2701.756104,0.757396519,4.0,10.06185841,2.4035030118160083,47.1_125.92
47.1,125.92,29.5,542.1204224,260.516449,119.0966721,46.99856949,72.89875031,200.0,617.0,257.5,0.372526288,2701.756104,0.757396519,4.0,10.40424779,2.4339858991553016,47.1_125.92
47.1,125.92,29.5,542.1204224,260.516449,119.0966721,46.99856949,72.89875031,200.0,617.0,257.5,0.372526288,2701.756104,0.757396519,4.0,11.45061947,2.5217703782994025,47.1_125.92
47.1,125.92,29.5,542.1204224,260.516449,119.0966721,46.99856949,72.89875031,200.0,617.0,257.5,0.372526288,2701.756104,0.757396519,4.0,11.59061947,2.5329520501817924,47.1_125.92
47.1,125.92,29.5,542.1204224,260.516449,119.0966721,46.99856949,72.89875031,200.0,617.0,257.5,0.372526288,2701.756104,0.757396519,4.0,12.91858407,2.6332249306233386,47.1_125.92
47.1,125.92,29.5,542.1204224,260.516449,119.0966721,46.99856949,72.89875031,200.0,617.0,257.5,0.372526288,2701.756104,0.757396519,4.0,13.73831858,2.6904508083413337,47.1_125.92
47.1,125.92,29.5,542.1204224,260.516449,119.0966721,46.99856949,72.89875031,200.0,617.0,257.5,0.372526288,2701.756104,0.757396519,4.0,14.10902655,2.7152923499869495,47.1_125.92
47.1,125.92,29.5,542.1204224,260.516449,119.0966721,46.99856949,72.89875031,200.0,617.0,257.5,0.372526288,2701.756104,0.757396519,4.0,14.20849558,2.721854191451613,47.1_125.92
47.1,125.92,29.5,542.1204224,260.516449,119.0966721,46.99856949,72.89875031,200.0,617.0,257.5,0.372526288,2701.756104,0.757396519,4.0,14.49256637,2.74036031985334,47.1_125.92
47.1,125.92,29.5,542.1204224,260.516449,119.0966721,46.99856949,72.89875031,200.0,617.0,257.5,0.372526288,2701.756104,0.757396519,4.0,14.95743363,2.7699247789666233,47.1_125.92
47.1,125.92,29.5,542.1204224,260.516449,119.0966721,46.99856949,72.89875031,200.0,617.0,257.5,0.372526288,2701.756104,0.757396519,4.0,16.51973451,2.8633279318546165,47.1_125.92
47.1,125.92,29.5,542.1204224,260.516449,119.0966721,46.99856949,72.89875031,200.0,617.0,257.5,0.372526288,2701.756104,0.757396519,4.0,19.3100885,3.011117733042179,47.1_125.92
47.1,125.92,29.5,542.1204224,260.516449,119.0966721,46.99856949,72.89875031,200.0,617.0,257.5,0.372526288,2701.756104,0.757396519,4.0,20.13424779,3.0508948426591047,47.1_125.92
47.1,125.92,29.5,542.1204224,260.516449,119.0966721,46.99856949,72.89875031,200.0,617.0,257.5,0.372526288,2701.756104,0.757396519,4.0,20.29035398,3.058254105352419,47.1_125.92
47.1,125.92,29.5,542.1204224,260.516449,119.0966721,46.99856949,72.89875031,200.0,617.0,257.5,0.372526288,2701.756104,0.757396519,4.0,20.45920354,3.066153622813915,47.1_125.92
47.1,125.92,29.5,542.1204224,260.516449,119.0966721,46.99856949,72.89875031,200.0,617.0,257.5,0.372526288,2701.756104,0.757396519,4.0,21.02734513,3.092284641977024,47.1_125.92
47.1,125.92,29.5,542.1204224,260.516449,119.0966721,46.99856949,72.89875031,200.0,617.0,257.5,0.372526288,2701.756104,0.757396519,4.0,21.84938053,3.1289240066882593,47.1_125.92
47.1,125.92,29.5,542.1204224,260.516449,119.0966721,46.99856949,72.89875031,200.0,617.0,257.5,0.372526288,2701.756104,0.757396519,4.0,23.56415929,3.201288441139174,47.1_125.92
47.1,125.92,29.5,542.1204224,260.516449,119.0966721,46.99856949,72.89875031,200.0,617.0,257.5,0.372526288,2701.756104,0.757396519,4.0,24.2359292,3.228268740988698,47.1_125.92
47.1,125.92,29.5,542.1204224,260.516449,119.0966721,46.99856949,72.89875031,200.0,617.0,257.5,0.372526288,2701.756104,0.757396519,4.0,24.42557522,3.2357555658674912,47.1_125.92
47.1,125.92,29.5,542.1204224,260.516449,119.0966721,46.99856949,72.89875031,200.0,617.0,257.5,0.372526288,2701.756104,0.757396519,4.0,28.08646018,3.370272779987716,47.1_125.92
47.1,125.92,29.5,542.1204224,260.516449,119.0966721,46.99856949,72.89875031,200.0,617.0,257.5,0.372526288,2701.756104,0.757396519,4.0,28.80292035,3.3946063870319847,47.1_125.92
47.1,125.92,29.5,542.1204224,260.516449,119.0966721,46.99856949,72.89875031,200.0,617.0,257.5,0.372526288,2701.756104,0.757396519,4.0,29.24,3.4091655513113324,47.1_125.92
47.1,125.92,29.5,542.1204224,260.516449,119.0966721,46.99856949,72.89875031,200.0,617.0,257.5,0.372526288,2701.756104,0.757396519,4.0,29.30469027,3.411302494925347,47.1_125.92
47.1,125.92,29.5,542.1204224,260.516449,119.0966721,46.99856949,72.89875031,200.0,617.0,257.5,0.372526288,2701.756104,0.757396519,4.0,29.56654867,3.419906230281515,47.1_125.92
47.1,125.92,29.5,542.1204224,260.516449,119.0966721,46.99856949,72.89875031,200.0,617.0,257.5,0.372526288,2701.756104,0.757396519,4.0,29.87123894,3.429824971819503,47.1_125.92
47.1,125.92,29.5,542.1204224,260.516449,119.0966721,46.99856949,72.89875031,200.0,617.0,257.5,0.372526288,2701.756104,0.757396519,4.0,30.27690265,3.4428798906336278,47.1_125.92
47.1,125.92,29.5,542.1204224,260.516449,119.0966721,46.99856949,72.89875031,200.0,617.0,257.5,0.372526288,2701.756104,0.757396519,4.0,31.13451327,3.4699306322949734,47.1_125.92
47.1,125.92,29.5,542.1204224,260.516449,119.0966721,46.99856949,72.89875031,200.0,617.0,257.5,0.372526288,2701.756104,0.757396519,4.0,33.07672566,3.52861461929368,47.1_125.92
47.1,125.92,29.5,542.1204224,260.516449,119.0966721,46.99856949,72.89875031,200.0,617.0,257.5,0.372526288,2701.756104,0.757396519,4.0,34.25663717,3.562653800044859,47.1_125.92
47.1,125.92,29.5,542.1204224,260.516449,119.0966721,46.99856949,72.89875031,200.0,617.0,257.5,0.372526288,2701.756104,0.757396519,4.0,34.96867257,3.582648353217841,47.1_125.92
47.1,125.92,29.5,542.1204224,260.516449,119.0966721,46.99856949,72.89875031,200.0,617.0,257.5,0.372526288,2701.756104,0.757396519,4.0,36.10973451,3.6138793209105637,47.1_125.92
47.1,125.92,29.5,542.1204224,260.516449,119.0966721,46.99856949,72.89875031,200.0,617.0,257.5,0.372526288,2701.756104,0.757396519,4.0,36.52964602,3.625131181181319,47.1_125.92
47.1,125.92,29.5,542.1204224,260.516449,119.0966721,46.99856949,72.89875031,200.0,617.0,257.5,0.372526288,2701.756104,0.757396519,4.0,37.86672566,3.6601385030858955,47.1_125.92
47.1,125.92,29.5,542.1204224,260.516449,119.0966721,46.99856949,72.89875031,200.0,617.0,257.5,0.372526288,2701.756104,0.757396519,4.0,39.04115044,3.6899076863019884,47.1_125.92
47.1,125.92,29.5,542.1204224,260.516449,119.0966721,46.99856949,72.89875031,200.0,617.0,257.5,0.372526288,2701.756104,0.757396519,4.0,39.07336283,3.6907118450098455,47.1_125.92
47.1,125.92,29.5,542.1204224,260.516449,119.0966721,46.99856949,72.89875031,200.0,617.0,257.5,0.372526288,2701.756104,0.757396519,4.0,39.75504425,3.70757961730218,47.1_125.92
47.1,125.92,29.5,542.1204224,260.516449,119.0966721,46.99856949,72.89875031,200.0,617.0,257.5,0.372526288,2701.756104,0.757396519,4.0,43.22380531,3.789263225774805,47.1_125.92
47.1,125.92,29.5,542.1204224,260.516449,119.0966721,46.99856949,72.89875031,200.0,617.0,257.5,0.372526288,2701.756104,0.757396519,4.0,43.82477876,3.802761083840422,47.1_125.92
47.1,125.92,29.5,542.1204224,260.516449,119.0966721,46.99856949,72.89875031,200.0,617.0,257.5,0.372526288,2701.756104,0.757396519,4.0,44.94415929,3.827426730602825,47.1_125.92
47.1,125.92,29.5,542.1204224,260.516449,119.0966721,46.99856949,72.89875031,200.0,617.0,257.5,0.372526288,2701.756104,0.757396519,4.0,45.11716814,3.8311852915208826,47.1_125.92
47.1,125.92,29.5,542.1204224,260.516449,119.0966721,46.99856949,72.89875031,200.0,617.0,257.5,0.372526288,2701.756104,0.757396519,4.0,45.86362832,3.847241859019444,47.1_125.92
47.1,125.92,29.5,542.1204224,260.516449,119.0966721,46.99856949,72.89875031,200.0,617.0,257.5,0.372526288,2701.756104,0.757396519,4.0,46.26575221,3.855785978486772,47.1_125.92
47.1,125.92,29.5,542.1204224,260.516449,119.0966721,46.99856949,72.89875031,200.0,617.0,257.5,0.372526288,2701.756104,0.757396519,4.0,46.78973451,3.8668108572283293,47.1_125.92
47.1,125.92,29.5,542.1204224,260.516449,119.0966721,46.99856949,72.89875031,200.0,617.0,257.5,0.372526288,2701.756104,0.757396519,4.0,50.56840708,3.9429092190847417,47.1_125.92
47.1,125.92,29.5,542.1204224,260.516449,119.0966721,46.99856949,72.89875031,200.0,617.0,257.5,0.372526288,2701.756104,0.757396519,4.0,50.90221239,3.9493614172016414,47.1_125.92
47.1,125.92,29.5,542.1204224,260.516449,119.0966721,46.99856949,72.89875031,200.0,617.0,257.5,0.372526288,2701.756104,0.757396519,4.0,51.09575221,3.9530834139575224,47.1_125.92
47.1,125.92,29.5,542.1204224,260.516449,119.0966721,46.99856949,72.89875031,200.0,617.0,257.5,0.372526288,2701.756104,0.757396519,4.0,51.66920354,3.9640309116798056,47.1_125.92
47.1,125.92,29.5,542.1204224,260.516449,119.0966721,46.99856949,72.89875031,200.0,617.0,257.5,0.372526288,2701.756104,0.757396519,4.0,52.09716814,3.9721235961289625,47.1_125.92
47.1,125.92,29.5,542.1204224,260.516449,119.0966721,46.99856949,72.89875031,200.0,617.0,257.5,0.372526288,2701.756104,0.757396519,4.0,52.11460177,3.9724518766984573,47.1_125.92
47.1,125.92,29.5,542.1204224,260.516449,119.0966721,46.99856949,72.89875031,200.0,617.0,257.5,0.372526288,2701.756104,0.757396519,4.0,58.64884956,4.088474861853328,47.1_125.92
47.1,125.92,29.5,542.1204224,260.516449,119.0966721,46.99856949,72.89875031,200.0,617.0,257.5,0.372526288,2701.756104,0.757396519,4.0,59.2239823,4.098070650060108,47.1_125.92
47.1,125.92,29.5,542.1204224,260.516449,119.0966721,46.99856949,72.89875031,200.0,617.0,257.5,0.372526288,2701.756104,0.757396519,4.0,63.02345133,4.159249443272933,47.1_125.92
47.1,125.92,29.5,542.1204224,260.516449,119.0966721,46.99856949,72.89875031,200.0,617.0,257.5,0.372526288,2701.756104,0.757396519,4.0,66.6279646,4.214021575022758,47.1_125.92
47.1,125.92,29.5,542.1204224,260.516449,119.0966721,46.99856949,72.89875031,200.0,617.0,257.5,0.372526288,2701.756104,0.757396519,4.0,68.7140708,4.244402174006197,47.1_125.92
47.1,125.92,29.5,542.1204224,260.516449,119.0966721,46.99856949,72.89875031,200.0,617.0,257.5,0.372526288,2701.756104,0.757396519,4.0,86.6639823,4.473511122888757,47.1_125.92
47.1,125.92,29.5,542.1204224,260.516449,119.0966721,46.99856949,72.89875031,200.0,617.0,257.5,0.372526288,2701.756104,0.757396519,4.0,96.22044248,4.57698100293384,47.1_125.92
47.1,125.92,29.5,542.1204224,260.516449,119.0966721,46.99856949,72.89875031,200.0,617.0,257.5,0.372526288,2701.756104,0.757396519,4.0,112.6809735,4.73339604726379,47.1_125.92
47.1,125.92,29.5,542.1204224,260.516449,119.0966721,46.99856949,72.89875031,200.0,617.0,257.5,0.372526288,2701.756104,0.757396519,4.0,119.2849558,4.78986355946642,47.1_125.92
47.1,125.92,29.5,542.1204224,260.516449,119.0966721,46.99856949,72.89875031,200.0,617.0,257.5,0.372526288,2701.756104,0.757396519,4.0,146.9448673,4.996839686118715,47.1_125.92
30.36,112.05,174.5,1232.14624,315.4831848,51.50164413,17.49608803,66.90054321,200.0,687.0,31.0,0.134805351,5140.128906,0.736710787,4.0,0.011985294,0.011914039139135421,30.36_112.05
30.36,112.05,174.5,1232.14624,315.4831848,51.50164413,17.49608803,66.90054321,200.0,687.0,31.0,0.134805351,5140.128906,0.736710787,4.0,0.021544118,0.02131532377021601,30.36_112.05
30.36,112.05,174.5,1232.14624,315.4831848,51.50164413,17.49608803,66.90054321,200.0,687.0,31.0,0.134805351,5140.128906,0.736710787,4.0,0.02625,0.025911381784500923,30.36_112.05
46.75,-114.13,83.46559143,387.0856628,288.4656067,25.20668602,32.48314285,65.82409668,200.0,692.0,996.5,8.719491005,4454.30957,0.352755874,5.0,7.361015625,2.1235799059617735,46.75_-114.13
46.75,-114.13,83.46559143,387.0856628,288.4656067,25.20668602,32.48314285,65.82409668,200.0,692.0,996.5,8.719491005,4454.30957,0.352755874,5.0,11.18148438,2.499917125135318,46.75_-114.13
46.75,-114.13,83.46559143,387.0856628,288.4656067,25.20668602,32.48314285,65.82409668,200.0,692.0,996.5,8.719491005,4454.30957,0.352755874,5.0,16.47304688,2.8606595153499255,46.75_-114.13
46.75,-114.13,83.46559143,387.0856628,288.4656067,25.20668602,32.48314285,65.82409668,200.0,692.0,996.5,8.719491005,4454.30957,0.352755874,5.0,19.02296875,2.9968800521041055,46.75_-114.13
46.75,-114.13,83.46559143,387.0856628,288.4656067,25.20668602,32.48314285,65.82409668,200.0,692.0,996.5,8.719491005,4454.30957,0.352755874,5.0,24.87875,3.253422168620784,46.75_-114.13
46.75,-114.13,83.46559143,387.0856628,288.4656067,25.20668602,32.48314285,65.82409668,200.0,692.0,996.5,8.719491005,4454.30957,0.352755874,5.0,26.71929688,3.322128808920638,46.75_-114.13
46.75,-114.13,83.46559143,387.0856628,288.4656067,25.20668602,32.48314285,65.82409668,200.0,692.0,996.5,8.719491005,4454.30957,0.352755874,5.0,32.96734375,3.5253995851204816,46.75_-114.13
46.75,-114.13,83.46559143,387.0856628,288.4656067,25.20668602,32.48314285,65.82409668,200.0,692.0,996.5,8.719491005,4454.30957,0.352755874,5.0,34.85132813,3.579380613221336,46.75_-114.13
46.75,-114.13,83.46559143,387.0856628,288.4656067,25.20668602,32.48314285,65.82409668,200.0,692.0,996.5,8.719491005,4454.30957,0.352755874,5.0,41.71539063,3.754559291592786,46.75_-114.13
46.75,-114.13,83.46559143,387.0856628,288.4656067,25.20668602,32.48314285,65.82409668,200.0,692.0,996.5,8.719491005,4454.30957,0.352755874,5.0,42.54765625,3.7738558843990955,46.75_-114.13
46.75,-114.13,83.46559143,387.0856628,288.4656067,25.20668602,32.48314285,65.82409668,200.0,692.0,996.5,8.719491005,4454.30957,0.352755874,5.0,49.84390625,3.928760277555339,46.75_-114.13
46.75,-114.13,83.46559143,387.0856628,288.4656067,25.20668602,32.48314285,65.82409668,200.0,692.0,996.5,8.719491005,4454.30957,0.352755874,5.0,50.534375,3.942249060734998,46.75_-114.13
46.75,-114.13,83.46559143,387.0856628,288.4656067,25.20668602,32.48314285,65.82409668,200.0,692.0,996.5,8.719491005,4454.30957,0.352755874,5.0,57.82960938,4.0746452890447005,46.75_-114.13
46.75,-114.13,83.46559143,387.0856628,288.4656067,25.20668602,32.48314285,65.82409668,200.0,692.0,996.5,8.719491005,4454.30957,0.352755874,5.0,58.66632813,4.088767843357666,46.75_-114.13
46.75,-114.13,83.46559143,387.0856628,288.4656067,25.20668602,32.48314285,65.82409668,200.0,692.0,996.5,8.719491005,4454.30957,0.352755874,5.0,66.2175,4.207933630293236,46.75_-114.13
36.86,115.01,145.5,521.003418,319.5,108.2983246,6.114937782,81.28369904,200.0,873.0,37.0,0.131052047,3155.010498,0.767929316,4.0,0.147647059,0.13771381073257105,36.86_115.01
36.86,115.01,145.5,521.003418,319.5,108.2983246,6.114937782,81.28369904,200.0,873.0,37.0,0.131052047,3155.010498,0.767929316,4.0,0.203823529,0.18550276554610284,36.86_115.01
36.86,115.01,145.5,521.003418,319.5,108.2983246,6.114937782,81.28369904,200.0,873.0,37.0,0.131052047,3155.010498,0.767929316,4.0,0.214117647,0.1940175965086963,36.86_115.01
36.86,115.01,145.5,521.003418,319.5,108.2983246,6.114937782,81.28369904,200.0,873.0,37.0,0.131052047,3155.010498,0.767929316,4.0,0.369117647,0.3141664790639501,36.86_115.01
36.86,115.01,145.5,521.003418,319.5,108.2983246,6.114937782,81.28369904,200.0,873.0,37.0,0.131052047,3155.010498,0.767929316,4.0,0.376470588,0.3195226781364995,36.86_115.01
36.86,115.01,145.5,521.003418,319.5,108.2983246,6.114937782,81.28369904,200.0,873.0,37.0,0.131052047,3155.010498,0.767929316,4.0,0.421764706,0.3518988507419228,36.86_115.01
36.86,115.01,145.5,521.003418,319.5,108.2983246,6.114937782,81.28369904,200.0,873.0,37.0,0.131052047,3155.010498,0.767929316,4.0,0.470955882,0.385912449327252,36.86_115.01
36.86,115.01,145.5,521.003418,319.5,108.2983246,6.114937782,81.28369904,200.0,873.0,37.0,0.131052047,3155.010498,0.767929316,4.0,0.494632353,0.4018802588741751,36.86_115.01
36.86,115.01,145.5,521.003418,319.5,108.2983246,6.114937782,81.28369904,200.0,873.0,37.0,0.131052047,3155.010498,0.767929316,4.0,0.499117647,0.40487669969655016,36.86_115.01
36.86,115.01,145.5,521.003418,319.5,108.2983246,6.114937782,81.28369904,200.0,873.0,37.0,0.131052047,3155.010498,0.767929316,4.0,0.546323529,0.43588019670631584,36.86_115.01
36.86,115.01,145.5,521.003418,319.5,108.2983246,6.114937782,81.28369904,200.0,873.0,37.0,0.131052047,3155.010498,0.767929316,4.0,0.568455882,0.45009162074264975,36.86_115.01
36.86,115.01,145.5,521.003418,319.5,108.2983246,6.114937782,81.28369904,200.0,873.0,37.0,0.131052047,3155.010498,0.767929316,4.0,0.576397059,0.4551419006937335,36.86_115.01
36.86,115.01,145.5,521.003418,319.5,108.2983246,6.114937782,81.28369904,200.0,873.0,37.0,0.131052047,3155.010498,0.767929316,4.0,0.583455882,0.45960972554117463,36.86_115.01
36.86,115.01,145.5,521.003418,319.5,108.2983246,6.114937782,81.28369904,200.0,873.0,37.0,0.131052047,3155.010498,0.767929316,4.0,0.625661765,0.485914972881998,36.86_115.01
36.86,115.01,145.5,521.003418,319.5,108.2983246,6.114937782,81.28369904,200.0,873.0,37.0,0.131052047,3155.010498,0.767929316,4.0,0.688897059,0.5240756880700999,36.86_115.01
36.86,115.01,145.5,521.003418,319.5,108.2983246,6.114937782,81.28369904,200.0,873.0,37.0,0.131052047,3155.010498,0.767929316,4.0,0.716102941,0.5400559881942457,36.86_115.01
36.86,115.01,145.5,521.003418,319.5,108.2983246,6.114937782,81.28369904,200.0,873.0,37.0,0.131052047,3155.010498,0.767929316,4.0,0.716102941,0.5400559881942457,36.86_115.01
36.86,115.01,145.5,521.003418,319.5,108.2983246,6.114937782,81.28369904,200.0,873.0,37.0,0.131052047,3155.010498,0.767929316,4.0,0.966544118,0.6762777474206799,36.86_115.01
36.86,115.01,145.5,521.003418,319.5,108.2983246,6.114937782,81.28369904,200.0,873.0,37.0,0.131052047,3155.010498,0.767929316,4.0,1.483235294,0.9095622640178707,36.86_115.01
36.86,115.01,145.5,521.003418,319.5,108.2983246,6.114937782,81.28369904,200.0,873.0,37.0,0.131052047,3155.010498,0.767929316,4.0,1.609411765,0.9591248185386643,36.86_115.01
36.86,115.01,145.5,521.003418,319.5,108.2983246,6.114937782,81.28369904,200.0,873.0,37.0,0.131052047,3155.010498,0.767929316,4.0,1.653676471,0.9759460260678585,36.86_115.01
36.86,115.01,145.5,521.003418,319.5,108.2983246,6.114937782,81.28369904,200.0,873.0,37.0,0.131052047,3155.010498,0.767929316,4.0,1.841764706,1.0444252345514986,36.86_115.01
36.86,115.01,145.5,521.003418,319.5,108.2983246,6.114937782,81.28369904,200.0,873.0,37.0,0.131052047,3155.010498,0.767929316,4.0,1.853014706,1.0483762267922105,36.86_115.01
36.86,115.01,145.5,521.003418,319.5,108.2983246,6.114937782,81.28369904,200.0,873.0,37.0,0.131052047,3155.010498,0.767929316,4.0,2.460367647,1.2413748397832074,36.86_115.01
43.92,116.52,23.49979591,349.4953003,256.4997864,106.5999985,22.69092751,79.03856659,199.658905,1122.0,1191.5,3.062427998,2214.961426,0.122720696,8.0,1.1075,0.7455024108938735,43.92_116.52
43.92,116.52,23.49979591,349.4953003,256.4997864,106.5999985,22.69092751,79.03856659,199.658905,1122.0,1191.5,3.062427998,2214.961426,0.122720696,8.0,1.19734375,0.7872492445224845,43.92_116.52
43.92,116.52,23.49979591,349.4953003,256.4997864,106.5999985,22.69092751,79.03856659,199.658905,1122.0,1191.5,3.062427998,2214.961426,0.122720696,8.0,1.361953125,0.8594888721083059,43.92_116.52
43.92,116.52,23.49979591,349.4953003,256.4997864,106.5999985,22.69092751,79.03856659,199.658905,1122.0,1191.5,3.062427998,2214.961426,0.122720696,8.0,1.61640625,0.9618017158805418,43.92_116.52
43.92,116.52,23.49979591,349.4953003,256.4997864,106.5999985,22.69092751,79.03856659,199.658905,1122.0,1191.5,3.062427998,2214.961426,0.122720696,8.0,1.73609375,1.0065312645241375,43.92_116.52
43.92,116.52,23.49979591,349.4953003,256.4997864,106.5999985,22.69092751,79.03856659,199.658905,1122.0,1191.5,3.062427998,2214.961426,0.122720696,8.0,1.75859375,1.0147210390147237,43.92_116.52
43.92,116.52,23.49979591,349.4953003,256.4997864,106.5999985,22.69092751,79.03856659,199.658905,1122.0,1191.5,3.062427998,2214.961426,0.122720696,8.0,1.955078125,1.0835250887488481,43.92_116.52
43.92,116.52,23.49979591,349.4953003,256.4997864,106.5999985,22.69092751,79.03856659,199.658905,1122.0,1191.5,3.062427998,2214.961426,0.122720696,8.0,2.1696875,1.1536330025881778,43.92_116.52
43.92,116.52,23.49979591,349.4953003,256.4997864,106.5999985,22.69092751,79.03856659,199.658905,1122.0,1191.5,3.062427998,2214.961426,0.122720696,8.0,2.215,1.1678273576895828,43.92_116.52
43.92,116.52,23.49979591,349.4953003,256.4997864,106.5999985,22.69092751,79.03856659,199.658905,1122.0,1191.5,3.062427998,2214.961426,0.122720696,8.0,2.252421875,1.1793999111314117,43.92_116.52
43.92,116.52,23.49979591,349.4953003,256.4997864,106.5999985,22.69092751,79.03856659,199.658905,1122.0,1191.5,3.062427998,2214.961426,0.122720696,8.0,2.330703125,1.2031834303522626,43.92_116.52
43.92,116.52,23.49979591,349.4953003,256.4997864,106.5999985,22.69092751,79.03856659,199.658905,1122.0,1191.5,3.062427998,2214.961426,0.122720696,8.0,2.334765625,1.2044023995366984,43.92_116.52
43.92,116.52,23.49979591,349.4953003,256.4997864,106.5999985,22.69092751,79.03856659,199.658905,1122.0,1191.5,3.062427998,2214.961426,0.122720696,8.0,2.384375,1.2191692512072183,43.92_116.52
43.92,116.52,23.49979591,349.4953003,256.4997864,106.5999985,22.69092751,79.03856659,199.658905,1122.0,1191.5,3.062427998,2214.961426,0.122720696,8.0,2.537734375,1.2634865151915902,43.92_116.52
43.92,116.52,23.49979591,349.4953003,256.4997864,106.5999985,22.69092751,79.03856659,199.658905,1122.0,1191.5,3.062427998,2214.961426,0.122720696,8.0,2.6296875,1.2891465564166917,43.92_116.52
43.92,116.52,23.49979591,349.4953003,256.4997864,106.5999985,22.69092751,79.03856659,199.658905,1122.0,1191.5,3.062427998,2214.961426,0.122720696,8.0,2.645078125,1.2933777987014354,43.92_116.52
43.92,116.52,23.49979591,349.4953003,256.4997864,106.5999985,22.69092751,79.03856659,199.658905,1122.0,1191.5,3.062427998,2214.961426,0.122720696,8.0,2.978359375,1.380869516974741,43.92_116.52
43.92,116.52,23.49979591,349.4953003,256.4997864,106.5999985,22.69092751,79.03856659,199.658905,1122.0,1191.5,3.062427998,2214.961426,0.122720696,8.0,3.053125,1.3994881885226718,43.92_116.52
43.92,116.52,23.49979591,349.4953003,256.4997864,106.5999985,22.69092751,79.03856659,199.658905,1122.0,1191.5,3.062427998,2214.961426,0.122720696,8.0,3.0590625,1.400952035619466,43.92_116.52
43.92,116.52,23.49979591,349.4953003,256.4997864,106.5999985,22.69092751,79.03856659,199.658905,1122.0,1191.5,3.062427998,2214.961426,0.122720696,8.0,3.074375,1.4047173606966668,43.92_116.52
43.92,116.52,23.49979591,349.4953003,256.4997864,106.5999985,22.69092751,79.03856659,199.658905,1122.0,1191.5,3.062427998,2214.961426,0.122720696,8.0,3.08265625,1.4067478182470488,43.92_116.52
43.92,116.52,23.49979591,349.4953003,256.4997864,106.5999985,22.69092751,79.03856659,199.658905,1122.0,1191.5,3.062427998,2214.961426,0.122720696,8.0,3.233828125,1.4431065778877699,43.92_116.52
43.92,116.52,23.49979591,349.4953003,256.4997864,106.5999985,22.69092751,79.03856659,199.658905,1122.0,1191.5,3.062427998,2214.961426,0.122720696,8.0,3.307578125,1.4603758262258753,43.92_116.52
43.92,116.52,23.49979591,349.4953003,256.4997864,106.5999985,22.69092751,79.03856659,199.658905,1122.0,1191.5,3.062427998,2214.961426,0.122720696,8.0,3.347109375,1.4695111127207174,43.92_116.52
43.92,116.52,23.49979591,349.4953003,256.4997864,106.5999985,22.69092751,79.03856659,199.658905,1122.0,1191.5,3.062427998,2214.961426,0.122720696,8.0,3.3734375,1.475549313161736,43.92_116.52
43.92,116.52,23.49979591,349.4953003,256.4997864,106.5999985,22.69092751,79.03856659,199.658905,1122.0,1191.5,3.062427998,2214.961426,0.122720696,8.0,3.407578125,1.4833253606007464,43.92_116.52
43.92,116.52,23.49979591,349.4953003,256.4997864,106.5999985,22.69092751,79.03856659,199.658905,1122.0,1191.5,3.062427998,2214.961426,0.122720696,8.0,3.51140625,1.506608912008201,43.92_116.52
43.92,116.52,23.49979591,349.4953003,256.4997864,106.5999985,22.69092751,79.03856659,199.658905,1122.0,1191.5,3.062427998,2214.961426,0.122720696,8.0,3.573828125,1.5203505183751165,43.92_116.52
43.92,116.52,23.49979591,349.4953003,256.4997864,106.5999985,22.69092751,79.03856659,199.658905,1122.0,1191.5,3.062427998,2214.961426,0.122720696,8.0,3.581328125,1.521988939713423,43.92_116.52
43.92,116.52,23.49979591,349.4953003,256.4997864,106.5999985,22.69092751,79.03856659,199.658905,1122.0,1191.5,3.062427998,2214.961426,0.122720696,8.0,3.9790625,1.605241620302691,43.92_116.52
43.92,116.52,23.49979591,349.4953003,256.4997864,106.5999985,22.69092751,79.03856659,199.658905,1122.0,1191.5,3.062427998,2214.961426,0.122720696,8.0,4.05734375,1.6208413948716867,43.92_116.52
43.92,116.52,23.49979591,349.4953003,256.4997864,106.5999985,22.69092751,79.03856659,199.658905,1122.0,1191.5,3.062427998,2214.961426,0.122720696,8.0,4.09515625,1.6282903335253582,43.92_116.52
43.92,116.52,23.49979591,349.4953003,256.4997864,106.5999985,22.69092751,79.03856659,199.658905,1122.0,1191.5,3.062427998,2214.961426,0.122720696,8.0,4.102734375,1.6297765480129551,43.92_116.52
43.92,116.52,23.49979591,349.4953003,256.4997864,106.5999985,22.69092751,79.03856659,199.658905,1122.0,1191.5,3.062427998,2214.961426,0.122720696,8.0,4.2915625,1.6661135708775228,43.92_116.52
43.92,116.52,23.49979591,349.4953003,256.4997864,106.5999985,22.69092751,79.03856659,199.658905,1122.0,1191.5,3.062427998,2214.961426,0.122720696,8.0,4.82046875,1.7613807997371884,43.92_116.52
43.92,116.52,23.49979591,349.4953003,256.4997864,106.5999985,22.69092751,79.03856659,199.658905,1122.0,1191.5,3.062427998,2214.961426,0.122720696,8.0,5.2209375,1.8279206188661155,43.92_116.52
43.43,-80.66,72.49971771,968.5177002,251.4997253,10.69999981,32.31678009,67.48583984,200.0,901.0,367.0,1.420561314,5499.788086,0.628686368,4.0,43.24324324,3.7897026646536056,43.43_-80.66
43.43,-80.66,72.49971771,968.5177002,251.4997253,10.69999981,32.31678009,67.48583984,200.0,901.0,367.0,1.420561314,5499.788086,0.628686368,4.0,61.03601351,4.127715079473957,43.43_-80.66
43.43,-80.66,72.49971771,968.5177002,251.4997253,10.69999981,32.31678009,67.48583984,200.0,901.0,367.0,1.420561314,5499.788086,0.628686368,4.0,83.55858108,4.437444561383352,43.43_-80.66
43.43,-80.66,72.49971771,968.5177002,251.4997253,10.69999981,32.31678009,67.48583984,200.0,901.0,367.0,1.420561314,5499.788086,0.628686368,4.0,88.28831081,4.491870581330242,43.43_-80.66
46.5,9.93,-39.43396378,1399.614746,107.56604,34.00502396,103.3695908,52.88618851,118.044281,832.0,2695.0,20.39844513,707.7104492,0.395460576,5.0,0.2667,0.23641509350744977,46.5_9.93
46.5,9.93,-39.43396378,1399.614746,107.56604,34.00502396,103.3695908,52.88618851,118.044281,832.0,2695.0,20.39844513,707.7104492,0.395460576,5.0,0.419,0.3499523981779056,46.5_9.93
46.5,9.93,-39.43396378,1399.614746,107.56604,34.00502396,103.3695908,52.88618851,118.044281,832.0,2695.0,20.39844513,707.7104492,0.395460576,5.0,8.3429,2.234616696553282,46.5_9.93
46.5,9.93,-39.43396378,1399.614746,107.56604,34.00502396,103.3695908,52.88618851,118.044281,832.0,2695.0,20.39844513,707.7104492,0.395460576,5.0,9.3714,2.339052017950706,46.5_9.93
46.5,9.93,-39.43396378,1399.614746,107.56604,34.00502396,103.3695908,52.88618851,118.044281,832.0,2695.0,20.39844513,707.7104492,0.395460576,5.0,11.7333,2.544220609139946,46.5_9.93
46.5,9.93,-39.43396378,1399.614746,107.56604,34.00502396,103.3695908,52.88618851,118.044281,832.0,2695.0,20.39844513,707.7104492,0.395460576,5.0,14.4762,2.7393033599907404,46.5_9.93
46.5,9.93,-39.43396378,1399.614746,107.56604,34.00502396,103.3695908,52.88618851,118.044281,832.0,2695.0,20.39844513,707.7104492,0.395460576,5.0,17.3333,2.9087190783808903,46.5_9.93
44.67,123.73,62.5,423.2033081,279.5,115.2016678,14.49410152,83.13171387,200.0,1028.0,149.0,0.131255388,2435.579346,0.613832235,8.0,1.610294118,0.9594629038745751,44.67_123.73
44.67,123.73,62.5,423.2033081,279.5,115.2016678,14.49410152,83.13171387,200.0,1028.0,149.0,0.131255388,2435.579346,0.613832235,8.0,1.691176471,0.9899784478183197,44.67_123.73
44.67,123.73,62.5,423.2033081,279.5,115.2016678,14.49410152,83.13171387,200.0,1028.0,149.0,0.131255388,2435.579346,0.613832235,8.0,1.801470588,1.0301444893066594,44.67_123.73
44.67,123.73,62.5,423.2033081,279.5,115.2016678,14.49410152,83.13171387,200.0,1028.0,149.0,0.131255388,2435.579346,0.613832235,8.0,1.911764706,1.0687593255588326,44.67_123.73
44.67,123.73,62.5,423.2033081,279.5,115.2016678,14.49410152,83.13171387,200.0,1028.0,149.0,0.131255388,2435.579346,0.613832235,8.0,1.985294118,1.0936982739839074,44.67_123.73
44.67,123.73,62.5,423.2033081,279.5,115.2016678,14.49410152,83.13171387,200.0,1028.0,149.0,0.131255388,2435.579346,0.613832235,8.0,2.022058824,1.1059383289159004,44.67_123.73
44.67,123.73,62.5,423.2033081,279.5,115.2016678,14.49410152,83.13171387,200.0,1028.0,149.0,0.131255388,2435.579346,0.613832235,8.0,2.066176471,1.120431336197042,44.67_123.73
44.67,123.73,62.5,423.2033081,279.5,115.2016678,14.49410152,83.13171387,200.0,1028.0,149.0,0.131255388,2435.579346,0.613832235,8.0,2.080882353,1.1252160342051787,44.67_123.73
44.67,123.73,62.5,423.2033081,279.5,115.2016678,14.49410152,83.13171387,200.0,1028.0,149.0,0.131255388,2435.579346,0.613832235,8.0,2.455882353,1.2400778089850735,44.67_123.73
44.67,123.73,62.5,423.2033081,279.5,115.2016678,14.49410152,83.13171387,200.0,1028.0,149.0,0.131255388,2435.579346,0.613832235,8.0,2.492647059,1.2506599183491154,44.67_123.73
44.67,123.73,62.5,423.2033081,279.5,115.2016678,14.49410152,83.13171387,200.0,1028.0,149.0,0.131255388,2435.579346,0.613832235,8.0,2.632352941,1.2898806314032876,44.67_123.73
44.67,123.73,62.5,423.2033081,279.5,115.2016678,14.49410152,83.13171387,200.0,1028.0,149.0,0.131255388,2435.579346,0.613832235,8.0,2.727941176,1.3158561177288983,44.67_123.73
44.67,123.73,62.5,423.2033081,279.5,115.2016678,14.49410152,83.13171387,200.0,1028.0,149.0,0.131255388,2435.579346,0.613832235,8.0,2.764705882,1.3256697392097057,44.67_123.73
44.67,123.73,62.5,423.2033081,279.5,115.2016678,14.49410152,83.13171387,200.0,1028.0,149.0,0.131255388,2435.579346,0.613832235,8.0,2.970588235,1.378914253748194,44.67_123.73
44.67,123.73,62.5,423.2033081,279.5,115.2016678,14.49410152,83.13171387,200.0,1028.0,149.0,0.131255388,2435.579346,0.613832235,8.0,3.058823529,1.400893160439594,44.67_123.73
44.67,123.73,62.5,423.2033081,279.5,115.2016678,14.49410152,83.13171387,200.0,1028.0,149.0,0.131255388,2435.579346,0.613832235,8.0,3.183823529,1.4312255482918608,44.67_123.73
44.67,123.73,62.5,423.2033081,279.5,115.2016678,14.49410152,83.13171387,200.0,1028.0,149.0,0.131255388,2435.579346,0.613832235,8.0,3.191176471,1.4329814751907894,44.67_123.73
44.67,123.73,62.5,423.2033081,279.5,115.2016678,14.49410152,83.13171387,200.0,1028.0,149.0,0.131255388,2435.579346,0.613832235,8.0,3.198529412,1.4347343239760002,44.67_123.73
44.67,123.73,62.5,423.2033081,279.5,115.2016678,14.49410152,83.13171387,200.0,1028.0,149.0,0.131255388,2435.579346,0.613832235,8.0,3.338235294,1.4674676511365945,44.67_123.73
44.67,123.73,62.5,423.2033081,279.5,115.2016678,14.49410152,83.13171387,200.0,1028.0,149.0,0.131255388,2435.579346,0.613832235,8.0,3.426470588,1.487602559519613,44.67_123.73
44.67,123.73,62.5,423.2033081,279.5,115.2016678,14.49410152,83.13171387,200.0,1028.0,149.0,0.131255388,2435.579346,0.613832235,8.0,3.639705882,1.5346509767290915,44.67_123.73
44.67,123.73,62.5,423.2033081,279.5,115.2016678,14.49410152,83.13171387,200.0,1028.0,149.0,0.131255388,2435.579346,0.613832235,8.0,3.647058824,1.5362345085120712,44.67_123.73
44.67,123.73,62.5,423.2033081,279.5,115.2016678,14.49410152,83.13171387,200.0,1028.0,149.0,0.131255388,2435.579346,0.613832235,8.0,4.75,1.749199854809259,44.67_123.73
44.67,123.73,62.5,423.2033081,279.5,115.2016678,14.49410152,83.13171387,200.0,1028.0,149.0,0.131255388,2435.579346,0.613832235,8.0,4.794117647,1.7568432041116748,44.67_123.73
44.67,123.73,62.5,423.2033081,279.5,115.2016678,14.49410152,83.13171387,200.0,1028.0,149.0,0.131255388,2435.579346,0.613832235,8.0,4.808823529,1.759378059654129,44.67_123.73
44.67,123.73,62.5,423.2033081,279.5,115.2016678,14.49410152,83.13171387,200.0,1028.0,149.0,0.131255388,2435.579346,0.613832235,8.0,4.830882353,1.763168335908884,44.67_123.73
44.67,123.73,62.5,423.2033081,279.5,115.2016678,14.49410152,83.13171387,200.0,1028.0,149.0,0.131255388,2435.579346,0.613832235,8.0,4.845588235,1.7656872288679655,44.67_123.73
44.67,123.73,62.5,423.2033081,279.5,115.2016678,14.49410152,83.13171387,200.0,1028.0,149.0,0.131255388,2435.579346,0.613832235,8.0,5.044117647,1.7990855093103955,44.67_123.73
44.67,123.73,62.5,423.2033081,279.5,115.2016678,14.49410152,83.13171387,200.0,1028.0,149.0,0.131255388,2435.579346,0.613832235,8.0,5.080882353,1.8051498092973128,44.67_123.73
44.67,123.73,62.5,423.2033081,279.5,115.2016678,14.49410152,83.13171387,200.0,1028.0,149.0,0.131255388,2435.579346,0.613832235,8.0,5.198529412,1.8243120723037631,44.67_123.73
44.67,123.73,62.5,423.2033081,279.5,115.2016678,14.49410152,83.13171387,200.0,1028.0,149.0,0.131255388,2435.579346,0.613832235,8.0,5.205882353,1.8254976088693837,44.67_123.73
44.67,123.73,62.5,423.2033081,279.5,115.2016678,14.49410152,83.13171387,200.0,1028.0,149.0,0.131255388,2435.579346,0.613832235,8.0,5.286764706,1.8384465832194217,44.67_123.73
44.67,123.73,62.5,423.2033081,279.5,115.2016678,14.49410152,83.13171387,200.0,1028.0,149.0,0.131255388,2435.579346,0.613832235,8.0,5.294117647,1.8396154903963444,44.67_123.73
44.67,123.73,62.5,423.2033081,279.5,115.2016678,14.49410152,83.13171387,200.0,1028.0,149.0,0.131255388,2435.579346,0.613832235,8.0,5.389705882,1.8546882394741042,44.67_123.73
44.67,123.73,62.5,423.2033081,279.5,115.2016678,14.49410152,83.13171387,200.0,1028.0,149.0,0.131255388,2435.579346,0.613832235,8.0,5.470588235,1.8672670216907457,44.67_123.73
44.67,123.73,62.5,423.2033081,279.5,115.2016678,14.49410152,83.13171387,200.0,1028.0,149.0,0.131255388,2435.579346,0.613832235,8.0,5.529411765,1.876316857301163,44.67_123.73
44.67,123.73,62.5,423.2033081,279.5,115.2016678,14.49410152,83.13171387,200.0,1028.0,149.0,0.131255388,2435.579346,0.613832235,8.0,5.573529412,1.8830508894732563,44.67_123.73
44.67,123.73,62.5,423.2033081,279.5,115.2016678,14.49410152,83.13171387,200.0,1028.0,149.0,0.131255388,2435.579346,0.613832235,8.0,5.595588235,1.886400976278151,44.67_123.73
44.67,123.73,62.5,423.2033081,279.5,115.2016678,14.49410152,83.13171387,200.0,1028.0,149.0,0.131255388,2435.579346,0.613832235,8.0,5.705882353,1.9029851043470514,44.67_123.73
44.67,123.73,62.5,423.2033081,279.5,115.2016678,14.49410152,83.13171387,200.0,1028.0,149.0,0.131255388,2435.579346,0.613832235,8.0,5.713235294,1.904080994841392,44.67_123.73
44.67,123.73,62.5,423.2033081,279.5,115.2016678,14.49410152,83.13171387,200.0,1028.0,149.0,0.131255388,2435.579346,0.613832235,8.0,5.919117647,1.9342882538408261,44.67_123.73
44.67,123.73,62.5,423.2033081,279.5,115.2016678,14.49410152,83.13171387,200.0,1028.0,149.0,0.131255388,2435.579346,0.613832235,8.0,6.044117647,1.9521928922264578,44.67_123.73
44.67,123.73,62.5,423.2033081,279.5,115.2016678,14.49410152,83.13171387,200.0,1028.0,149.0,0.131255388,2435.579346,0.613832235,8.0,6.198529412,1.9738767568271447,44.67_123.73
44.67,123.73,62.5,423.2033081,279.5,115.2016678,14.49410152,83.13171387,200.0,1028.0,149.0,0.131255388,2435.579346,0.613832235,8.0,8.279411765,2.227798157396802,44.67_123.73
43.64,-80.4,70.5,935.3922729,251.5,12.50002766,38.98334122,69.54708862,200.0,600.0,371.5,0.406936318,5323.117676,0.641671002,4.0,6.927843137,2.0703810108834055,43.64_-80.4
43.64,-80.4,70.5,935.3922729,251.5,12.50002766,38.98334122,69.54708862,200.0,600.0,371.5,0.406936318,5323.117676,0.641671002,4.0,7.939215686,2.1904478544643613,43.64_-80.4
43.64,-80.4,70.5,935.3922729,251.5,12.50002766,38.98334122,69.54708862,200.0,600.0,371.5,0.406936318,5323.117676,0.641671002,4.0,9.709084967,2.3710924435547853,43.64_-80.4
37.62,102.1,-88.56587982,1028.372681,98.48389435,92.99832916,100.9092941,68.14621735,117.5676498,761.0,4320.0,26.61243057,888.736084,0.059033755,10.0,0.140350877,0.1313360018918562,37.62_102.1
37.62,102.1,-88.56587982,1028.372681,98.48389435,92.99832916,100.9092941,68.14621735,117.5676498,761.0,4320.0,26.61243057,888.736084,0.059033755,10.0,1.175438596,0.7772302975446803,37.62_102.1
50.28,-107.76,43.5,375.6964417,256.4835815,62.70167542,26.09796715,70.83766937,200.0,646.0,739.0,0.544678688,4497.457031,0.561142743,8.0,0.003689655,0.0036828649199004996,50.28_-107.76
50.28,-107.76,43.5,375.6964417,256.4835815,62.70167542,26.09796715,70.83766937,200.0,646.0,739.0,0.544678688,4497.457031,0.561142743,8.0,0.004255172,0.004246144356016644,50.28_-107.76
50.28,-107.76,43.5,375.6964417,256.4835815,62.70167542,26.09796715,70.83766937,200.0,646.0,739.0,0.544678688,4497.457031,0.561142743,8.0,0.004648276,0.004637506126447982,50.28_-107.76
-4.5,104.03,257.4997253,2771.988281,313.4997253,50.60168839,47.21372604,48.93531036,200.0,451.0,173.5,1.102492332,11303.39844,0.253130674,1.0,5.180841121,1.821454365930011,-4.5_104.03
-4.5,104.03,257.4997253,2771.988281,313.4997253,50.60168839,47.21372604,48.93531036,200.0,451.0,173.5,1.102492332,11303.39844,0.253130674,1.0,5.36364486,1.8506013043929543,-4.5_104.03
-4.5,104.03,257.4997253,2771.988281,313.4997253,50.60168839,47.21372604,48.93531036,200.0,451.0,173.5,1.102492332,11303.39844,0.253130674,1.0,6.460747664,2.009655632249975,-4.5_104.03
-4.5,104.03,257.4997253,2771.988281,313.4997253,50.60168839,47.21372604,48.93531036,200.0,451.0,173.5,1.102492332,11303.39844,0.253130674,1.0,6.532803738,2.0192673148734643,-4.5_104.03
-4.5,104.03,257.4997253,2771.988281,313.4997253,50.60168839,47.21372604,48.93531036,200.0,451.0,173.5,1.102492332,11303.39844,0.253130674,1.0,6.64364486,2.0338745653301262,-4.5_104.03
-4.5,104.03,257.4997253,2771.988281,313.4997253,50.60168839,47.21372604,48.93531036,200.0,451.0,173.5,1.102492332,11303.39844,0.253130674,1.0,10.42261682,2.435595321586183,-4.5_104.03
-4.5,104.03,257.4997253,2771.988281,313.4997253,50.60168839,47.21372604,48.93531036,200.0,451.0,173.5,1.102492332,11303.39844,0.253130674,1.0,11.19261682,2.50083058985615,-4.5_104.03
-4.5,104.03,257.4997253,2771.988281,313.4997253,50.60168839,47.21372604,48.93531036,200.0,451.0,173.5,1.102492332,11303.39844,0.253130674,1.0,11.21495327,2.5026608790781535,-4.5_104.03
-4.5,104.03,257.4997253,2771.988281,313.4997253,50.60168839,47.21372604,48.93531036,200.0,451.0,173.5,1.102492332,11303.39844,0.253130674,1.0,17.55383178,2.920676332681409,-4.5_104.03
-4.5,104.03,257.4997253,2771.988281,313.4997253,50.60168839,47.21372604,48.93531036,200.0,451.0,173.5,1.102492332,11303.39844,0.253130674,1.0,20.54046729,3.0699333655504972,-4.5_104.03
-4.5,104.03,257.4997253,2771.988281,313.4997253,50.60168839,47.21372604,48.93531036,200.0,451.0,173.5,1.102492332,11303.39844,0.253130674,1.0,21.33280374,3.106056617307367,-4.5_104.03
44.0,78.5,108.4500885,291.8069153,305.4665833,41.80836487,15.26311588,79.23713684,200.0,611.0,811.0,1.942154288,621.6273804,0.070413977,8.0,0.230769231,0.2076393649657445,44.0_78.5
44.0,78.5,108.4500885,291.8069153,305.4665833,41.80836487,15.26311588,79.23713684,200.0,611.0,811.0,1.942154288,621.6273804,0.070413977,8.0,0.433566434,0.3601653491809399,44.0_78.5
44.0,78.5,108.4500885,291.8069153,305.4665833,41.80836487,15.26311588,79.23713684,200.0,611.0,811.0,1.942154288,621.6273804,0.070413977,8.0,0.538461538,0.4307829157924542,44.0_78.5
44.0,78.5,108.4500885,291.8069153,305.4665833,41.80836487,15.26311588,79.23713684,200.0,611.0,811.0,1.942154288,621.6273804,0.070413977,8.0,0.545454545,0.4353180709637279,44.0_78.5
44.0,78.5,108.4500885,291.8069153,305.4665833,41.80836487,15.26311588,79.23713684,200.0,611.0,811.0,1.942154288,621.6273804,0.070413977,8.0,0.573426573,0.4532557716734017,44.0_78.5
44.0,78.5,108.4500885,291.8069153,305.4665833,41.80836487,15.26311588,79.23713684,200.0,611.0,811.0,1.942154288,621.6273804,0.070413977,8.0,0.587412587,0.4621053869615835,44.0_78.5
44.0,78.5,108.4500885,291.8069153,305.4665833,41.80836487,15.26311588,79.23713684,200.0,611.0,811.0,1.942154288,621.6273804,0.070413977,8.0,0.692307692,0.526093095714961,44.0_78.5
44.0,78.5,108.4500885,291.8069153,305.4665833,41.80836487,15.26311588,79.23713684,200.0,611.0,811.0,1.942154288,621.6273804,0.070413977,8.0,0.734265734,0.5505841157518491,44.0_78.5
44.0,78.5,108.4500885,291.8069153,305.4665833,41.80836487,15.26311588,79.23713684,200.0,611.0,811.0,1.942154288,621.6273804,0.070413977,8.0,0.797202797,0.586231454522472,44.0_78.5
44.0,78.5,108.4500885,291.8069153,305.4665833,41.80836487,15.26311588,79.23713684,200.0,611.0,811.0,1.942154288,621.6273804,0.070413977,8.0,0.916083916,0.6502834760843673,44.0_78.5
44.0,78.5,108.4500885,291.8069153,305.4665833,41.80836487,15.26311588,79.23713684,200.0,611.0,811.0,1.942154288,621.6273804,0.070413977,8.0,0.958041958,0.6719449728879138,44.0_78.5
44.0,78.5,108.4500885,291.8069153,305.4665833,41.80836487,15.26311588,79.23713684,200.0,611.0,811.0,1.942154288,621.6273804,0.070413977,8.0,0.965034965,0.6755100390560449,44.0_78.5
44.0,78.5,108.4500885,291.8069153,305.4665833,41.80836487,15.26311588,79.23713684,200.0,611.0,811.0,1.942154288,621.6273804,0.070413977,8.0,1.006993007,0.6966375855031981,44.0_78.5
44.0,78.5,108.4500885,291.8069153,305.4665833,41.80836487,15.26311588,79.23713684,200.0,611.0,811.0,1.942154288,621.6273804,0.070413977,8.0,1.013986014,0.7001158498829831,44.0_78.5
44.0,78.5,108.4500885,291.8069153,305.4665833,41.80836487,15.26311588,79.23713684,200.0,611.0,811.0,1.942154288,621.6273804,0.070413977,8.0,1.622377622,0.9640813955665035,44.0_78.5
44.0,78.5,108.4500885,291.8069153,305.4665833,41.80836487,15.26311588,79.23713684,200.0,611.0,811.0,1.942154288,621.6273804,0.070413977,8.0,1.811188811,1.0336074582919497,44.0_78.5
44.0,78.5,108.4500885,291.8069153,305.4665833,41.80836487,15.26311588,79.23713684,200.0,611.0,811.0,1.942154288,621.6273804,0.070413977,8.0,1.972027972,1.0892445386550977,44.0_78.5
33.8,106.77,109.3814774,961.0076294,251.3980103,86.29664612,29.73708725,64.15632629,200.0,611.0,1364.0,18.5481987,4895.24707,0.279104799,4.0,65.50704,4.197307806720195,33.8_106.77
33.8,106.77,109.3814774,961.0076294,251.3980103,86.29664612,29.73708725,64.15632629,200.0,611.0,1364.0,18.5481987,4895.24707,0.279104799,4.0,66.51704,4.212380010464192,33.8_106.77
33.8,106.77,109.3814774,961.0076294,251.3980103,86.29664612,29.73708725,64.15632629,200.0,611.0,1364.0,18.5481987,4895.24707,0.279104799,4.0,75.31864,4.334917207274759,33.8_106.77
33.8,106.77,109.3814774,961.0076294,251.3980103,86.29664612,29.73708725,64.15632629,200.0,611.0,1364.0,18.5481987,4895.24707,0.279104799,4.0,76.32864,4.348064391501336,33.8_106.77
33.83,106.65,121.3981934,858.4703979,265.3981934,87.09829712,21.14490318,72.71598053,200.0,572.0,1210.0,12.35753345,4722.31543,0.404879749,4.0,66.22617188,4.20806263420827,33.83_106.65
33.83,106.65,121.3981934,858.4703979,265.3981934,87.09829712,21.14490318,72.71598053,200.0,572.0,1210.0,12.35753345,4722.31543,0.404879749,4.0,82.14867188,4.420630232931698,33.83_106.65
33.83,106.65,121.3981934,858.4703979,265.3981934,87.09829712,21.14490318,72.71598053,200.0,572.0,1210.0,12.35753345,4722.31543,0.404879749,4.0,92.85757813,4.541778507028893,33.83_106.65
33.83,106.65,121.3981934,858.4703979,265.3981934,87.09829712,21.14490318,72.71598053,200.0,572.0,1210.0,12.35753345,4722.31543,0.404879749,4.0,99.76203125,4.612761610570614,33.83_106.65
33.85,106.66,102.6680756,997.0963745,246.6680756,86.69499969,29.78302002,63.52923965,200.0,615.0,1517.5,17.69419479,4629.971191,0.375542223,4.0,55.95440945,4.042251113585979,33.85_106.66
33.85,106.66,102.6680756,997.0963745,246.6680756,86.69499969,29.78302002,63.52923965,200.0,615.0,1517.5,17.69419479,4629.971191,0.375542223,4.0,73.84850394,4.315466123224336,33.85_106.66
33.85,106.64,95.61509705,994.9798584,239.615097,86.7950058,33.45341873,64.87554169,199.0137634,631.0,1613.0,16.59312439,6014.302734,0.312983721,4.0,74.14833333,4.319463938042205,33.85_106.64
33.85,106.64,95.61509705,994.9798584,239.615097,86.7950058,33.45341873,64.87554169,199.0137634,631.0,1613.0,16.59312439,6014.302734,0.312983721,4.0,79.44460317,4.387568788155285,33.85_106.64
33.85,106.66,102.6680756,997.0963745,246.6680756,86.69499969,29.78302002,63.52923965,200.0,615.0,1517.5,17.69419479,4629.971191,0.375542223,4.0,86.20393701,4.468249479092988,33.85_106.66
33.85,106.64,95.61509705,994.9798584,239.615097,86.7950058,33.45341873,64.87554169,199.0137634,631.0,1613.0,16.59312439,6014.302734,0.312983721,4.0,90.03722222,4.5112684582692975,33.85_106.64
33.85,106.66,102.6680756,997.0963745,246.6680756,86.69499969,29.78302002,63.52923965,200.0,615.0,1517.5,17.69419479,4629.971191,0.375542223,4.0,91.74251969,4.529827047992551,33.85_106.66
33.85,106.64,95.61509705,994.9798584,239.615097,86.7950058,33.45341873,64.87554169,199.0137634,631.0,1613.0,16.59312439,6014.302734,0.312983721,4.0,97.91007937,4.594211148198096,33.85_106.64
33.87,106.66,73.05023193,1121.226685,217.0502319,86.39833069,52.53253174,63.29003906,193.9602203,633.0,1981.5,25.11501694,5691.974121,0.330092937,4.0,63.70806452,4.169885838561591,33.87_106.66
33.87,106.66,73.05023193,1121.226685,217.0502319,86.39833069,52.53253174,63.29003906,193.9602203,633.0,1981.5,25.11501694,5691.974121,0.330092937,4.0,77.81693548,4.367127891031311,33.87_106.66
33.87,106.66,73.05023193,1121.226685,217.0502319,86.39833069,52.53253174,63.29003906,193.9602203,633.0,1981.5,25.11501694,5691.974121,0.330092937,4.0,82.61685484,4.4262451126881635,33.87_106.66
33.87,106.66,73.05023193,1121.226685,217.0502319,86.39833069,52.53253174,63.29003906,193.9602203,633.0,1981.5,25.11501694,5691.974121,0.330092937,4.0,92.21669355,4.534926820995655,33.87_106.66
-2.7,35.2,202.4832306,611.1588745,269.5,72.39830017,27.49875259,79.41230774,200.0,627.0,1766.0,0.437510222,4570.572754,0.146113306,7.0,57.5,4.069026754237811,-2.7_35.2
-2.6,35.15,205.5,617.1509399,271.5,71.89997101,22.172575,75.78151703,200.0,674.0,1711.0,1.114006042,6200.096191,0.116749674,7.0,54.56896552,4.017624871318661,-2.6_35.15
-2.3,34.52,232.5,720.1153564,308.5167236,69.09832764,14.74463081,77.06393433,200.0,952.0,1301.5,0.452385426,8995.248047,0.043214198,7.0,23.02158273,3.1789527066542327,-2.3_34.52
-2.27,34.75,231.5167084,619.1965332,305.5164185,67.79666138,20.52286339,74.63324738,200.0,833.0,1360.5,0.768144071,7337.056152,0.043214198,7.0,23.5971223,3.2026294564208646,-2.27_34.75
-2.21,35.1,212.4832306,714.6687622,279.4667358,68.69501495,17.62700272,72.80191803,200.0,932.0,1606.0,1.341557622,7740.918457,0.043214198,7.0,27.13178295,3.336900003002955,-2.21_35.1
-2.08,35.1,208.4667358,760.5887451,276.4664612,65.1966629,17.3471756,70.48036957,200.0,965.0,1654.5,1.993073463,7836.87793,0.043214198,7.0,23.72093023,3.207650262544905,-2.08_35.1
-1.87,35.19,201.4667969,908.3902588,267.4667969,59.29669189,21.96698189,68.94583893,200.0,972.0,1702.0,0.780960977,9857.487305,0.099678867,7.0,9.236641221,2.325973560043987,-1.87_35.19
-1.79,35.25,191.4502563,1094.4729,257.4499817,57.29663467,22.13160133,67.01899719,200.0,958.0,1822.0,2.30906558,10405.25195,0.146928832,7.0,10.15625,2.4119998789799126,-1.79_35.25
46.75,-114.13,83.46559143,387.0856628,288.4656067,25.20668602,32.48314285,65.82409668,200.0,692.0,996.5,8.719491005,4454.30957,0.352755874,5.0,0.816328125,0.5968169494301166,46.75_-114.13
46.75,-114.13,83.46559143,387.0856628,288.4656067,25.20668602,32.48314285,65.82409668,200.0,692.0,996.5,8.719491005,4454.30957,0.352755874,5.0,1.398046875,0.8746546039538882,46.75_-114.13
46.75,-114.13,83.46559143,387.0856628,288.4656067,25.20668602,32.48314285,65.82409668,200.0,692.0,996.5,8.719491005,4454.30957,0.352755874,5.0,1.44953125,0.8958966797207678,46.75_-114.13
46.75,-114.13,83.46559143,387.0856628,288.4656067,25.20668602,32.48314285,65.82409668,200.0,692.0,996.5,8.719491005,4454.30957,0.352755874,5.0,1.755,1.0134174426048776,46.75_-114.13
46.75,-114.13,83.46559143,387.0856628,288.4656067,25.20668602,32.48314285,65.82409668,200.0,692.0,996.5,8.719491005,4454.30957,0.352755874,5.0,1.7884375,1.0254814031123334,46.75_-114.13
46.75,-114.13,83.46559143,387.0856628,288.4656067,25.20668602,32.48314285,65.82409668,200.0,692.0,996.5,8.719491005,4454.30957,0.352755874,5.0,1.94609375,1.0804801403446942,46.75_-114.13
46.75,-114.13,83.46559143,387.0856628,288.4656067,25.20668602,32.48314285,65.82409668,200.0,692.0,996.5,8.719491005,4454.30957,0.352755874,5.0,1.961953125,1.08584889026461,46.75_-114.13
46.75,-114.13,83.46559143,387.0856628,288.4656067,25.20668602,32.48314285,65.82409668,200.0,692.0,996.5,8.719491005,4454.30957,0.352755874,5.0,2.22375,1.1705452782134174,46.75_-114.13
46.75,-114.13,83.46559143,387.0856628,288.4656067,25.20668602,32.48314285,65.82409668,200.0,692.0,996.5,8.719491005,4454.30957,0.352755874,5.0,2.301640625,1.194419504020708,46.75_-114.13
46.75,-114.13,83.46559143,387.0856628,288.4656067,25.20668602,32.48314285,65.82409668,200.0,692.0,996.5,8.719491005,4454.30957,0.352755874,5.0,2.420546875,1.2298004432618368,46.75_-114.13
46.75,-114.13,83.46559143,387.0856628,288.4656067,25.20668602,32.48314285,65.82409668,200.0,692.0,996.5,8.719491005,4454.30957,0.352755874,5.0,2.54109375,1.2644356483511672,46.75_-114.13
46.75,-114.13,83.46559143,387.0856628,288.4656067,25.20668602,32.48314285,65.82409668,200.0,692.0,996.5,8.719491005,4454.30957,0.352755874,5.0,2.740859375,1.3193153644429596,46.75_-114.13
46.75,-114.13,83.46559143,387.0856628,288.4656067,25.20668602,32.48314285,65.82409668,200.0,692.0,996.5,8.719491005,4454.30957,0.352755874,5.0,2.849296875,1.3478905017506975,46.75_-114.13
46.75,-114.13,83.46559143,387.0856628,288.4656067,25.20668602,32.48314285,65.82409668,200.0,692.0,996.5,8.719491005,4454.30957,0.352755874,5.0,3.044453125,1.397346343595381,46.75_-114.13
46.75,-114.13,83.46559143,387.0856628,288.4656067,25.20668602,32.48314285,65.82409668,200.0,692.0,996.5,8.719491005,4454.30957,0.352755874,5.0,3.11828125,1.4154359039907534,46.75_-114.13
46.75,-114.13,83.46559143,387.0856628,288.4656067,25.20668602,32.48314285,65.82409668,200.0,692.0,996.5,8.719491005,4454.30957,0.352755874,5.0,3.28390625,1.454865268592548,46.75_-114.13
43.63,116.7,26.49971962,318.2250977,255.4832764,104.7983246,36.90354156,79.90888977,200.0,1063.0,1184.5,0.628689766,2206.57959,0.292899013,8.0,2.488161765,1.2493748825516018,43.63_116.7
43.63,116.7,26.49971962,318.2250977,255.4832764,104.7983246,36.90354156,79.90888977,200.0,1063.0,1184.5,0.628689766,2206.57959,0.292899013,8.0,2.668676471,1.2998309624172766,43.63_116.7
43.63,116.7,26.49971962,318.2250977,255.4832764,104.7983246,36.90354156,79.90888977,200.0,1063.0,1184.5,0.628689766,2206.57959,0.292899013,8.0,3.251323529,1.447230353043857,43.63_116.7
43.63,116.7,26.49971962,318.2250977,255.4832764,104.7983246,36.90354156,79.90888977,200.0,1063.0,1184.5,0.628689766,2206.57959,0.292899013,8.0,3.270441176,1.4517171418097223,43.63_116.7
43.63,116.7,26.49971962,318.2250977,255.4832764,104.7983246,36.90354156,79.90888977,200.0,1063.0,1184.5,0.628689766,2206.57959,0.292899013,8.0,4.068823529,1.6231087451142248,43.63_116.7
43.63,116.7,26.49971962,318.2250977,255.4832764,104.7983246,36.90354156,79.90888977,200.0,1063.0,1184.5,0.628689766,2206.57959,0.292899013,8.0,4.184779412,1.6457272972856518,43.63_116.7
43.63,116.7,26.49971962,318.2250977,255.4832764,104.7983246,36.90354156,79.90888977,200.0,1063.0,1184.5,0.628689766,2206.57959,0.292899013,8.0,4.225882353,1.6536236549812668,43.63_116.7
43.63,116.7,26.49971962,318.2250977,255.4832764,104.7983246,36.90354156,79.90888977,200.0,1063.0,1184.5,0.628689766,2206.57959,0.292899013,8.0,4.315367647,1.6706021809915073,43.63_116.7
43.63,116.7,26.49971962,318.2250977,255.4832764,104.7983246,36.90354156,79.90888977,200.0,1063.0,1184.5,0.628689766,2206.57959,0.292899013,8.0,4.655882353,1.732696127988973,43.63_116.7
43.63,116.7,26.49971962,318.2250977,255.4832764,104.7983246,36.90354156,79.90888977,200.0,1063.0,1184.5,0.628689766,2206.57959,0.292899013,8.0,4.708676471,1.7419872053815721,43.63_116.7
43.63,116.7,26.49971962,318.2250977,255.4832764,104.7983246,36.90354156,79.90888977,200.0,1063.0,1184.5,0.628689766,2206.57959,0.292899013,8.0,4.771838235,1.7529906147046181,43.63_116.7
43.63,116.7,26.49971962,318.2250977,255.4832764,104.7983246,36.90354156,79.90888977,200.0,1063.0,1184.5,0.628689766,2206.57959,0.292899013,8.0,4.996323529,1.791146536256347,43.63_116.7
43.63,116.7,26.49971962,318.2250977,255.4832764,104.7983246,36.90354156,79.90888977,200.0,1063.0,1184.5,0.628689766,2206.57959,0.292899013,8.0,6.010441176,1.947400634301538,43.63_116.7
43.63,116.7,26.49971962,318.2250977,255.4832764,104.7983246,36.90354156,79.90888977,200.0,1063.0,1184.5,0.628689766,2206.57959,0.292899013,8.0,6.516838235,2.0171456020755225,43.63_116.7
39.0,-123.08,146.4158325,1037.055786,325.4495239,89.09662628,25.38404846,57.35072327,198.2705231,782.0,329.0,8.208518982,11492.28223,0.230463341,12.0,2.058125,1.117801983061251,39.0_-123.08
39.0,-123.08,146.4158325,1037.055786,325.4495239,89.09662628,25.38404846,57.35072327,198.2705231,782.0,329.0,8.208518982,11492.28223,0.230463341,12.0,2.56125,1.270111606829981,39.0_-123.08
39.0,-123.08,146.4158325,1037.055786,325.4495239,89.09662628,25.38404846,57.35072327,198.2705231,782.0,329.0,8.208518982,11492.28223,0.230463341,12.0,2.979375,1.3811247717891528,39.0_-123.08
39.0,-123.08,146.4158325,1037.055786,325.4495239,89.09662628,25.38404846,57.35072327,198.2705231,782.0,329.0,8.208518982,11492.28223,0.230463341,12.0,3.724236111,1.5527058782461332,39.0_-123.08
39.0,-123.08,146.4158325,1037.055786,325.4495239,89.09662628,25.38404846,57.35072327,198.2705231,782.0,329.0,8.208518982,11492.28223,0.230463341,12.0,4.181597222,1.6451133527585895,39.0_-123.08
-33.67,-70.63,148.5167236,661.3796387,287.5167236,102.0033112,26.13463211,68.58694458,171.0161133,1220.0,654.5,0.395840138,6266.519043,0.710983098,4.0,2.86976378,1.3531934664190597,-33.67_-70.63
-33.67,-70.63,148.5167236,661.3796387,287.5167236,102.0033112,26.13463211,68.58694458,171.0161133,1220.0,654.5,0.395840138,6266.519043,0.710983098,4.0,3.94023622,1.597413147870361,-33.67_-70.63
33.66,-117.0,164.4181366,424.5691223,324.4509888,84.99665833,14.81742573,67.54839325,178.3041229,1202.0,671.5,2.13748455,3587.416992,0.266205698,12.0,0.85915493,0.6201220457723282,33.66_-117.0
33.66,-117.0,164.4181366,424.5691223,324.4509888,84.99665833,14.81742573,67.54839325,178.3041229,1202.0,671.5,2.13748455,3587.416992,0.266205698,12.0,1.077464789,0.7311482988673726,33.66_-117.0
33.66,-117.0,164.4181366,424.5691223,324.4509888,84.99665833,14.81742573,67.54839325,178.3041229,1202.0,671.5,2.13748455,3587.416992,0.266205698,12.0,5.063380282,1.8022674468775735,33.66_-117.0
33.66,-117.0,164.4181366,424.5691223,324.4509888,84.99665833,14.81742573,67.54839325,178.3041229,1202.0,671.5,2.13748455,3587.416992,0.266205698,12.0,8.042253521,2.201908426634627,33.66_-117.0
33.66,-117.0,164.4181366,424.5691223,324.4509888,84.99665833,14.81742573,67.54839325,178.3041229,1202.0,671.5,2.13748455,3587.416992,0.266205698,12.0,9.049295775,2.3075025599106143,33.66_-117.0
33.66,-117.0,164.4181366,424.5691223,324.4509888,84.99665833,14.81742573,67.54839325,178.3041229,1202.0,671.5,2.13748455,3587.416992,0.266205698,12.0,12.73239437,2.619757594233455,33.66_-117.0
33.66,-117.0,164.4181366,424.5691223,324.4509888,84.99665833,14.81742573,67.54839325,178.3041229,1202.0,671.5,2.13748455,3587.416992,0.266205698,12.0,13.64084507,2.683815230227892,33.66_-117.0
33.66,-117.0,164.4181366,424.5691223,324.4509888,84.99665833,14.81742573,67.54839325,178.3041229,1202.0,671.5,2.13748455,3587.416992,0.266205698,12.0,14.31690141,2.728956886022673,33.66_-117.0
47.45,8.68,94.48329163,1252.509644,227.4668121,19.49497986,55.13168716,59.9536972,200.0,800.0,542.0,2.417374372,9678.599609,0.777592897,4.0,0.154736842,0.14387247558948604,47.45_8.68
47.45,8.68,94.48329163,1252.509644,227.4668121,19.49497986,55.13168716,59.9536972,200.0,800.0,542.0,2.417374372,9678.599609,0.777592897,4.0,0.288721805,0.2536508783211555,47.45_8.68
47.45,8.68,94.48329163,1252.509644,227.4668121,19.49497986,55.13168716,59.9536972,200.0,800.0,542.0,2.417374372,9678.599609,0.777592897,4.0,0.29481203,0.2583655340369857,47.45_8.68
47.45,8.68,94.48329163,1252.509644,227.4668121,19.49497986,55.13168716,59.9536972,200.0,800.0,542.0,2.417374372,9678.599609,0.777592897,4.0,0.306917293,0.2676711526092148,47.45_8.68
47.45,8.68,94.48329163,1252.509644,227.4668121,19.49497986,55.13168716,59.9536972,200.0,800.0,542.0,2.417374372,9678.599609,0.777592897,4.0,0.690300752,0.5249064728653354,47.45_8.68
47.45,8.68,94.48329163,1252.509644,227.4668121,19.49497986,55.13168716,59.9536972,200.0,800.0,542.0,2.417374372,9678.599609,0.777592897,4.0,0.696240602,0.5284143916947033,47.45_8.68
47.45,8.68,94.48329163,1252.509644,227.4668121,19.49497986,55.13168716,59.9536972,200.0,800.0,542.0,2.417374372,9678.599609,0.777592897,4.0,1.413458647,0.8810608419339166,47.45_8.68
47.45,8.68,94.48329163,1252.509644,227.4668121,19.49497986,55.13168716,59.9536972,200.0,800.0,542.0,2.417374372,9678.599609,0.777592897,4.0,1.444360902,0.8937836989835226,47.45_8.68
47.45,8.68,94.48329163,1252.509644,227.4668121,19.49497986,55.13168716,59.9536972,200.0,800.0,542.0,2.417374372,9678.599609,0.777592897,4.0,1.651203008,0.975013502270085,47.45_8.68
47.45,8.68,94.48329163,1252.509644,227.4668121,19.49497986,55.13168716,59.9536972,200.0,800.0,542.0,2.417374372,9678.599609,0.777592897,4.0,1.949323308,1.0815757569198352,47.45_8.68
47.45,8.68,94.48329163,1252.509644,227.4668121,19.49497986,55.13168716,59.9536972,200.0,800.0,542.0,2.417374372,9678.599609,0.777592897,4.0,2.033909774,1.1098521421848737,47.45_8.68
47.45,8.68,94.48329163,1252.509644,227.4668121,19.49497986,55.13168716,59.9536972,200.0,800.0,542.0,2.417374372,9678.599609,0.777592897,4.0,2.10481203,1.132953175710763,47.45_8.68
47.45,8.68,94.48329163,1252.509644,227.4668121,19.49497986,55.13168716,59.9536972,200.0,800.0,542.0,2.417374372,9678.599609,0.777592897,4.0,2.296240602,1.1927826075625996,47.45_8.68
47.45,8.68,94.48329163,1252.509644,227.4668121,19.49497986,55.13168716,59.9536972,200.0,800.0,542.0,2.417374372,9678.599609,0.777592897,4.0,2.725263158,1.3151374957791335,47.45_8.68
47.45,8.68,94.48329163,1252.509644,227.4668121,19.49497986,55.13168716,59.9536972,200.0,800.0,542.0,2.417374372,9678.599609,0.777592897,4.0,2.770601504,1.3272345388657767,47.45_8.68
47.45,8.68,94.48329163,1252.509644,227.4668121,19.49497986,55.13168716,59.9536972,200.0,800.0,542.0,2.417374372,9678.599609,0.777592897,4.0,2.892255639,1.3589888453630121,47.45_8.68
47.45,8.68,94.48329163,1252.509644,227.4668121,19.49497986,55.13168716,59.9536972,200.0,800.0,542.0,2.417374372,9678.599609,0.777592897,4.0,3.201954887,1.4355498662871184,47.45_8.68
47.45,8.68,94.48329163,1252.509644,227.4668121,19.49497986,55.13168716,59.9536972,200.0,800.0,542.0,2.417374372,9678.599609,0.777592897,4.0,3.488270677,1.501467477676253,47.45_8.68
47.45,8.68,94.48329163,1252.509644,227.4668121,19.49497986,55.13168716,59.9536972,200.0,800.0,542.0,2.417374372,9678.599609,0.777592897,4.0,3.66481203,1.5400475398111824,47.45_8.68
47.45,8.68,94.48329163,1252.509644,227.4668121,19.49497986,55.13168716,59.9536972,200.0,800.0,542.0,2.417374372,9678.599609,0.777592897,4.0,4.130526316,1.6352082496315992,47.45_8.68
47.45,8.68,94.48329163,1252.509644,227.4668121,19.49497986,55.13168716,59.9536972,200.0,800.0,542.0,2.417374372,9678.599609,0.777592897,4.0,4.163684211,1.6416503191005927,47.45_8.68
47.45,8.68,94.48329163,1252.509644,227.4668121,19.49497986,55.13168716,59.9536972,200.0,800.0,542.0,2.417374372,9678.599609,0.777592897,4.0,4.595714286,1.722000998673486,47.45_8.68
47.45,8.68,94.48329163,1252.509644,227.4668121,19.49497986,55.13168716,59.9536972,200.0,800.0,542.0,2.417374372,9678.599609,0.777592897,4.0,5.824210526,1.9204766605341343,47.45_8.68
47.45,8.68,94.48329163,1252.509644,227.4668121,19.49497986,55.13168716,59.9536972,200.0,800.0,542.0,2.417374372,9678.599609,0.777592897,4.0,17.19315789,2.901045583289661,47.45_8.68
-13.95,34.52,247.5,943.7740479,299.5,127.9000092,14.49249363,61.72075272,198.1162109,1429.0,477.0,0.207210928,5003.066895,0.697533667,7.0,0.90070922,0.6422270902073153,-13.95_34.52
-13.95,34.52,247.5,943.7740479,299.5,127.9000092,14.49249363,61.72075272,198.1162109,1429.0,477.0,0.207210928,5003.066895,0.697533667,7.0,1.014184397,0.7002143477020518,-13.95_34.52
-13.95,34.52,247.5,943.7740479,299.5,127.9000092,14.49249363,61.72075272,198.1162109,1429.0,477.0,0.207210928,5003.066895,0.697533667,7.0,1.340425532,0.8503327641187213,-13.95_34.52
-13.95,34.52,247.5,943.7740479,299.5,127.9000092,14.49249363,61.72075272,198.1162109,1429.0,477.0,0.207210928,5003.066895,0.697533667,7.0,1.453900709,0.8976788845899606,-13.95_34.52
-13.95,34.52,247.5,943.7740479,299.5,127.9000092,14.49249363,61.72075272,198.1162109,1429.0,477.0,0.207210928,5003.066895,0.697533667,7.0,2.241134752,1.1759235005860582,-13.95_34.52
-13.95,34.52,247.5,943.7740479,299.5,127.9000092,14.49249363,61.72075272,198.1162109,1429.0,477.0,0.207210928,5003.066895,0.697533667,7.0,2.985815603,1.382741959556448,-13.95_34.52
-13.95,34.52,247.5,943.7740479,299.5,127.9000092,14.49249363,61.72075272,198.1162109,1429.0,477.0,0.207210928,5003.066895,0.697533667,7.0,3.624113475,1.5312846715101411,-13.95_34.52
-13.95,34.52,247.5,943.7740479,299.5,127.9000092,14.49249363,61.72075272,198.1162109,1429.0,477.0,0.207210928,5003.066895,0.697533667,7.0,4.0,1.6094379124341003,-13.95_34.52
-2.6,35.15,205.5,617.1509399,271.5,71.89997101,22.172575,75.78151703,200.0,674.0,1711.0,1.114006042,6200.096191,0.116749674,7.0,20.12206897,3.0503184166347364,-2.6_35.15
-2.6,35.15,205.5,617.1509399,271.5,71.89997101,22.172575,75.78151703,200.0,674.0,1711.0,1.114006042,6200.096191,0.116749674,7.0,21.28301724,3.1038248295885063,-2.6_35.15
-2.6,35.15,205.5,617.1509399,271.5,71.89997101,22.172575,75.78151703,200.0,674.0,1711.0,1.114006042,6200.096191,0.116749674,7.0,28.11939655,3.3714045002428845,-2.6_35.15
-2.6,35.15,205.5,617.1509399,271.5,71.89997101,22.172575,75.78151703,200.0,674.0,1711.0,1.114006042,6200.096191,0.116749674,7.0,34.18181034,3.5605291973373294,-2.6_35.15
-2.27,34.86,227.4667969,621.4338379,299.4667969,67.89833069,18.22385406,71.80335236,200.0,782.0,1427.5,1.311943889,8793.581055,0.043214198,7.0,28.17773723,3.373405994851389,-2.27_34.86
-2.27,34.86,227.4667969,621.4338379,299.4667969,67.89833069,18.22385406,71.80335236,200.0,782.0,1427.5,1.311943889,8793.581055,0.043214198,7.0,35.71364964,3.6031486107092827,-2.27_34.86
-2.27,34.86,227.4667969,621.4338379,299.4667969,67.89833069,18.22385406,71.80335236,200.0,782.0,1427.5,1.311943889,8793.581055,0.043214198,7.0,39.4270073,3.699498059146918,-2.27_34.86
-2.27,34.86,227.4667969,621.4338379,299.4667969,67.89833069,18.22385406,71.80335236,200.0,782.0,1427.5,1.311943889,8793.581055,0.043214198,7.0,43.57715328,3.797221469480949,-2.27_34.86
-1.79,35.25,191.4502563,1094.4729,257.4499817,57.29663467,22.13160133,67.01899719,200.0,958.0,1822.0,2.30906558,10405.25195,0.146928832,7.0,16.2484375,2.847721559664634,-1.79_35.25
-1.79,35.25,191.4502563,1094.4729,257.4499817,57.29663467,22.13160133,67.01899719,200.0,958.0,1822.0,2.30906558,10405.25195,0.146928832,7.0,16.83289063,2.881044540439737,-1.79_35.25
-1.79,35.25,191.4502563,1094.4729,257.4499817,57.29663467,22.13160133,67.01899719,200.0,958.0,1822.0,2.30906558,10405.25195,0.146928832,7.0,19.8721875,3.0384175311210226,-1.79_35.25
-1.79,35.25,191.4502563,1094.4729,257.4499817,57.29663467,22.13160133,67.01899719,200.0,958.0,1822.0,2.30906558,10405.25195,0.146928832,7.0,23.14523438,3.1840870264641437,-1.79_35.25
37.52,-1.47,171.6004181,291.8530273,271.566925,43.30164719,20.02217293,74.47782898,196.3696289,598.0,280.5,8.189198494,4216.108398,0.389782041,12.0,1.170137931,0.7747907282051582,37.52_-1.47
37.52,-1.47,171.6004181,291.8530273,271.566925,43.30164719,20.02217293,74.47782898,196.3696289,598.0,280.5,8.189198494,4216.108398,0.389782041,12.0,1.238965517,0.806013936426113,37.52_-1.47
37.52,-1.47,171.6004181,291.8530273,271.566925,43.30164719,20.02217293,74.47782898,196.3696289,598.0,280.5,8.189198494,4216.108398,0.389782041,12.0,1.307862069,0.8363215847283101,37.52_-1.47
37.52,-1.47,171.6004181,291.8530273,271.566925,43.30164719,20.02217293,74.47782898,196.3696289,598.0,280.5,8.189198494,4216.108398,0.389782041,12.0,1.566,0.9423482661934447,37.52_-1.47
37.52,-1.47,171.6004181,291.8530273,271.566925,43.30164719,20.02217293,74.47782898,196.3696289,598.0,280.5,8.189198494,4216.108398,0.389782041,12.0,1.877103448,1.0567840408225253,37.52_-1.47
37.52,-1.47,171.6004181,291.8530273,271.566925,43.30164719,20.02217293,74.47782898,196.3696289,598.0,280.5,8.189198494,4216.108398,0.389782041,12.0,2.208965517,1.1659486163548083,37.52_-1.47
38.21,-1.23,174.4333191,300.4674072,328.4335938,38.69835663,15.02703953,80.21140289,200.0,579.0,325.5,2.46622467,3468.757324,0.501264572,12.0,0.767762238,0.5697144744028715,38.21_-1.23
38.21,-1.23,174.4333191,300.4674072,328.4335938,38.69835663,15.02703953,80.21140289,200.0,579.0,325.5,2.46622467,3468.757324,0.501264572,12.0,0.974475524,0.6803028056181026,38.21_-1.23
38.21,-1.23,174.4333191,300.4674072,328.4335938,38.69835663,15.02703953,80.21140289,200.0,579.0,325.5,2.46622467,3468.757324,0.501264572,12.0,1.051608392,0.7186240669905881,38.21_-1.23
38.21,-1.23,174.4333191,300.4674072,328.4335938,38.69835663,15.02703953,80.21140289,200.0,579.0,325.5,2.46622467,3468.757324,0.501264572,12.0,1.116713287,0.7498645493482667,38.21_-1.23
38.21,-1.23,174.4333191,300.4674072,328.4335938,38.69835663,15.02703953,80.21140289,200.0,579.0,325.5,2.46622467,3468.757324,0.501264572,12.0,1.916503497,1.0703854662507815,38.21_-1.23
38.21,-1.23,174.4333191,300.4674072,328.4335938,38.69835663,15.02703953,80.21140289,200.0,579.0,325.5,2.46622467,3468.757324,0.501264572,12.0,2.555314685,1.2684435783249717,38.21_-1.23
21.63,72.2,269.48349,812.0080566,329.4499207,139.8050079,7.844038963,74.94348145,200.0,836.0,47.0,0.507988214,1976.410767,0.623341441,13.0,0.559935897,0.4446447287504933,21.63_72.2
21.63,72.2,269.48349,812.0080566,329.4499207,139.8050079,7.844038963,74.94348145,200.0,836.0,47.0,0.507988214,1976.410767,0.623341441,13.0,0.859230769,0.6201628371297341,21.63_72.2
21.63,72.2,269.48349,812.0080566,329.4499207,139.8050079,7.844038963,74.94348145,200.0,836.0,47.0,0.507988214,1976.410767,0.623341441,13.0,1.213205128,0.794441749046182,21.63_72.2
10.42,-84.02,243.5498657,3946.856201,291.5498657,30.10000038,89.78987885,49.87315369,200.0,697.0,99.5,2.522931576,9636.821289,0.288572341,1.0,0.98,0.6830968447064438,10.42_-84.02
10.42,-84.02,243.5498657,3946.856201,291.5498657,30.10000038,89.78987885,49.87315369,200.0,697.0,99.5,2.522931576,9636.821289,0.288572341,1.0,1.27,0.8197798314933114,10.42_-84.02
43.08,-89.0,87.48329163,935.7952881,274.5,38.90167618,68.13040161,61.22642517,200.0,179.0,273.5,0.55680418,5205.696289,0.621741235,8.0,2.06,1.1184149159642893,43.08_-89.0
43.08,-89.0,87.48329163,935.7952881,274.5,38.90167618,68.13040161,61.22642517,200.0,179.0,273.5,0.55680418,5205.696289,0.621741235,8.0,3.44,1.4906543764441333,43.08_-89.0
43.08,-89.0,87.48329163,935.7952881,274.5,38.90167618,68.13040161,61.22642517,200.0,179.0,273.5,0.55680418,5205.696289,0.621741235,8.0,5.38,1.8531680973566984,43.08_-89.0
31.91,-8.28,186.4832458,246.0166779,349.5,68.29333496,6.674467564,80.19622803,191.3649597,897.0,572.0,1.500304461,1766.800049,0.270249695,12.0,0.784313725,0.579033873517799,31.91_-8.28
31.91,-8.28,186.4832458,246.0166779,349.5,68.29333496,6.674467564,80.19622803,191.3649597,897.0,572.0,1.500304461,1766.800049,0.270249695,12.0,0.91503268,0.6497346877611506,31.91_-8.28
31.91,-8.28,186.4832458,246.0166779,349.5,68.29333496,6.674467564,80.19622803,191.3649597,897.0,572.0,1.500304461,1766.800049,0.270249695,12.0,1.568627451,0.9433716904844593,31.91_-8.28
31.91,-8.28,186.4832458,246.0166779,349.5,68.29333496,6.674467564,80.19622803,191.3649597,897.0,572.0,1.500304461,1766.800049,0.270249695,12.0,1.633986928,0.9684986405145453,31.91_-8.28
31.91,-8.28,186.4832458,246.0166779,349.5,68.29333496,6.674467564,80.19622803,191.3649597,897.0,572.0,1.500304461,1766.800049,0.270249695,12.0,2.156862745,1.1495787322290814,31.91_-8.28
31.91,-8.28,186.4832458,246.0166779,349.5,68.29333496,6.674467564,80.19622803,191.3649597,897.0,572.0,1.500304461,1766.800049,0.270249695,12.0,2.287581699,1.190152248601936,31.91_-8.28
16.94,-96.47,194.4668579,657.2005615,289.4997253,88.7933197,13.10058308,74.98682404,200.0,990.0,1625.0,0.444148779,4551.655273,0.646142185,2.0,2.436090226,1.2343342627993656,16.94_-96.47
16.94,-96.47,194.4668579,657.2005615,289.4997253,88.7933197,13.10058308,74.98682404,200.0,990.0,1625.0,0.444148779,4551.655273,0.646142185,2.0,2.443609023,1.2365200560212521,16.94_-96.47
16.94,-96.47,194.4668579,657.2005615,289.4997253,88.7933197,13.10058308,74.98682404,200.0,990.0,1625.0,0.444148779,4551.655273,0.646142185,2.0,2.706766917,1.3101600457418288,16.94_-96.47
43.0,-80.23,86.5,961.0910645,262.5331726,12.30331707,32.87205124,70.26033783,200.0,915.0,227.0,0.207210928,4743.789551,0.697559834,4.0,0.812,0.5944312076207876,43.0_-80.23
43.0,-80.23,86.5,961.0910645,262.5331726,12.30331707,32.87205124,70.26033783,200.0,915.0,227.0,0.207210928,4743.789551,0.697559834,4.0,0.8547,0.6177229579131042,43.0_-80.23
43.0,-80.23,86.5,961.0910645,262.5331726,12.30331707,32.87205124,70.26033783,200.0,915.0,227.0,0.207210928,4743.789551,0.697559834,4.0,2.3077,1.1962530838107168,43.0_-80.23
43.0,-80.23,86.5,961.0910645,262.5331726,12.30331707,32.87205124,70.26033783,200.0,915.0,227.0,0.207210928,4743.789551,0.697559834,4.0,2.906,1.3625138324544872,43.0_-80.23
43.0,-80.23,86.5,961.0910645,262.5331726,12.30331707,32.87205124,70.26033783,200.0,915.0,227.0,0.207210928,4743.789551,0.697559834,4.0,4.1453,1.638083676624008,43.0_-80.23
43.0,-80.23,86.5,961.0910645,262.5331726,12.30331707,32.87205124,70.26033783,200.0,915.0,227.0,0.207210928,4743.789551,0.697559834,4.0,10.6024,2.451211973263903,43.0_-80.23
43.0,-80.23,86.5,961.0910645,262.5331726,12.30331707,32.87205124,70.26033783,200.0,915.0,227.0,0.207210928,4743.789551,0.697559834,4.0,16.8675,2.882983420111997,43.0_-80.23
43.0,-80.23,86.5,961.0910645,262.5331726,12.30331707,32.87205124,70.26033783,200.0,915.0,227.0,0.207210928,4743.789551,0.697559834,4.0,17.019,2.891426756744677,43.0_-80.23
43.0,-80.23,86.5,961.0910645,262.5331726,12.30331707,32.87205124,70.26033783,200.0,915.0,227.0,0.207210928,4743.789551,0.697559834,4.0,19.5181,3.0213074234230177,43.0_-80.23
43.0,-80.23,86.5,961.0910645,262.5331726,12.30331707,32.87205124,70.26033783,200.0,915.0,227.0,0.207210928,4743.789551,0.697559834,4.0,23.3827,3.193873864434719,43.0_-80.23
43.0,-80.23,86.5,961.0910645,262.5331726,12.30331707,32.87205124,70.26033783,200.0,915.0,227.0,0.207210928,4743.789551,0.697559834,4.0,23.5307,3.199925394349176,43.0_-80.23
43.0,-80.23,86.5,961.0910645,262.5331726,12.30331707,32.87205124,70.26033783,200.0,915.0,227.0,0.207210928,4743.789551,0.697559834,4.0,24.0964,3.222724409556383,43.0_-80.23
43.0,-80.23,86.5,961.0910645,262.5331726,12.30331707,32.87205124,70.26033783,200.0,915.0,227.0,0.207210928,4743.789551,0.697559834,4.0,24.2169,3.2275144046629034,43.0_-80.23
43.0,-80.23,86.5,961.0910645,262.5331726,12.30331707,32.87205124,70.26033783,200.0,915.0,227.0,0.207210928,4743.789551,0.697559834,4.0,38.1928,3.6684930564569918,43.0_-80.23
43.0,-80.23,86.5,961.0910645,262.5331726,12.30331707,32.87205124,70.26033783,200.0,915.0,227.0,0.207210928,4743.789551,0.697559834,4.0,39.9577,3.7125398268109007,43.0_-80.23
43.0,-80.23,86.5,961.0910645,262.5331726,12.30331707,32.87205124,70.26033783,200.0,915.0,227.0,0.207210928,4743.789551,0.697559834,4.0,43.3735,3.7926424444073503,43.0_-80.23
43.0,-80.23,86.5,961.0910645,262.5331726,12.30331707,32.87205124,70.26033783,200.0,915.0,227.0,0.207210928,4743.789551,0.697559834,4.0,60.5285,4.119500482103219,43.0_-80.23
43.0,-80.23,86.5,961.0910645,262.5331726,12.30331707,32.87205124,70.26033783,200.0,915.0,227.0,0.207210928,4743.789551,0.697559834,4.0,64.5783,4.183244848543149,43.0_-80.23
